Unnamed: 0,Index,Date and Time,Speed (km/h),Distance traveled (km).1,Status,Position,Longitude,Latitude,Distance traveled (km),Distance_geopy
0,,2017-05-31 06:54:29,0,0,"ACC开,3D定位,天线正常","湖南省常德市武陵区东风路,距聪聪幼儿园 约117米,距德穗粮油批发部 约131米",111.722453,29.040181,0,
1,,2017-05-31 06:54:59,0,0,"ACC开,3D定位,天线正常","湖南省常德市武陵区东风路,距聪聪幼儿园 约116米,距德穗粮油批发部 约129米",111.72248799999998,29.040201,0,4.064855647548173
2,,2017-05-31 06:55:29,0,0,"ACC开,3D定位,天线正常","湖南省常德市武陵区东风路,距聪聪幼儿园 约119米,距德穗粮油批发部 约131米",111.722481,29.040229999999998,0,3.295680175390655
3,,2017-05-31 06:55:59,0,0,"ACC开,3D定位,天线正常","湖南省常德市武陵区东风路,距聪聪幼儿园 约120米,距德穗粮油批发部 约131米",111.72248,29.040238000000002,0,0.8948569968731847
4,,2017-05-31 06:56:29,0,0,"ACC开,3D定位,天线正常","湖南省常德市武陵区东风路,距聪聪幼儿园 约120米,距德穗粮油批发部 约132米",111.722473,29.04024,0,0.7159256032287918
5,,2017-05-31 06:56:59,0,0,"ACC开,3D定位,天线正常","湖南省常德市武陵区东风路,距聪聪幼儿园 约121米,距德穗粮油批发部 约132米",111.72246899999999,29.040242,0,0.4479633029682531
6,,2017-05-31 06:57:29,0,0,"ACC开,3D定位,天线正常","湖南省常德市武陵区东风路,距聪聪幼儿园 约121米,距德穗粮油批发部 约132米",111.72246499999999,29.040240999999998,0,0.4044478708583736
7,,2017-05-31 06:57:59,0,0,"ACC开,3D定位,天线正常","湖南省常德市武陵区东风路,距聪聪幼儿园 约121米,距德穗粮油批发部 约133米",111.72246299999999,29.040245000000002,0,0.48542041423602
8,,2017-05-31 06:58:29,0,0,"ACC开,3D定位,天线正常","湖南省常德市武陵区东风路,距聪聪幼儿园 约122米,距德穗粮油批发部 约133米",111.72245600000001,29.040246999999997,0,0.715925558175275
9,,2017-05-31 06:58:59,0,0,"ACC开,3D定位,天线正常","湖南省常德市武陵区东风路,距聪聪幼儿园 约122米,距德穗粮油批发部 约134米",111.72245500000001,29.04025,0,0.34746219492144137
10,,2017-05-31 06:59:29,0,0,"ACC开,3D定位,天线正常","湖南省常德市武陵区东风路,距聪聪幼儿园 约123米,距德穗粮油批发部 约134米",111.72245600000001,29.040255,0,0.5644107737035634
11,,2017-05-31 06:59:59,0,0,"ACC开,3D定位,天线正常","湖南省常德市武陵区东风路,距聪聪幼儿园 约123米,距德穗粮油批发部 约134米",111.72245600000001,29.040257,0,0.2223901679740523
12,,2017-05-31 07:00:29,0,0,"ACC开,3D定位,天线正常","湖南省常德市武陵区东风路,距聪聪幼儿园 约123米,距德穗粮油批发部 约134米",111.72245600000001,29.040259000000002,0,0.22239016726672825
13,,2017-05-31 07:00:59,0,0,"ACC开,3D定位,天线正常","湖南省常德市武陵区东风路,距聪聪幼儿园 约123米,距德穗粮油批发部 约134米",111.72245500000001,29.040260999999997,0,0.24271020105968186
14,,2017-05-31 07:01:29,0,0,"ACC开,3D定位,天线正常","湖南省常德市武陵区东风路,距聪聪幼儿园 约123米,距德穗粮油批发部 约134米",111.722454,29.040260999999997,0,0.09721550593758156
15,,2017-05-31 07:01:59,0,0,"ACC开,3D定位,天线正常","湖南省常德市武陵区东风路,距聪聪幼儿园 约123米,距德穗粮油批发部 约134米",111.722454,29.040260999999997,0,0.0
16,,2017-05-31 07:02:29,0,0,"ACC开,3D定位,天线正常","湖南省常德市武陵区东风路,距聪聪幼儿园 约123米,距德穗粮油批发部 约134米",111.72245600000001,29.040263,0,0.29539939839166385
17,,2017-05-31 07:02:59,0,0,"ACC开,3D定位,天线正常","湖南省常德市武陵区东风路,距聪聪幼儿园 约123米,距德穗粮油批发部 约134米",111.72246000000001,29.040266,0,0.512340498134183
18,,2017-05-31 07:03:29,0,0,"ACC开,3D定位,天线正常","湖南省常德市武陵区东风路,距聪聪幼儿园 约123米,距德穗粮油批发部 约134米",111.72246200000001,29.040263,0,0.38611207713849066
19,,2017-05-31 07:03:59,0,0,"ACC开,3D定位,天线正常","湖南省常德市武陵区东风路,距聪聪幼儿园 约123米,距德穗粮油批发部 约133米",111.722466,29.040265,0,0.4479632289815461
20,,2017-05-31 07:04:29,0,0,"ACC开,3D定位,天线正常","湖南省常德市武陵区东风路,距聪聪幼儿园 约123米,距德穗粮油批发部 约133米",111.722466,29.040267,0,0.2223901665594041
21,,2017-05-31 07:04:59,0,0,"ACC开,3D定位,天线正常","湖南省常德市武陵区东风路,距聪聪幼儿园 约121米,距德穗粮油批发部 约131米",111.72248300000001,29.040253999999997,0,2.19564833951653
22,,2017-05-31 07:05:29,0,0,"ACC开,3D定位,天线正常","湖南省常德市武陵区东风路,距聪聪幼儿园 约120米,距德穗粮油批发部 约131米",111.72248700000002,29.040251,0,0.5123405342724862
23,,2017-05-31 07:05:59,0,0,"ACC开,3D定位,天线正常","湖南省常德市武陵区东风路,距聪聪幼儿园 约121米,距德穗粮油批发部 约131米",111.722485,29.040259000000002,0,0.9105611511529472
24,,2017-05-31 07:06:29,0,0,"ACC开,3D定位,天线正常","湖南省常德市武陵区东风路,距聪聪幼儿园 约122米,距德穗粮油批发部 约132米",111.722479,29.040264,0,0.8058160062220528
25,,2017-05-31 07:06:59,0,0,"ACC开,3D定位,天线正常","湖南省常德市武陵区东风路,距聪聪幼儿园 约122米,距德穗粮油批发部 约132米",111.722477,29.040267,0,0.3861120766033602
26,,2017-05-31 07:07:29,0,0,"ACC开,3D定位,天线正常","湖南省常德市武陵区东风路,距聪聪幼儿园 约123米,距德穗粮油批发部 约133米",111.722476,29.040267999999998,0,0.14769969613339984
27,,2017-05-31 07:07:59,0,0,"ACC开,3D定位,天线正常","湖南省常德市武陵区东风路,距聪聪幼儿园 约123米,距德穗粮油批发部 约133米",111.72247,29.040271,0,0.6719448151539213
28,,2017-05-31 07:08:29,0,0,"ACC开,3D定位,天线正常","湖南省常德市武陵区东风路,距聪聪幼儿园 约123米,距德穗粮油批发部 约133米",111.72247,29.04027,0,0.11119508416385712
29,,2017-05-31 07:08:59,0,0,"ACC开,3D定位,天线正常","湖南省常德市武陵区东风路,距聪聪幼儿园 约123米,距德穗粮油批发部 约134米",111.72246499999999,29.040267,0,0.5895341001831441
30,,2017-05-31 07:09:29,0,0,"ACC开,3D定位,天线正常","湖南省常德市武陵区东风路,距聪聪幼儿园 约123米,距德穗粮油批发部 约134米",111.72246399999999,29.040266,0,0.14769969586714687
31,,2017-05-31 07:09:59,0,0,"ACC开,3D定位,天线正常","湖南省常德市武陵区东风路,距聪聪幼儿园 约123米,距德穗粮油批发部 约134米",111.72246399999999,29.040267,0,0.11119508345653303
32,,2017-05-31 07:10:29,0,0,"ACC开,3D定位,天线正常","湖南省常德市武陵区东风路,距聪聪幼儿园 约123米,距德穗粮油批发部 约134米",111.72246399999999,29.040267,0,0.0
33,,2017-05-31 07:10:59,0,0,"ACC开,3D定位,天线正常","湖南省常德市武陵区东风路,距聪聪幼儿园 约123米,距德穗粮油批发部 约134米",111.72246200000001,29.040267,0,0.1944310030438872
34,,2017-05-31 07:11:29,0,0,"ACC开,3D定位,天线正常","湖南省常德市武陵区东风路,距聪聪幼儿园 约123米,距德穗粮油批发部 约134米",111.72246100000001,29.040266,0,0.14769969668120286
35,,2017-05-31 07:11:59,0,0,"ACC开,3D定位,天线正常","湖南省常德市武陵区东风路,距聪聪幼儿园 约123米,距德穗粮油批发部 约134米",111.72246000000001,29.040266,0,0.09721550122721928
36,,2017-05-31 07:12:29,0,0,"ACC开,3D定位,天线正常","湖南省常德市武陵区东风路,距聪聪幼儿园 约123米,距德穗粮油批发部 约134米",111.72246000000001,29.040265,0,0.11119508310287099
37,,2017-05-31 07:12:59,0,0,"ACC开,3D定位,天线正常","湖南省常德市武陵区东风路,距聪聪幼儿园 约123米,距德穗粮油批发部 约134米",111.72246100000001,29.040265,0,0.09721550216929176
38,,2017-05-31 07:13:29,0,0,"ACC开,3D定位,天线正常","湖南省常德市武陵区东风路,距聪聪幼儿园 约123米,距德穗粮油批发部 约134米",111.72246200000001,29.040265,0,0.09721550340608867
39,,2017-05-31 07:14:59,0,0,"ACC开,3D定位,天线正常","湖南省常德市武陵区东风路,距聪聪幼儿园 约123米,距德穗粮油批发部 约134米",111.72246200000001,29.040266,0,0.11119508310287099
40,,2017-05-31 07:15:29,0,0,"ACC开,3D定位,天线正常","湖南省常德市武陵区东风路,距聪聪幼儿园 约123米,距德穗粮油批发部 约134米",111.72246200000001,29.040267,0,0.11119508345653303
41,,2017-05-31 07:15:59,0,0,"ACC开,3D定位,天线正常","湖南省常德市武陵区东风路,距聪聪幼儿园 约123米,距德穗粮油批发部 约134米",111.72246200000001,29.040267,0,0.0
42,,2017-05-31 07:16:29,0,0,"ACC开,3D定位,天线正常","湖南省常德市武陵区东风路,距聪聪幼儿园 约123米,距德穗粮油批发部 约134米",111.72246299999999,29.040267,0,0.0972155015219436
43,,2017-05-31 07:16:59,0,0,"ACC开,3D定位,天线正常","湖南省常德市武陵区东风路,距聪聪幼儿园 约123米,距德穗粮油批发部 约134米",111.72246299999999,29.040267,0,0.0
44,,2017-05-31 07:17:29,0,0,"ACC开,3D定位,天线正常","湖南省常德市武陵区东风路,距聪聪幼儿园 约123米,距德穗粮油批发部 约134米",111.72246399999999,29.040267,0,0.0972155015219436
45,,2017-05-31 07:17:59,0,0,"ACC开,3D定位,天线正常","湖南省常德市武陵区东风路,距聪聪幼儿园 约123米,距德穗粮油批发部 约134米",111.72246399999999,29.040266,0,0.11119508345653303
46,,2017-05-31 07:18:29,0,0,"ACC开,3D定位,天线正常","湖南省常德市武陵区东风路,距聪聪幼儿园 约123米,距德穗粮油批发部 约134米",111.72246299999999,29.040265,0,0.1476996970350193
47,,2017-05-31 07:18:59,0,0,"ACC开,3D定位,天线正常","湖南省常德市武陵区东风路,距聪聪幼儿园 约123米,距德穗粮油批发部 约134米",111.72246299999999,29.040264,0,0.11119508416385716
48,,2017-05-31 07:19:29,0,0,"ACC开,3D定位,天线正常","湖南省常德市武陵区东风路,距聪聪幼儿园 约123米,距德穗粮油批发部 约134米",111.72246299999999,29.040263,0,0.11119508381019512
49,,2017-05-31 07:19:59,0,0,"ACC开,3D定位,天线正常","湖南省常德市武陵区东风路,距聪聪幼儿园 约123米,距德穗粮油批发部 约133米",111.72246399999999,29.040262,0,0.14769969942773314
50,,2017-05-31 07:20:29,0,0,"ACC开,3D定位,天线正常","湖南省常德市武陵区东风路,距聪聪幼儿园 约123米,距德穗粮油批发部 约133米",111.72246399999999,29.040262,0,0.0
51,,2017-05-31 07:20:59,0,0,"ACC开,3D定位,天线正常","湖南省常德市武陵区东风路,距聪聪幼儿园 约123米,距德穗粮油批发部 约133米",111.72246399999999,29.040260999999997,0,0.11119508274920896
52,,2017-05-31 07:21:29,0,0,"ACC开,3D定位,天线正常","湖南省常德市武陵区东风路,距聪聪幼儿园 约122米,距德穗粮油批发部 约133米",111.722466,29.040259999999996,0,0.223981619595346
53,,2017-05-31 07:21:59,0,0,"ACC开,3D定位,天线正常","湖南省常德市武陵区东风路,距聪聪幼儿园 约122米,距德穗粮油批发部 约133米",111.722467,29.040259000000002,0,0.14769970020763196
54,,2017-05-31 07:22:29,0,0,"ACC开,3D定位,天线正常","湖南省常德市武陵区东风路,距聪聪幼儿园 约122米,距德穗粮油批发部 约133米",111.722466,29.040259000000002,0,0.09721550782172622
55,,2017-05-31 07:22:59,0,0,"ACC开,3D定位,天线正常","湖南省常德市武陵区东风路,距聪聪幼儿园 约122米,距德穗粮油批发部 约133米",111.72246499999999,29.040259000000002,0,0.0972155090585232
56,,2017-05-31 07:23:29,0,0,"ACC开,3D定位,天线正常","湖南省常德市武陵区东风路,距聪聪幼儿园 约123米,距德穗粮油批发部 约133米",111.72246299999999,29.040259000000002,0,0.19443101688024944
57,,2017-05-31 07:23:59,0,0,"ACC开,3D定位,天线正常","湖南省常德市武陵区东风路,距聪聪幼儿园 约123米,距德穗粮油批发部 约133米",111.72246200000001,29.040259999999996,0,0.1476997011092514
58,,2017-05-31 07:24:29,0,0,"ACC开,3D定位,天线正常","湖南省常德市武陵区东风路,距聪聪幼儿园 约125米,距德穗粮油批发部 约135米",111.722451,29.040274,0,1.8886411081082235
59,,2017-05-31 07:24:59,0,0,"ACC开,3D定位,天线正常","湖南省常德市武陵区东风路,距聪聪幼儿园 约125米,距德穗粮油批发部 约135米",111.722451,29.040274,0,0.0
60,,2017-05-31 07:25:29,0,0,"ACC开,3D定位,天线正常","湖南省常德市武陵区东风路,距聪聪幼儿园 约125米,距德穗粮油批发部 约135米",111.722451,29.040275,0,0.11119508345653303
61,,2017-05-31 07:25:59,0,0,"ACC开,3D定位,天线正常","湖南省常德市武陵区东风路,距聪聪幼儿园 约125米,距德穗粮油批发部 约135米",111.722451,29.040276000000002,0,0.1111950838101951
62,,2017-05-31 07:26:29,0,0,"ACC开,3D定位,天线正常","湖南省常德市武陵区东风路,距聪聪幼儿园 约125米,距德穗粮油批发部 约135米",111.722451,29.040276000000002,0,0.0
63,,2017-05-31 07:26:59,0,0,"ACC开,3D定位,天线正常","湖南省常德市武陵区东风路,距聪聪幼儿园 约125米,距德穗粮油批发部 约135米",111.722451,29.040276000000002,0,0.0
64,,2017-05-31 07:27:29,0,0,"ACC开,3D定位,天线正常","湖南省常德市武陵区东风路,距聪聪幼儿园 约125米,距德穗粮油批发部 约135米",111.722451,29.040276000000002,0,0.0
65,,2017-05-31 07:27:59,0,0,"ACC开,3D定位,天线正常","湖南省常德市武陵区东风路,距聪聪幼儿园 约125米,距德穗粮油批发部 约135米",111.72245,29.040278999999998,0,0.347462187617162
66,,2017-05-31 07:28:29,0,0,"ACC开,3D定位,天线正常","湖南省常德市武陵区东风路,距聪聪幼儿园 约125米,距德穗粮油批发部 约135米",111.722449,29.040278999999998,0,0.09721549021707064
67,,2017-05-31 07:28:59,0,0,"ACC开,3D定位,天线正常","湖南省常德市武陵区东风路,距聪聪幼儿园 约125米,距德穗粮油批发部 约135米",111.722449,29.040278999999998,0,0.0
68,,2017-05-31 07:29:29,0,0,"ACC开,3D定位,天线正常","湖南省常德市武陵区东风路,距聪聪幼儿园 约125米,距德穗粮油批发部 约135米",111.722448,29.040277000000003,0,0.2427101936656163
69,,2017-05-31 07:30:59,0,0,"ACC开,3D定位,天线正常","湖南省常德市武陵区东风路,距聪聪幼儿园 约125米,距德穗粮油批发部 约136米",111.722444,29.040278999999998,0,0.44796318390822665
70,,2017-05-31 07:31:29,0,0,"ACC开,3D定位,天线正常","湖南省常德市武陵区东风路,距聪聪幼儿园 约126米,距德穗粮油批发部 约136米",111.72243799999998,29.040276000000002,0,0.6719447773533419
71,,2017-05-31 07:31:59,0,0,"ACC开,3D定位,天线正常","湖南省常德市武陵区东风路,距聪聪幼儿园 约126米,距德穗粮油批发部 约136米",111.72243799999998,29.040276000000002,0,0.0
72,,2017-05-31 07:32:29,0,0,"ACC开,3D定位,天线正常","湖南省常德市武陵区东风路,距聪聪幼儿园 约126米,距德穗粮油批发部 约136米",111.72243799999998,29.040276000000002,0,0.0
73,,2017-05-31 07:32:59,0,0,"ACC开,3D定位,天线正常","湖南省常德市武陵区东风路,距聪聪幼儿园 约126米,距德穗粮油批发部 约137米",111.722434,29.040277000000003,0,0.4044477416007241
74,,2017-05-31 07:33:29,0,0,"ACC开,3D定位,天线正常","湖南省常德市武陵区东风路,距聪聪幼儿园 约126米,距德穗粮油批发部 约137米",111.72243600000002,29.040277000000003,0,0.19443098543922968
75,,2017-05-31 07:33:59,0,0,"ACC开,3D定位,天线正常","湖南省常德市武陵区东风路,距聪聪幼儿园 约126米,距德穗粮油批发部 约137米",111.72243600000002,29.040276000000002,0,0.11119508381019512
76,,2017-05-31 07:34:29,0,0,"ACC开,3D定位,天线正常","湖南省常德市武陵区东风路,距聪聪幼儿园 约126米,距德穗粮油批发部 约136米",111.72243600000002,29.040275,0,0.1111950838101951
77,,2017-05-31 07:34:59,0,0,"ACC开,3D定位,天线正常","湖南省常德市武陵区东风路,距聪聪幼儿园 约125米,距德穗粮油批发部 约136米",111.722439,29.040275,0,0.2916464782456961
78,,2017-05-31 07:35:29,0,0,"ACC开,3D定位,天线正常","湖南省常德市武陵区东风路,距聪聪幼儿园 约125米,距德穗粮油批发部 约136米",111.722439,29.040275,0,0.0
79,,2017-05-31 07:35:59,0,0,"ACC开,3D定位,天线正常","湖南省常德市武陵区东风路,距聪聪幼儿园 约125米,距德穗粮油批发部 约136米",111.722439,29.040274,0,0.11119508345653303
80,,2017-05-31 07:36:29,0,0,"ACC开,3D定位,天线正常","湖南省常德市武陵区东风路,距聪聪幼儿园 约125米,距德穗粮油批发部 约136米",111.722439,29.040273,0,0.11119508416385716
81,,2017-05-31 07:36:59,0,0,"ACC开,3D定位,天线正常","湖南省常德市武陵区东风路,距聪聪幼儿园 约125米,距德穗粮油批发部 约136米",111.72243700000001,29.04027,0,0.3861120701914658
82,,2017-05-31 07:37:29,0,0,"ACC开,3D定位,天线正常","湖南省常德市武陵区东风路,距聪聪幼儿园 约126米,距德穗粮油批发部 约136米",111.72244199999999,29.040281,0,1.3161904288520674
83,,2017-05-31 07:37:59,0,0,"ACC开,3D定位,天线正常","湖南省常德市武陵区东风路,距聪聪幼儿园 约125米,距德穗粮油批发部 约135米",111.722457,29.040284000000003,0,1.4959012525501438
84,,2017-05-31 07:38:29,0,0,"ACC开,3D定位,天线正常","湖南省常德市武陵区东风路,距聪聪幼儿园 约125米,距德穗粮油批发部 约135米",111.72245600000001,29.040284000000003,0,0.0972154855067057
85,,2017-05-31 07:38:59,0,0,"ACC开,3D定位,天线正常","湖南省常德市武陵区东风路,距聪聪幼儿园 约126米,距德穗粮油批发部 约136米",111.722449,29.040283000000002,0,0.6895331958610322
86,,2017-05-31 07:39:29,0,0,"ACC开,3D定位,天线正常","湖南省常德市武陵区东风路,距聪聪幼儿园 约126米,距德穗粮油批发部 约136米",111.72244599999999,29.040281,0,0.36676292641292296
87,,2017-05-31 07:39:59,0,0,"ACC开,3D定位,天线正常","湖南省常德市武陵区东风路,距聪聪幼儿园 约126米,距德穗粮油批发部 约136米",111.722453,29.040290999999996,0,1.3036588212873508
88,,2017-05-31 07:40:29,0,0,"ACC开,3D定位,天线正常","湖南省常德市武陵区东风路,距聪聪幼儿园 约126米,距德穗粮油批发部 约135米",111.72245600000001,29.040291999999997,0,0.3121249579480599
89,,2017-05-31 07:40:59,0,0,"ACC开,3D定位,天线正常","湖南省常德市武陵区东风路,距聪聪幼儿园 约126米,距德穗粮油批发部 约135米",111.72245500000001,29.040290000000002,0,0.2427101892555937
90,,2017-05-31 07:41:29,0,0,"ACC开,3D定位,天线正常","湖南省常德市武陵区东风路,距聪聪幼儿园 约126米,距德穗粮油批发部 约136米",111.72244599999999,29.040283000000002,0,1.1710558654032843
91,,2017-05-31 07:41:59,0,0,"ACC开,3D定位,天线正常","湖南省常德市武陵区东风路,距聪聪幼儿园 约126米,距德穗粮油批发部 约136米",111.72244599999999,29.040282,0,0.11119508345653308
92,,2017-05-31 07:42:29,0,0,"ACC开,3D定位,天线正常","湖南省常德市武陵区东风路,距聪聪幼儿园 约125米,距德穗粮油批发部 约136米",111.72244199999999,29.040274,0,0.9708407766526926
93,,2017-05-31 07:42:59,0,0,"ACC开,3D定位,天线正常","湖南省常德市武陵区东风路,距聪聪幼儿园 约125米,距德穗粮油批发部 约135米",111.722449,29.040274,0,0.6805084620184507
94,,2017-05-31 07:43:29,0,0,"ACC开,3D定位,天线正常","湖南省常德市武陵区东风路,距聪聪幼儿园 约125米,距德穗粮油批发部 约136米",111.72244199999999,29.040275,0,0.6895332544413778
95,,2017-05-31 07:43:59,0,0,"ACC开,3D定位,天线正常","湖南省常德市武陵区东风路,距聪聪幼儿园 约125米,距德穗粮油批发部 约136米",111.722439,29.040267,0,0.9361494865763796
96,,2017-05-31 07:44:29,0,0,"ACC开,3D定位,天线正常","湖南省常德市武陵区东风路,距聪聪幼儿园 约125米,距德穗粮油批发部 约136米",111.722435,29.040266,0,0.4044477789951488
97,,2017-05-31 07:44:59,0,0,"ACC开,3D定位,天线正常","湖南省常德市武陵区东风路,距聪聪幼儿园 约125米,距德穗粮油批发部 约136米",111.722434,29.040266,0,0.09721550246401618
98,,2017-05-31 07:45:29,0,0,"ACC开,3D定位,天线正常","湖南省常德市武陵区东风路,距聪聪幼儿园 约125米,距德穗粮油批发部 约136米",111.722434,29.040265,0,0.11119508310287099
99,,2017-05-31 07:45:59,0,0,"ACC开,3D定位,天线正常","湖南省常德市武陵区东风路,距聪聪幼儿园 约125米,距德穗粮油批发部 约136米",111.722434,29.040264,0,0.11119508416385716
100,,2017-05-31 07:46:29,0,0,"ACC开,3D定位,天线正常","湖南省常德市武陵区东风路,距聪聪幼儿园 约125米,距德穗粮油批发部 约136米",111.72243300000001,29.040264,0,0.0972155043481612
101,,2017-05-31 07:46:59,0,0,"ACC开,3D定位,天线正常","湖南省常德市武陵区东风路,距聪聪幼儿园 约125米,距德穗粮油批发部 约136米",111.72243200000001,29.040264,0,0.0972155043481612
102,,2017-05-31 07:47:29,0,0,"ACC开,3D定位,天线正常","湖南省常德市武陵区东风路,距聪聪幼儿园 约125米,距德穗粮油批发部 约136米",111.72243,29.040262,0,0.2953993976000305
103,,2017-05-31 07:47:59,0,0,"ACC开,3D定位,天线正常","湖南省常德市武陵区东风路,距聪聪幼儿园 约125米,距德穗粮油批发部 约137米",111.722425,29.040263,0,0.4986338418900689
104,,2017-05-31 07:48:29,0,0,"ACC开,3D定位,天线正常","湖南省常德市武陵区东风路,距聪聪幼儿园 约126米,距德穗粮油批发部 约137米",111.722424,29.040265,0,0.2427102001984314
105,,2017-05-31 07:48:59,0,0,"ACC开,3D定位,天线正常","湖南省常德市武陵区东风路,距聪聪幼儿园 约125米,距德穗粮油批发部 约137米",111.722424,29.040264,0,0.11119508416385716
106,,2017-05-31 07:49:29,0,0,"ACC开,3D定位,天线正常","湖南省常德市武陵区东风路,距聪聪幼儿园 约126米,距德穗粮油批发部 约137米",111.72242299999999,29.040266,0,0.24271019867759785
107,,2017-05-31 07:49:59,0,0,"ACC开,3D定位,天线正常","湖南省常德市武陵区东风路,距聪聪幼儿园 约126米,距新五村农贸市场 约143米",111.722422,29.040267,0,0.14769969758282234
108,,2017-05-31 07:50:29,0,0,"ACC开,3D定位,天线正常","湖南省常德市武陵区东风路,距聪聪幼儿园 约126米,距新五村农贸市场 约143米",111.722421,29.040267999999998,0,0.14769969613339984
109,,2017-05-31 07:50:59,0,0,"ACC开,3D定位,天线正常","湖南省常德市武陵区东风路,距聪聪幼儿园 约126米,距新五村农贸市场 约143米",111.72241799999999,29.040265,0,0.44309908976562135
110,,2017-05-31 07:51:29,0,0,"ACC开,3D定位,天线正常","湖南省常德市武陵区东风路,距聪聪幼儿园 约126米,距新五村农贸市场 约144米",111.722421,29.040273,0,0.9361494876517172
111,,2017-05-31 07:51:59,0,0,"ACC开,3D定位,天线正常","湖南省常德市武陵区东风路,距聪聪幼儿园 约126米,距新五村农贸市场 约143米",111.72241899999999,29.04027,0,0.3861120701914658
112,,2017-05-31 07:52:29,0,0,"ACC开,3D定位,天线正常","湖南省常德市武陵区东风路,距聪聪幼儿园 约127米,距新五村农贸市场 约143米",111.72241899999999,29.040275,0,0.5559754186973141
113,,2017-05-31 07:52:59,0,0,"ACC开,3D定位,天线正常","湖南省常德市武陵区东风路,距聪聪幼儿园 约128米,距新五村农贸市场 约144米",111.72241899999999,29.040287,0,1.3343410050150268
114,,2017-05-31 07:53:29,0,0,"ACC开,3D定位,天线正常","湖南省常德市武陵区东风路,距聪聪幼儿园 约128米,距新五村农贸市场 约144米",111.72241499999998,29.040290000000002,0,0.5123404302002219
115,,2017-05-31 07:53:59,0,0,"ACC开,3D定位,天线正常","湖南省常德市武陵区东风路,距聪聪幼儿园 约128米,距新五村农贸市场 约143米",111.72241399999999,29.040290999999996,0,0.14769968107304154
116,,2017-05-31 07:54:29,0,0,"ACC开,3D定位,天线正常","湖南省常德市武陵区东风路,距聪聪幼儿园 约128米,距新五村农贸市场 约144米",111.72241399999999,29.040291999999997,0,0.1111950845175192
117,,2017-05-31 07:54:59,0,0,"ACC开,3D定位,天线正常","湖南省常德市武陵区东风路,距聪聪幼儿园 约128米,距新五村农贸市场 约143米",111.72241299999999,29.040290999999996,0,0.14769968116416696
118,,2017-05-31 07:55:29,0,0,"ACC开,3D定位,天线正常","湖南省常德市武陵区东风路,距聪聪幼儿园 约129米,距新五村农贸市场 约143米",111.722408,29.040290000000002,0,0.4986337144303459
119,,2017-05-31 07:55:59,0,0,"ACC开,3D定位,天线正常","湖南省常德市武陵区东风路,距聪聪幼儿园 约129米,距新五村农贸市场 约143米",111.722408,29.040291999999997,0,0.22239016762039024
120,,2017-05-31 07:56:29,0,0,"ACC开,3D定位,天线正常","湖南省常德市武陵区东风路,距聪聪幼儿园 约129米,距新五村农贸市场 约143米",111.72240900000001,29.040290999999996,0,0.1476996819782227
121,,2017-05-31 07:56:59,0,0,"ACC开,3D定位,天线正常","湖南省常德市武陵区东风路,距聪聪幼儿园 约129米,距新五村农贸市场 约143米",111.72241299999999,29.040293,0,0.4479631370387935
122,,2017-05-31 07:57:29,0,0,"ACC开,3D定位,天线正常","湖南省常德市武陵区东风路,距聪聪幼儿园 约128米,距新五村农贸市场 约143米",111.722412,29.040288,0,0.5644107684680539
123,,2017-05-31 07:57:59,0,0,"ACC开,3D定位,天线正常","湖南省常德市武陵区东风路,距聪聪幼儿园 约128米,距新五村农贸市场 约143米",111.722407,29.040284000000003,0,0.6588632637064293
124,,2017-05-31 07:58:29,0,0,"ACC开,3D定位,天线正常","湖南省常德市武陵区东风路,距聪聪幼儿园 约128米,距新五村农贸市场 约142米",111.722406,29.040282,0,0.2427101916262024
125,,2017-05-31 07:58:59,0,0,"ACC开,3D定位,天线正常","湖南省常德市武陵区东风路,距聪聪幼儿园 约128米,距新五村农贸市场 约142米",111.722406,29.040282,0,0.0
126,,2017-05-31 07:59:29,0,0,"ACC开,3D定位,天线正常","湖南省常德市武陵区东风路,距聪聪幼儿园 约128米,距新五村农贸市场 约142米",111.72240500000001,29.040282,0,0.09721548739085176
127,,2017-05-31 07:59:59,0,0,"ACC开,3D定位,天线正常","湖南省常德市武陵区东风路,距聪聪幼儿园 约128米,距新五村农贸市场 约142米",111.72240500000001,29.040282,0,0.0
128,,2017-05-31 08:00:29,0,0,"ACC开,3D定位,天线正常","湖南省常德市武陵区东风路,距聪聪幼儿园 约128米,距新五村农贸市场 约142米",111.722403,29.04028,0,0.2953993752775303
129,,2017-05-31 08:00:59,0,0,"ACC开,3D定位,天线正常","湖南省常德市武陵区东风路,距聪聪幼儿园 约128米,距新五村农贸市场 约142米",111.722402,29.04028,0,0.09721548927499776
130,,2017-05-31 08:01:29,0,0,"ACC开,3D定位,天线正常","湖南省常德市武陵区东风路,距聪聪幼儿园 约128米,距新五村农贸市场 约142米",111.722401,29.04028,0,0.09721548803820104
131,,2017-05-31 08:01:59,0,0,"ACC开,3D定位,天线正常","湖南省常德市武陵区东风路,距聪聪幼儿园 约128米,距新五村农贸市场 约142米",111.722401,29.04028,0,0.0
132,,2017-05-31 08:02:29,0,0,"ACC开,3D定位,天线正常","湖南省常德市武陵区东风路,距聪聪幼儿园 约128米,距新五村农贸市场 约142米",111.7224,29.040278999999998,0,0.14769968943435566
133,,2017-05-31 08:02:59,0,0,"ACC开,3D定位,天线正常","湖南省常德市武陵区东风路,距聪聪幼儿园 约128米,距新五村农贸市场 约142米",111.722402,29.040278000000004,0,0.22398159105324167
134,,2017-05-31 08:03:29,0,0,"ACC开,3D定位,天线正常","湖南省常德市武陵区东风路,距聪聪幼儿园 约128米,距新五村农贸市场 约142米",111.722406,29.040278000000004,0,0.3888619633997774
135,,2017-05-31 08:03:59,0,0,"ACC开,3D定位,天线正常","湖南省常德市武陵区东风路,距聪聪幼儿园 约128米,距新五村农贸市场 约142米",111.722408,29.040277000000003,0,0.22398159179075847
136,,2017-05-31 08:04:29,0,0,"ACC开,3D定位,天线正常","湖南省常德市武陵区东风路,距聪聪幼儿园 约127米,距新五村农贸市场 约142米",111.722408,29.040276000000002,0,0.11119508381019512
137,,2017-05-31 08:04:59,0,0,"ACC开,3D定位,天线正常","湖南省常德市武陵区东风路,距聪聪幼儿园 约128米,距新五村农贸市场 约142米",111.722407,29.040276000000002,0,0.09721549180649257
138,,2017-05-31 08:05:29,0,0,"ACC开,3D定位,天线正常","湖南省常德市武陵区东风路,距聪聪幼儿园 约128米,距新五村农贸市场 约142米",111.722407,29.040276000000002,0,0.0
139,,2017-05-31 08:06:59,0,0,"ACC开,3D定位,天线正常","湖南省常德市武陵区东风路,距聪聪幼儿园 约127米,距新五村农贸市场 约142米",111.722408,29.040275,0,0.14769969055277501
140,,2017-05-31 08:07:29,0,0,"ACC开,3D定位,天线正常","湖南省常德市武陵区东风路,距聪聪幼儿园 约127米,距新五村农贸市场 约142米",111.722408,29.040274,0,0.11119508345653303
141,,2017-05-31 08:07:59,0,0,"ACC开,3D定位,天线正常","湖南省常德市武陵区东风路,距聪聪幼儿园 约127米,距新五村农贸市场 约142米",111.722408,29.040274,0,0.0
142,,2017-05-31 08:08:29,0,0,"ACC开,3D定位,天线正常","湖南省常德市武陵区东风路,距聪聪幼儿园 约127米,距新五村农贸市场 约142米",111.722408,29.040271999999998,0,0.22239016762039024
143,,2017-05-31 08:08:59,0,0,"ACC开,3D定位,天线正常","湖南省常德市武陵区东风路,距聪聪幼儿园 约127米,距新五村农贸市场 约142米",111.722407,29.040271999999998,0,0.0972154955747836
144,,2017-05-31 08:09:29,0,0,"ACC开,3D定位,天线正常","湖南省常德市武陵区东风路,距聪聪幼儿园 约127米,距新五村农贸市场 约142米",111.722408,29.040271,0,0.14769969303305286
145,,2017-05-31 08:09:59,0,0,"ACC开,3D定位,天线正常","湖南省常德市武陵区东风路,距聪聪幼儿园 约127米,距新五村农贸市场 约142米",111.722407,29.04027,0,0.14769969391937526
146,,2017-05-31 08:10:29,0,0,"ACC开,3D定位,天线正常","湖南省常德市武陵区东风路,距聪聪幼儿园 约127米,距新五村农贸市场 约142米",111.722407,29.04027,0,0.0
147,,2017-05-31 08:10:59,0,0,"ACC开,3D定位,天线正常","湖南省常德市武陵区东风路,距聪聪幼儿园 约127米,距新五村农贸市场 约142米",111.722407,29.040269,0,0.11119508345653306
148,,2017-05-31 08:11:29,0,0,"ACC开,3D定位,天线正常","湖南省常德市武陵区东风路,距聪聪幼儿园 约127米,距新五村农贸市场 约142米",111.722407,29.040267999999998,0,0.11119508345653308
149,,2017-05-31 08:11:59,0,0,"ACC开,3D定位,天线正常","湖南省常德市武陵区东风路,距聪聪幼儿园 约127米,距新五村农贸市场 约142米",111.722407,29.040267999999998,0,0.0
150,,2017-05-31 08:12:29,0,0,"ACC开,3D定位,天线正常","湖南省常德市武陵区东风路,距聪聪幼儿园 约127米,距新五村农贸市场 约142米",111.722407,29.040269,0,0.11119508345653308
151,,2017-05-31 08:12:59,0,0,"ACC开,3D定位,天线正常","湖南省常德市武陵区东风路,距聪聪幼儿园 约127米,距新五村农贸市场 约142米",111.722408,29.040269,0,0.0972154984010016
152,,2017-05-31 08:13:29,0,0,"ACC开,3D定位,天线正常","湖南省常德市武陵区东风路,距聪聪幼儿园 约127米,距新五村农贸市场 约142米",111.722408,29.04027,0,0.11119508345653306
153,,2017-05-31 08:13:59,0,0,"ACC开,3D定位,天线正常","湖南省常德市武陵区东风路,距聪聪幼儿园 约126米,距新五村农贸市场 约143米",111.72241399999999,29.040266,0,0.7335259170848076
154,,2017-05-31 08:14:29,0,0,"ACC开,3D定位,天线正常","湖南省常德市武陵区东风路,距聪聪幼儿园 约126米,距新五村农贸市场 约143米",111.72241499999998,29.040266,0,0.09721550122721928
155,,2017-05-31 08:14:59,0,0,"ACC开,3D定位,天线正常","湖南省常德市武陵区东风路,距聪聪幼儿园 约126米,距新五村农贸市场 约142米",111.72241100000001,29.040262,0,0.5907987926357836
156,,2017-05-31 08:15:29,0,0,"ACC开,3D定位,天线正常","湖南省常德市武陵区东风路,距聪聪幼儿园 约128米,距新五村农贸市场 约141米",111.722396,29.040271,0,1.7686023218786513
157,,2017-05-31 08:15:59,22,0,"ACC开,3D定位,天线正常","湖南省常德市武陵区刘家坪路,距新五村农贸市场 约141米,距庆丰幼儿园 约169米",111.72214199999999,29.040674,0,51.16453870138399
158,,2017-05-31 08:16:29,30,0,"ACC开,3D定位,天线正常","湖南省常德市武陵区洞庭大道辅路,距恒盛华园 约24米,距恒盛华园-北门 约40米",111.72201000000001,29.042857,0,243.07781638350673
159,,2017-05-31 08:16:59,40,0,"ACC开,3D定位,天线正常","湖南省常德市武陵区湘绣路,距鞋博士皮鞋美容 约30米,距竹园社区 约51米",111.72161399999999,29.045752,0,324.20337355713536
160,,2017-05-31 08:17:29,43,1,"ACC开,3D定位,天线正常","湖南省常德市武陵区紫缘路,距翡翠湾 约72米,距三一翡翠湾二期 约93米",111.72065500000001,29.048914,1,363.7476251338832
161,,2017-05-31 08:17:59,48,1,"ACC开,3D定位,天线正常","湖南省常德市武陵区紫缘路,距三一翡翠湾二期 约332米,距香港艾乐国际翡翠湾幼儿园 约379米",111.71856100000001,29.051988,1,397.83018979085745
162,,2017-05-31 08:18:29,34,1,"ACC开,3D定位,天线正常","湖南省常德市武陵区S306(丹阳路),距紫桥二区 约252米,距紫缘大桥 约256米",111.716531,29.054705,1,360.8474139500994
163,,2017-05-31 08:18:59,34,2,"ACC开,3D定位,天线正常","湖南省常德市武陵区S306(丹阳路),距七里桥 约121米,距紫桥二区 约154米",111.71466699999999,29.057190999999996,2,330.5163499035011
164,,2017-05-31 08:19:29,47,2,"ACC开,3D定位,天线正常","湖南省常德市武陵区柳叶大道,距中共湖南省常德航道管理局委员会 约192米,距湖南省常德航道管理局 约231米",111.713146,29.059486,2,294.9231356600725
165,,2017-05-31 08:19:59,48,2,"ACC开,3D定位,天线正常","湖南省常德市武陵区沙港路,距新世纪花园 约133米,距芷兰实验学校-东门 约144米",111.711031,29.062843,2,426.1432182629564
166,,2017-05-31 08:20:29,8,3,"ACC开,3D定位,天线正常","湖南省常德市武陵区紫菱路,距南坪岗社区 约49米,距南坪岗社区居委会 约53米",111.709195,29.065927000000002,3,386.57592112094846
167,,2017-05-31 08:20:59,16,3,"ACC开,3D定位,天线正常","湖南省常德市武陵区紫菱路,距南坪岗社区 约43米,距南坪岗社区居委会 约48米",111.70914199999999,29.066035999999997,3,13.169472886285375
168,,2017-05-31 08:21:29,0,3,"ACC开,3D定位,天线正常","湖南省常德市武陵区紫菱路1053,距家和商务宾馆 约52米,距南坪岗社区 约59米",111.70882900000001,29.06651500000001,3,61.337687368785545
169,,2017-05-31 08:22:59,0,3,"ACC开,3D定位,天线正常","湖南省常德市武陵区紫菱路1053,距家和商务宾馆 约53米,距南坪岗社区 约58米",111.708825,29.066506,3,1.0736148308743996
170,,2017-05-31 08:23:29,51,3,"ACC开,3D定位,天线正常","湖南省常德市武陵区朗州路,距金城·二〇〇八 约59米,距金城2008 约68米",111.70657299999999,29.068284000000002,3,294.9441399695972
171,,2017-05-31 08:24:59,63,4,"ACC开,3D定位,天线正常","湖南省常德市武陵区新河路199,距下闻家 约41米,距德泉办公家具 约52米",111.701921,29.070688,4,525.2306894345445
172,,2017-05-31 08:25:29,23,4,"ACC开,3D定位,天线正常","湖南省常德市武陵区新河路431,距南坪中学 约22米,距常德市第十四中学 约29米",111.69676499999998,29.071221,4,504.5867263742965
173,,2017-05-31 08:25:59,0,4,"ACC开,3D定位,天线正常","湖南省常德市武陵区新河路431,距南坪中学 约46米,距常德市第十四中学 约56米",111.696424,29.071265000000004,4,33.49973299468549
174,,2017-05-31 08:26:29,0,4,"ACC开,3D定位,天线正常","湖南省常德市武陵区新河路431,距南坪中学 约46米,距常德市第十四中学 约56米",111.696425,29.071265000000004,4,0.09718628616688472
175,,2017-05-31 08:26:59,0,4,"ACC开,3D定位,天线正常","湖南省常德市武陵区新河路431,距南坪中学 约46米,距常德市第十四中学 约56米",111.696425,29.071265000000004,4,0.0
176,,2017-05-31 08:27:29,20,4,"ACC开,3D定位,天线正常","湖南省常德市武陵区新河路431,距南坪中学 约61米,距常德市第十四中学 约71米",111.69626699999999,29.071262,4,15.359056199009773
177,,2017-05-31 08:27:59,49,5,"ACC开,3D定位,天线正常","湖南省常德市武陵区新河路599,距柒号餐厅(火车站店) 约17米,距卡登堡 约40米",111.692702,29.071501,5,347.48644974810236
178,,2017-05-31 08:28:29,44,5,"ACC开,3D定位,天线正常","湖南省常德市武陵区新河路,距君华御庭(建设中) 约74米,距华为IDS2000模块化数据中心解决方案 约123米",111.68856399999999,29.07186500000001,5,404.1868910506949
179,,2017-05-31 08:28:59,0,5,"ACC开,3D定位,天线正常","湖南省常德市武陵区新河路,距君华御庭(建设中) 约130米,距民俗文化街 约136米",111.687903,29.071768,5,65.13898063549843
180,,2017-05-31 08:29:29,0,5,"ACC开,3D定位,天线正常","湖南省常德市武陵区新河路,距民俗文化街 约101米,距君华御庭(建设中) 约158米",111.687509,29.071899,5,40.968273004565454
181,,2017-05-31 08:29:59,0,5,"ACC开,3D定位,天线正常","湖南省常德市武陵区新河路,距民俗文化街 约69米,距金生欢乐园 约177米",111.68711599999999,29.071946999999998,5,38.565094209477216
182,,2017-05-31 08:30:29,20,5,"ACC开,3D定位,天线正常","湖南省常德市武陵区新河路,距民俗文化街 约54米,距金生欢乐园 约154米",111.68685900000001,29.071998999999998,5,25.637256352752164
183,,2017-05-31 08:30:59,18,5,"ACC开,3D定位,天线正常","湖南省常德市武陵区林荫路,距金生欢乐园 约73米,距丁玲公园-北门 约73米",111.684919,29.072132,5,189.11905565883373
184,,2017-05-31 08:31:29,40,6,"ACC开,3D定位,天线正常","湖南省常德市武陵区龙港路,距公园华府 约38米,距东霖汽车贸易有限公司 约122米",111.68197099999999,29.072340000000004,6,287.4345055180095
185,,2017-05-31 08:31:59,20,6,"ACC开,3D定位,天线正常","湖南省常德市武陵区三星路,距常德五菱汽车销售服务有限公司 约217米,距东风悦达起亚（东亚专营店） 约294米",111.678982,29.07259,6,291.8135245334028
186,,2017-05-31 08:32:29,27,6,"ACC开,3D定位,天线正常","湖南省常德市武陵区三星路,距常德湘盛汽车销售服务有限公司 约279米,距常德五菱汽车销售服务有限公司 约327米",111.677544,29.07273,6,140.61635268375008
187,,2017-05-31 08:32:59,51,6,"ACC开,3D定位,天线正常","湖南省常德市武陵区芙蓉路,距周胖子农庄 约424米,距常德东星投资有限公司 约425米",111.67391200000002,29.072983,6,354.0944436969367
188,,2017-05-31 08:33:29,11,7,"ACC开,3D定位,天线正常","湖南省常德市鼎城区,距东星家居广场 约419米,距A家家居 约419米",111.67038000000001,29.073307,7,345.1411768393013
189,,2017-05-31 08:33:59,0,7,"ACC开,3D定位,天线正常","湖南省常德市鼎城区,距东星家居广场 约418米,距A家家居 约418米",111.670278,29.073314,7,9.943316424395896
190,,2017-05-31 08:34:29,31,7,"ACC开,3D定位,天线正常","湖南省常德市鼎城区,距东星家居广场 约416米,距湖南承典环境工程设备有限公司 约416米",111.66906999999999,29.073421999999997,7,118.01126000003927
191,,2017-05-31 08:34:59,47,7,"ACC开,3D定位,天线正常","湖南省常德市鼎城区杨桥河路,距汤家大屋 约155米,距杨桥村委会 约322米",111.665383,29.073686,7,359.5183488975595
192,,2017-05-31 08:35:29,0,7,"ACC开,3D定位,天线正常","湖南省常德市鼎城区杨桥河路,距汤家大屋 约134米,距杨桥村委会 约273米",111.662443,29.07395,7,287.22466090220854
193,,2017-05-31 08:35:59,37,8,"ACC开,3D定位,天线正常","湖南省常德市鼎城区杨桥河路,距杨桥 约317米,距汤家大屋 约336米",111.66037,29.074103000000004,8,202.17883548579186
194,,2017-05-31 08:36:29,55,8,"ACC开,3D定位,天线正常","湖南省常德市鼎城区桃花源路,距常德警官培训中心 约122米,距常隆汽车服务中心 约386米",111.65598600000001,29.0744,8,427.3303520919037
195,,2017-05-31 08:36:59,59,9,"ACC开,3D定位,天线正常","湖南省常德市鼎城区,距黄李家 约176米,距常德警官培训中心 约338米",111.651323,29.074920000000002,9,456.83867922123255
196,,2017-05-31 08:37:29,58,9,"ACC开,3D定位,天线正常","湖南省常德市鼎城区,距天井堰 约18米,距中共三星垱支部委员会 约387米",111.646428,29.075834999999998,9,486.46657215517604
197,,2017-05-31 08:37:59,0,9,"ACC开,3D定位,天线正常","湖南省常德市鼎城区,距天井堰 约242米,距中共三星垱支部委员会 约320米",111.644299,29.076715999999998,9,228.9195125371081
198,,2017-05-31 08:38:29,21,9,"ACC开,3D定位,天线正常","湖南省常德市鼎城区,距天井堰 约265米,距中共三星垱支部委员会 约319米",111.64406799999999,29.076779,9,23.51647063415432
199,,2017-05-31 08:38:59,22,9,"ACC开,3D定位,天线正常","湖南省常德市鼎城区,距中共三星垱支部委员会 约349米,距天井堰 约396米",111.64280900000001,29.077206,9,131.24054454154356
200,,2017-05-31 08:39:29,40,10,"ACC开,3D定位,天线正常","湖南省常德市鼎城区G207(常澧路),距三星当村 约211米,距紫色光广告传播 约224米",111.63998400000001,29.078269,10,298.89839558198
201,,2017-05-31 08:39:59,45,10,"ACC开,3D定位,天线正常","湖南省常德市鼎城区G207(常澧路),距三星当村 约264米,距三兴档村 约272米",111.63682,29.079471999999996,10,335.31252707289565
202,,2017-05-31 08:40:29,31,10,"ACC开,3D定位,天线正常","湖南省常德市武陵区G207(常澧路),距高桥 约192米,距四口堰 约345米",111.633898,29.080572999999998,10,309.22169251654606
203,,2017-05-31 08:40:59,18,10,"ACC开,3D定位,天线正常","湖南省常德市武陵区,距高桥 约143米,距四口堰 约282米",111.63280400000001,29.081004999999998,10,116.66069813276629
204,,2017-05-31 08:41:29,52,11,"ACC开,3D定位,天线正常","湖南省常德市武陵区,距四口堰 约369米,距双解口 约375米",111.629349,29.082299,11,365.2777782639308
205,,2017-05-31 08:41:59,51,11,"ACC开,3D定位,天线正常","湖南省常德市武陵区,距樟树垱 约226米,距双解口 约240米",111.62533400000001,29.083787,11,423.79236366943184
206,,2017-05-31 08:42:29,29,12,"ACC开,3D定位,天线正常","湖南省常德市武陵区,距樟树垱 约297米,距白鹤庵村 约427米",111.62158799999999,29.085234000000003,12,397.987514041687
207,,2017-05-31 08:42:59,27,12,"ACC开,3D定位,天线正常","湖南省常德市武陵区,距樟树垱 约432米,距廖家坪 约524米",111.62019,29.086176000000002,12,171.54063124036688
208,,2017-05-31 08:43:29,36,12,"ACC开,3D定位,天线正常","湖南省常德市鼎城区,距熊家塝 约460米,距廖家坪 约488米",111.61915400000001,29.088603999999997,12,288.1395375762287
209,,2017-05-31 08:43:59,28,12,"ACC开,3D定位,天线正常","湖南省常德市鼎城区,距熊家塝 约409米,距白马岗村 约468米",111.617897,29.09035,12,229.3719048726936
210,,2017-05-31 08:44:29,28,13,"ACC开,3D定位,天线正常","湖南省常德市鼎城区,距白马岗村 约325米,距熊家塝 约535米",111.61686999999999,29.092586999999998,13,268.01394059641916
211,,2017-05-31 08:44:59,34,13,"ACC开,3D定位,天线正常","湖南省常德市鼎城区,距白马岗村 约418米,距徐家湾 约556米",111.616455,29.094967999999998,13,267.8086182862315
212,,2017-05-31 08:45:29,30,13,"ACC开,3D定位,天线正常","湖南省常德市鼎城区,距廖家岗 约395米,距徐家湾 约522米",111.61618100000001,29.097424,13,274.38970526163314
213,,2017-05-31 08:45:59,46,13,"ACC开,3D定位,天线正常","湖南省常德市鼎城区,距廖家岗 约211米,距湖南昊宇幕墙门窗有限公司 约280米",111.61594,29.099707000000002,13,254.9360107215324
214,,2017-05-31 08:46:29,52,14,"ACC开,3D定位,天线正常","湖南省常德市鼎城区,距湖南昊宇幕墙门窗有限公司 约113米,距廖家岗 约304米",111.615773,29.10258,14,319.8752504893441
215,,2017-05-31 08:46:59,57,14,"ACC开,3D定位,天线正常","湖南省常德市鼎城区,距五里岗村 约190米,距朱家溶 约277米",111.616003,29.106982000000002,14,489.99054848018926
216,,2017-05-31 08:47:29,38,15,"ACC开,3D定位,天线正常","湖南省常德市鼎城区,距朱家溶 约268米,距五里岗村 约333米",111.616179,29.109780999999998,15,311.70436731623744
217,,2017-05-31 08:47:59,39,15,"ACC开,3D定位,天线正常","湖南省常德市鼎城区,距常德科技创新创业孵化产业园 约158米,距湖南粤港模科实业有限公司 约204米",111.61663600000001,29.11269,15,326.4990965790533
218,,2017-05-31 08:48:29,5,15,"ACC开,3D定位,天线正常","湖南省常德市鼎城区,距常德科技创新创业孵化产业园 约18米,距湖南粤港模科实业有限公司 约37米",111.616952,29.11417800000001,15,168.28199268124146
219,,2017-05-31 08:48:59,39,15,"ACC开,3D定位,天线正常","湖南省常德市鼎城区,距湖南粤港模科实业有限公司 约109米,距常德科技创新创业孵化产业园 约155米",111.617457,29.11542,15,146.5589150561589
220,,2017-05-31 08:49:29,40,16,"ACC开,3D定位,天线正常","湖南省常德市鼎城区,距王家塝 约229米,距兄弟餐馆 约370米",111.61873100000001,29.118396,16,353.30217306748204
221,,2017-05-31 08:49:59,55,16,"ACC开,3D定位,天线正常","湖南省常德市鼎城区,距兄弟餐馆 约158米,距王家塝 约457米",111.619674,29.121763,16,385.4372886361278
222,,2017-05-31 08:50:29,40,16,"ACC开,3D定位,天线正常","湖南省常德市鼎城区,距湖南新湘达门窗有限公司 约361米,距兄弟餐馆 约477米",111.620479,29.12542100000001,16,414.1996708797848
223,,2017-05-31 08:50:59,55,17,"ACC开,3D定位,天线正常","湖南省常德市鼎城区,距湖南新湘达门窗有限公司 约269米,距陈家冲 约535米",111.621241,29.128909999999998,17,394.9569829872908
224,,2017-05-31 08:51:29,39,17,"ACC开,3D定位,天线正常","湖南省常德市鼎城区G56(杭瑞高速),距陈家冲 约154米,距皇家湾 约474米",111.62218999999999,29.132457000000002,17,405.03697074040514
225,,2017-05-31 08:51:59,29,17,"ACC开,3D定位,天线正常","湖南省常德市鼎城区,距陈家冲 约166米,距皇家湾 约241米",111.62276899999999,29.134722999999997,17,258.1675432820377
226,,2017-05-31 08:52:29,28,18,"ACC开,3D定位,天线正常","湖南省常德市鼎城区,距皇家湾 约151米,距陈家冲 约406米",111.623396,29.137007,18,261.16863656977716
227,,2017-05-31 08:52:59,25,18,"ACC开,3D定位,天线正常","湖南省常德市鼎城区,距皇家湾 约386米,距锥子岗 约549米",111.62439499999999,29.139642,18,308.6461695108527
228,,2017-05-31 08:53:29,45,18,"ACC开,3D定位,天线正常","湖南省常德市鼎城区,距小堰 约445米,距新堰 约506米",111.62508100000001,29.141414,18,207.99695393014068
229,,2017-05-31 08:53:59,47,19,"ACC开,3D定位,天线正常","湖南省常德市鼎城区,距新堰 约104米,距小堰 约116米",111.62665700000001,29.145091999999998,19,436.67822486203295
230,,2017-05-31 08:54:29,40,19,"ACC开,3D定位,天线正常","湖南省常德市鼎城区,距新堰 约280米,距小堰 约355米",111.62785900000002,29.147875,19,330.74076648001073
231,,2017-05-31 08:54:59,37,19,"ACC开,3D定位,天线正常","湖南省常德市鼎城区,距大堰 约374米,距古堤桥 约406米",111.62914199999999,29.151002000000002,19,369.35642316852824
232,,2017-05-31 08:55:29,23,20,"ACC开,3D定位,天线正常","湖南省常德市鼎城区,距余家岗 约505米,距大堰 约535米",111.62987,29.152984999999997,20,231.55588180902282
233,,2017-05-31 08:55:59,26,20,"ACC开,3D定位,天线正常","湖南省常德市鼎城区,距余家岗 约447米,距大堰 约636米",111.632166,29.15411,20,255.656762916238
234,,2017-05-31 08:56:29,25,20,"ACC开,3D定位,天线正常","湖南省常德市鼎城区,距余家岗 约530米,距常德市鼎城区石板滩卫生院-预防接种门诊 约621米",111.634575,29.155313,20,269.4771797846052
235,,2017-05-31 08:56:59,28,20,"ACC开,3D定位,天线正常","湖南省常德市鼎城区,距常德金德山水泥有限公司 约450米,距常德市鼎城区石板滩卫生院-预防接种门诊 约509米",111.63563500000001,29.157083,20,222.1066214129084
236,,2017-05-31 08:57:29,19,20,"ACC开,3D定位,天线正常","湖南省常德市鼎城区,距常德金德山水泥有限公司 约327米,距鼎城永欣机械制造公司 约378米",111.636328,29.158462,20,167.4543574730479
237,,2017-05-31 08:58:59,14,21,"ACC开,3D定位,天线正常","湖南省常德市鼎城区,距鼎城永欣机械制造公司 约339米,距常德金德山水泥有限公司 约400米",111.635566,29.159902000000002,21,176.39055275175582
238,,2017-05-31 08:59:29,19,21,"ACC开,3D定位,天线正常","湖南省常德市鼎城区G207(锡海线),距石板滩中学 约184米,距鼎城永欣机械制造公司 约286米",111.63668,29.162932,21,353.8597558187252
239,,2017-05-31 08:59:59,19,21,"ACC开,3D定位,天线正常","湖南省常德市鼎城区G207(锡海线),距石板滩中学 约149米,距鼎城永欣机械制造公司 约212米",111.638224,29.162965000000003,21,149.9668414215139
240,,2017-05-31 09:00:29,9,21,"ACC开,3D定位,天线正常","湖南省常德市鼎城区G207(锡海线),距鼎城永欣机械制造公司 约199米,距石板滩中学 约236米",111.639549,29.162778999999997,21,130.30898978437094
241,,2017-05-31 09:00:59,5,21,"ACC开,3D定位,天线正常","湖南省常德市鼎城区G207(锡海线),距鼎城永欣机械制造公司 约180米,距石板滩中学 约295米",111.63994299999999,29.162371999999998,21,59.26020593656997
242,,2017-05-31 09:01:29,0,21,"ACC开,3D定位,天线正常","湖南省常德市鼎城区G207(锡海线),距鼎城永欣机械制造公司 约183米,距石板滩中学 约297米",111.639982,29.162376000000002,21,3.812940342615656
243,,2017-05-31 09:01:59,0,21,"ACC开,3D定位,天线正常","湖南省常德市鼎城区G207(锡海线),距鼎城永欣机械制造公司 约182米,距石板滩中学 约296米",111.639975,29.162375,21,0.6887370846586403
244,,2017-05-31 09:02:29,0,21,"ACC开,3D定位,天线正常","湖南省常德市鼎城区G207(锡海线),距鼎城永欣机械制造公司 约182米,距石板滩中学 约297米",111.639972,29.162371999999998,21,0.44287158633936907
245,,2017-05-31 09:02:59,0,21,"ACC开,3D定位,天线正常","湖南省常德市鼎城区G207(锡海线),距鼎城永欣机械制造公司 约183米,距石板滩中学 约294米",111.63995700000001,29.162394,21,2.8470592615275585
246,,2017-05-31 09:03:29,0,21,"ACC开,3D定位,天线正常","湖南省常德市鼎城区G207(锡海线),距鼎城永欣机械制造公司 约183米,距石板滩中学 约294米",111.63995700000001,29.162395,21,0.1111950838101951
247,,2017-05-31 09:03:59,0,21,"ACC开,3D定位,天线正常","湖南省常德市鼎城区G207(锡海线),距鼎城永欣机械制造公司 约183米,距石板滩中学 约294米",111.63995800000001,29.162391999999997,21,0.3474299563744366
248,,2017-05-31 09:04:29,0,21,"ACC开,3D定位,天线正常","湖南省常德市鼎城区G207(锡海线),距鼎城永欣机械制造公司 约182米,距石板滩中学 约294米",111.639953,29.162389,21,0.5890589872106207
249,,2017-05-31 09:04:59,0,21,"ACC开,3D定位,天线正常","湖南省常德市鼎城区G207(锡海线),距鼎城永欣机械制造公司 约183米,距石板滩中学 约294米",111.639954,29.162391999999997,21,0.3474299566076553
250,,2017-05-31 09:05:29,0,21,"ACC开,3D定位,天线正常","湖南省常德市鼎城区G207(锡海线),距鼎城永欣机械制造公司 约183米,距石板滩中学 约293米",111.639955,29.162402,21,1.1161823861896678
251,,2017-05-31 09:05:59,0,21,"ACC开,3D定位,天线正常","湖南省常德市鼎城区G207(锡海线),距鼎城永欣机械制造公司 约183米,距石板滩中学 约293米",111.63995700000001,29.1624,21,0.2952476888562544
252,,2017-05-31 09:06:29,0,21,"ACC开,3D定位,天线正常","湖南省常德市鼎城区G207(锡海线),距鼎城永欣机械制造公司 约184米,距石板滩中学 约294米",111.63996100000001,29.1624,21,0.3884008891470621
253,,2017-05-31 09:06:59,0,21,"ACC开,3D定位,天线正常","湖南省常德市鼎城区G207(锡海线),距鼎城永欣机械制造公司 约183米,距石板滩中学 约295米",111.63996599999999,29.162391999999997,21,1.0134246567195817
254,,2017-05-31 09:07:29,0,21,"ACC开,3D定位,天线正常","湖南省常德市鼎城区G207(锡海线),距鼎城永欣机械制造公司 约184米,距石板滩中学 约295米",111.639973,29.162394,21,0.7151584810214615
255,,2017-05-31 09:07:59,0,21,"ACC开,3D定位,天线正常","湖南省常德市鼎城区G207(锡海线),距鼎城永欣机械制造公司 约184米,距石板滩中学 约295米",111.639973,29.162397,21,0.33358525107692344
256,,2017-05-31 09:08:29,0,21,"ACC开,3D定位,天线正常","湖南省常德市鼎城区G207(锡海线),距鼎城永欣机械制造公司 约184米,距石板滩中学 约294米",111.639973,29.16240100000001,21,0.4447803363017669
257,,2017-05-31 09:08:59,0,21,"ACC开,3D定位,天线正常","湖南省常德市鼎城区G207(锡海线),距鼎城永欣机械制造公司 约185米,距石板滩中学 约294米",111.639974,29.162402,21,0.14762384399128525
258,,2017-05-31 09:09:29,0,21,"ACC开,3D定位,天线正常","湖南省常德市鼎城区G207(锡海线),距鼎城永欣机械制造公司 约185米,距石板滩中学 约294米",111.639974,29.162404,21,0.22239016762039024
259,,2017-05-31 09:09:59,0,21,"ACC开,3D定位,天线正常","湖南省常德市鼎城区G207(锡海线),距鼎城永欣机械制造公司 约185米,距石板滩中学 约294米",111.639974,29.162403,21,0.11119508345653306
260,,2017-05-31 09:10:29,0,21,"ACC开,3D定位,天线正常","湖南省常德市鼎城区G207(锡海线),距鼎城永欣机械制造公司 约185米,距石板滩中学 约294米",111.639975,29.162403,21,0.09710021975853632
261,,2017-05-31 09:10:59,0,21,"ACC开,3D定位,天线正常","湖南省常德市鼎城区G207(锡海线),距鼎城永欣机械制造公司 约185米,距石板滩中学 约294米",111.639975,29.162403,21,0.0
262,,2017-05-31 09:11:29,0,21,"ACC开,3D定位,天线正常","湖南省常德市鼎城区G207(锡海线),距鼎城永欣机械制造公司 约185米,距石板滩中学 约295米",111.639975,29.1624,21,0.33358525107692344
263,,2017-05-31 09:11:59,0,21,"ACC开,3D定位,天线正常","湖南省常德市鼎城区G207(锡海线),距鼎城永欣机械制造公司 约185米,距石板滩中学 约295米",111.639975,29.1624,21,0.0
264,,2017-05-31 09:12:29,0,21,"ACC开,3D定位,天线正常","湖南省常德市鼎城区G207(锡海线),距鼎城永欣机械制造公司 约185米,距石板滩中学 约294米",111.639975,29.16240100000001,21,0.11119508416385716
265,,2017-05-31 09:12:59,0,21,"ACC开,3D定位,天线正常","湖南省常德市鼎城区G207(锡海线),距鼎城永欣机械制造公司 约185米,距石板滩中学 约294米",111.639974,29.162402,21,0.14762384399128525
266,,2017-05-31 09:13:29,0,21,"ACC开,3D定位,天线正常","湖南省常德市鼎城区G207(锡海线),距鼎城永欣机械制造公司 约185米,距石板滩中学 约294米",111.639973,29.162402,21,0.0971002207042236
267,,2017-05-31 09:14:59,0,21,"ACC开,3D定位,天线正常","湖南省常德市鼎城区G207(锡海线),距鼎城永欣机械制造公司 约184米,距石板滩中学 约294米",111.639967,29.162404,21,0.6236037845923053
268,,2017-05-31 09:15:29,0,21,"ACC开,3D定位,天线正常","湖南省常德市鼎城区G207(锡海线),距鼎城永欣机械制造公司 约184米,距石板滩中学 约293米",111.639963,29.162404,21,0.3884008740160657
269,,2017-05-31 09:15:59,0,21,"ACC开,3D定位,天线正常","湖南省常德市鼎城区G207(锡海线),距鼎城永欣机械制造公司 约184米,距石板滩中学 约293米",111.639963,29.162403,21,0.11119508345653306
270,,2017-05-31 09:16:29,0,21,"ACC开,3D定位,天线正常","湖南省常德市鼎城区G207(锡海线),距鼎城永欣机械制造公司 约184米,距石板滩中学 约293米",111.63996200000001,29.162404,21,0.147623842733851
271,,2017-05-31 09:16:59,0,21,"ACC开,3D定位,天线正常","湖南省常德市鼎城区G207(锡海线),距鼎城永欣机械制造公司 约184米,距石板滩中学 约294米",111.63996499999999,29.162403,21,0.3118018907788058
272,,2017-05-31 09:17:29,0,21,"ACC开,3D定位,天线正常","湖南省常德市鼎城区G207(锡海线),距鼎城永欣机械制造公司 约184米,距石板滩中学 约294米",111.639969,29.162403,21,0.3884008765634848
273,,2017-05-31 09:17:59,0,21,"ACC开,3D定位,天线正常","湖南省常德市鼎城区G207(锡海线),距鼎城永欣机械制造公司 约184米,距石板滩中学 约294米",111.63996999999999,29.162403,21,0.09710022099386656
274,,2017-05-31 09:18:29,0,21,"ACC开,3D定位,天线正常","湖南省常德市鼎城区G207(锡海线),距鼎城永欣机械制造公司 约184米,距石板滩中学 约294米",111.63996999999999,29.162402,21,0.1111950845175192
275,,2017-05-31 09:18:59,0,21,"ACC开,3D定位,天线正常","湖南省常德市鼎城区G207(锡海线),距鼎城永欣机械制造公司 约184米,距石板滩中学 约294米",111.63996999999999,29.162403,21,0.1111950845175192
276,,2017-05-31 09:19:29,0,21,"ACC开,3D定位,天线正常","湖南省常德市鼎城区G207(锡海线),距鼎城永欣机械制造公司 约184米,距石板滩中学 约294米",111.639971,29.162402,21,0.1476238440657998
277,,2017-05-31 09:19:59,0,21,"ACC开,3D定位,天线正常","湖南省常德市鼎城区G207(锡海线),距鼎城永欣机械制造公司 约184米,距石板滩中学 约294米",111.63996999999999,29.162403,21,0.14762384415505014
278,,2017-05-31 09:20:29,0,21,"ACC开,3D定位,天线正常","湖南省常德市鼎城区G207(锡海线),距鼎城永欣机械制造公司 约183米,距石板滩中学 约295米",111.63996999999999,29.162388,21,1.6679262560919597
279,,2017-05-31 09:20:59,6,21,"ACC开,3D定位,天线正常","湖南省常德市鼎城区G207(锡海线),距鼎城永欣机械制造公司 约204米,距石板滩中学 约230米",111.63952900000001,29.162831,21,65.26973402520514
280,,2017-05-31 09:21:29,17,21,"ACC开,3D定位,天线正常","湖南省常德市鼎城区G207(锡海线),距鼎城永欣机械制造公司 约164米,距石板滩中学 约224米",111.639073,29.162571000000003,21,52.88036661564816
281,,2017-05-31 09:21:59,21,22,"ACC开,3D定位,天线正常","湖南省常德市鼎城区G207(锡海线),距鼎城永欣机械制造公司 约45米,距常德金德山水泥有限公司 约194米",111.639145,29.160882,22,187.93857790884914
282,,2017-05-31 09:22:29,13,22,"ACC开,3D定位,天线正常","湖南省常德市鼎城区G207(锡海线),距鼎城永欣机械制造公司 约72米,距常德金德山水泥有限公司 约215米",111.63821100000001,29.160694,22,93.07110938507276
283,,2017-05-31 09:22:59,0,22,"ACC开,3D定位,天线正常","湖南省常德市鼎城区G207(锡海线),距鼎城永欣机械制造公司 约79米,距常德金德山水泥有限公司 约221米",111.638117,29.160687,22,9.160700797863178
284,,2017-05-31 09:23:29,0,22,"ACC开,3D定位,天线正常","湖南省常德市鼎城区G207(锡海线),距鼎城永欣机械制造公司 约80米,距常德金德山水泥有限公司 约221米",111.638112,29.160686,22,0.4980798550021508
285,,2017-05-31 09:23:59,0,22,"ACC开,3D定位,天线正常","湖南省常德市鼎城区G207(锡海线),距鼎城永欣机械制造公司 约79米,距常德金德山水泥有限公司 约221米",111.63811399999999,29.160686,22,0.1942036856847196
286,,2017-05-31 09:24:29,13,22,"ACC开,3D定位,天线正常","湖南省常德市鼎城区G207(锡海线),距鼎城永欣机械制造公司 约108米,距常德金德山水泥有限公司 约244米",111.63776999999999,29.160686,22,33.40303401805767
287,,2017-05-31 09:24:59,8,22,"ACC开,3D定位,天线正常","湖南省常德市鼎城区G207(锡海线),距鼎城永欣机械制造公司 约117米,距常德金德山水泥有限公司 约246米",111.637693,29.160642,22,8.935354727657002
288,,2017-05-31 09:25:29,0,22,"ACC开,3D定位,天线正常","湖南省常德市鼎城区G207(锡海线),距鼎城永欣机械制造公司 约77米,距常德金德山水泥有限公司 约221米",111.63813200000001,29.160698999999997,22,43.09633273005724
289,,2017-05-31 09:25:59,0,22,"ACC开,3D定位,天线正常","湖南省常德市鼎城区G207(锡海线),距鼎城永欣机械制造公司 约75米,距常德金德山水泥有限公司 约222米",111.63813999999999,29.160719,22,2.355669657217651
290,,2017-05-31 09:26:29,0,22,"ACC开,3D定位,天线正常","湖南省常德市鼎城区G207(锡海线),距鼎城永欣机械制造公司 约76米,距常德金德山水泥有限公司 约222米",111.638139,29.160715000000003,22,0.4552563107582594
291,,2017-05-31 09:26:59,0,22,"ACC开,3D定位,天线正常","湖南省常德市鼎城区G207(锡海线),距鼎城永欣机械制造公司 约76米,距常德金德山水泥有限公司 约222米",111.63813700000001,29.160715999999997,22,0.2237842634760722
292,,2017-05-31 09:27:29,0,22,"ACC开,3D定位,天线正常","湖南省常德市鼎城区G207(锡海线),距鼎城永欣机械制造公司 约74米,距常德金德山水泥有限公司 约221米",111.638153,29.160724,22,1.7902740504475791
293,,2017-05-31 09:27:59,0,22,"ACC开,3D定位,天线正常","湖南省常德市鼎城区G207(锡海线),距鼎城永欣机械制造公司 约72米,距常德金德山水泥有限公司 约221米",111.638178,29.160731,22,2.5492799331704767
294,,2017-05-31 09:28:29,0,22,"ACC开,3D定位,天线正常","湖南省常德市鼎城区G207(锡海线),距鼎城永欣机械制造公司 约73米,距常德金德山水泥有限公司 约221米",111.63816299999999,29.160726,22,1.5590316523283585
295,,2017-05-31 09:28:59,0,22,"ACC开,3D定位,天线正常","湖南省常德市鼎城区G207(锡海线),距鼎城永欣机械制造公司 约75米,距常德金德山水泥有限公司 约221米",111.63815100000001,29.160716999999998,22,1.5359862375290811
296,,2017-05-31 09:29:29,0,22,"ACC开,3D定位,天线正常","湖南省常德市鼎城区G207(锡海线),距鼎城永欣机械制造公司 约72米,距常德金德山水泥有限公司 约219米",111.638181,29.160716999999998,22,2.9130544144758588
297,,2017-05-31 09:29:59,0,22,"ACC开,3D定位,天线正常","湖南省常德市鼎城区G207(锡海线),距鼎城永欣机械制造公司 约60米,距常德金德山水泥有限公司 约212米",111.638329,29.160734,22,14.494856672663932
298,,2017-05-31 09:30:29,0,22,"ACC开,3D定位,天线正常","湖南省常德市鼎城区G207(锡海线),距鼎城永欣机械制造公司 约54米,距常德金德山水泥有限公司 约210米",111.638397,29.160752000000002,22,6.899610337843297
299,,2017-05-31 09:30:59,0,22,"ACC开,3D定位,天线正常","湖南省常德市鼎城区G207(锡海线),距鼎城永欣机械制造公司 约54米,距常德金德山水泥有限公司 约210米",111.638396,29.160752000000002,22,0.09710177981261063
300,,2017-05-31 09:31:29,0,22,"ACC开,3D定位,天线正常","湖南省常德市鼎城区G207(锡海线),距鼎城永欣机械制造公司 约54米,距常德金德山水泥有限公司 约209米",111.638405,29.160746999999997,22,1.035778896860537
301,,2017-05-31 09:31:59,0,22,"ACC开,3D定位,天线正常","湖南省常德市鼎城区G207(锡海线),距鼎城永欣机械制造公司 约54米,距常德金德山水泥有限公司 约209米",111.638406,29.160746999999997,22,0.09710178577615274
302,,2017-05-31 09:32:29,0,22,"ACC开,3D定位,天线正常","湖南省常德市鼎城区G207(锡海线),距鼎城永欣机械制造公司 约54米,距常德金德山水泥有限公司 约209米",111.638406,29.160746999999997,22,0.0
303,,2017-05-31 09:32:59,0,22,"ACC开,3D定位,天线正常","湖南省常德市鼎城区G207(锡海线),距鼎城永欣机械制造公司 约54米,距常德金德山水泥有限公司 约209米",111.638397,29.160747999999998,22,0.8809617675614497
304,,2017-05-31 09:33:29,0,22,"ACC开,3D定位,天线正常","湖南省常德市鼎城区G207(锡海线),距鼎城永欣机械制造公司 约55米,距常德金德山水泥有限公司 约209米",111.63839499999999,29.160746000000003,22,0.29524974755281697
305,,2017-05-31 09:33:59,0,22,"ACC开,3D定位,天线正常","湖南省常德市鼎城区G207(锡海线),距鼎城永欣机械制造公司 约54米,距常德金德山水泥有限公司 约209米",111.638405,29.160746000000003,22,0.9710178635118596
306,,2017-05-31 09:34:29,0,22,"ACC开,3D定位,天线正常","湖南省常德市鼎城区G207(锡海线),距鼎城永欣机械制造公司 约54米,距常德金德山水泥有限公司 约208米",111.63841200000002,29.160744,22,0.7151688515201949
307,,2017-05-31 09:34:59,0,22,"ACC开,3D定位,天线正常","湖南省常德市鼎城区G207(锡海线),距鼎城永欣机械制造公司 约53米,距常德金德山水泥有限公司 约208米",111.638423,29.160745000000002,22,1.073891969368791
308,,2017-05-31 09:35:29,0,22,"ACC开,3D定位,天线正常","湖南省常德市鼎城区G207(锡海线),距鼎城永欣机械制造公司 约52米,距常德金德山水泥有限公司 约208米",111.638429,29.16075,22,0.8053222366578605
309,,2017-05-31 09:35:59,0,22,"ACC开,3D定位,天线正常","湖南省常德市鼎城区G207(锡海线),距鼎城永欣机械制造公司 约53米,距常德金德山水泥有限公司 约208米",111.638426,29.160747999999998,22,0.3664917372093425
310,,2017-05-31 09:36:29,0,22,"ACC开,3D定位,天线正常","湖南省常德市鼎城区G207(锡海线),距鼎城永欣机械制造公司 约51米,距常德金德山水泥有限公司 约207米",111.638449,29.160752000000002,22,2.2772003784194603
311,,2017-05-31 09:36:59,0,22,"ACC开,3D定位,天线正常","湖南省常德市鼎城区G207(锡海线),距鼎城永欣机械制造公司 约50米,距常德金德山水泥有限公司 约207米",111.63845900000001,29.160753999999997,22,0.996159098398057
312,,2017-05-31 09:37:29,0,22,"ACC开,3D定位,天线正常","湖南省常德市鼎城区G207(锡海线),距鼎城永欣机械制造公司 约50米,距常德金德山水泥有限公司 约207米",111.638456,29.160753999999997,22,0.2913053362347012
313,,2017-05-31 09:37:59,0,22,"ACC开,3D定位,天线正常","湖南省常德市鼎城区G207(锡海线),距鼎城永欣机械制造公司 约50米,距常德金德山水泥有限公司 约207米",111.63845900000001,29.160753999999997,22,0.2913053362347012
314,,2017-05-31 09:38:29,0,22,"ACC开,3D定位,天线正常","湖南省常德市鼎城区G207(锡海线),距鼎城永欣机械制造公司 约50米,距常德金德山水泥有限公司 约207米",111.638456,29.160752000000002,22,0.3664917286188828
315,,2017-05-31 09:38:59,0,22,"ACC开,3D定位,天线正常","湖南省常德市鼎城区G207(锡海线),距鼎城永欣机械制造公司 约50米,距常德金德山水泥有限公司 约207米",111.638456,29.160752000000002,22,0.0
316,,2017-05-31 09:39:29,0,22,"ACC开,3D定位,天线正常","湖南省常德市鼎城区G207(锡海线),距鼎城永欣机械制造公司 约51米,距常德金德山水泥有限公司 约207米",111.638451,29.160751,22,0.498079555347528
317,,2017-05-31 09:39:59,0,22,"ACC开,3D定位,天线正常","湖南省常德市鼎城区G207(锡海线),距鼎城永欣机械制造公司 约51米,距常德金德山水泥有限公司 约207米",111.638453,29.160752000000002,22,0.2237842040385372
318,,2017-05-31 09:40:29,0,22,"ACC开,3D定位,天线正常","湖南省常德市鼎城区G207(锡海线),距鼎城永欣机械制造公司 约50米,距常德金德山水泥有限公司 约207米",111.638456,29.160753999999997,22,0.3664917288366177
319,,2017-05-31 09:40:59,0,22,"ACC开,3D定位,天线正常","湖南省常德市鼎城区G207(锡海线),距鼎城永欣机械制造公司 约50米,距常德金德山水泥有限公司 约207米",111.63846000000001,29.160752000000002,22,0.4475684036770033
320,,2017-05-31 09:41:29,0,22,"ACC开,3D定位,天线正常","湖南省常德市鼎城区G207(锡海线),距鼎城永欣机械制造公司 约50米,距常德金德山水泥有限公司 约206米",111.638461,29.160749,22,0.3474303902864608
321,,2017-05-31 09:41:59,0,22,"ACC开,3D定位,天线正常","湖南省常德市鼎城区G207(锡海线),距鼎城永欣机械制造公司 约51米,距常德金德山水泥有限公司 约206米",111.63846000000001,29.160749,22,0.09710178512022613
322,,2017-05-31 09:42:29,0,22,"ACC开,3D定位,天线正常","湖南省常德市鼎城区G207(锡海线),距鼎城永欣机械制造公司 约51米,距常德金德山水泥有限公司 约207米",111.638456,29.16075,22,0.40401045287295934
323,,2017-05-31 09:42:59,0,22,"ACC开,3D定位,天线正常","湖南省常德市鼎城区G207(锡海线),距鼎城永欣机械制造公司 约50米,距常德金德山水泥有限公司 约206米",111.63846399999998,29.160746999999997,22,0.8454108644641758
324,,2017-05-31 09:43:29,0,22,"ACC开,3D定位,天线正常","湖南省常德市鼎城区G207(锡海线),距鼎城永欣机械制造公司 约51米,距常德金德山水泥有限公司 约206米",111.63846299999999,29.160746999999997,22,0.09710178330545244
325,,2017-05-31 09:43:59,0,22,"ACC开,3D定位,天线正常","湖南省常德市鼎城区G207(锡海线),距鼎城永欣机械制造公司 约51米,距常德金德山水泥有限公司 约206米",111.638461,29.160742,22,0.5889173919086834
326,,2017-05-31 09:44:29,0,22,"ACC开,3D定位,天线正常","湖南省常德市鼎城区G207(锡海线),距鼎城永欣机械制造公司 约52米,距常德金德山水泥有限公司 约206米",111.63845500000001,29.160740999999998,22,0.5931269901930555
327,,2017-05-31 09:44:59,0,22,"ACC开,3D定位,天线正常","湖南省常德市鼎城区G207(锡海线),距鼎城永欣机械制造公司 约52米,距常德金德山水泥有限公司 约206米",111.63845400000001,29.160739000000003,22,0.2426646748080964
328,,2017-05-31 09:45:29,0,22,"ACC开,3D定位,天线正常","湖南省常德市鼎城区G207(锡海线),距鼎城永欣机械制造公司 约51米,距常德金德山水泥有限公司 约206米",111.63845500000001,29.160743,22,0.45525630542429
329,,2017-05-31 09:45:59,0,22,"ACC开,3D定位,天线正常","湖南省常德市鼎城区G207(锡海线),距鼎城永欣机械制造公司 约52米,距常德金德山水泥有限公司 约206米",111.638453,29.160740000000004,22,0.3859976034513088
330,,2017-05-31 09:46:29,0,22,"ACC开,3D定位,天线正常","湖南省常德市鼎城区G207(锡海线),距鼎城永欣机械制造公司 约52米,距常德金德山水泥有限公司 约206米",111.638449,29.160739000000003,22,0.4040104906823101
331,,2017-05-31 09:46:59,0,22,"ACC开,3D定位,天线正常","湖南省常德市鼎城区G207(锡海线),距鼎城永欣机械制造公司 约53米,距常德金德山水泥有限公司 约206米",111.638443,29.160736,22,0.6713526824660739
332,,2017-05-31 09:47:29,0,22,"ACC开,3D定位,天线正常","湖南省常德市鼎城区G207(锡海线),距鼎城永欣机械制造公司 约53米,距常德金德山水泥有限公司 约206米",111.638442,29.160737,22,0.1476248804479846
333,,2017-05-31 09:47:59,0,22,"ACC开,3D定位,天线正常","湖南省常德市鼎城区G207(锡海线),距鼎城永欣机械制造公司 约53米,距常德金德山水泥有限公司 约206米",111.63844099999999,29.160736,22,0.14762487954619272
334,,2017-05-31 09:48:29,0,22,"ACC开,3D定位,天线正常","湖南省常德市鼎城区G207(锡海线),距鼎城永欣机械制造公司 约53米,距常德金德山水泥有限公司 约206米",111.63844099999999,29.160736,22,0.0
335,,2017-05-31 09:48:59,0,22,"ACC开,3D定位,天线正常","湖南省常德市鼎城区G207(锡海线),距鼎城永欣机械制造公司 约53米,距常德金德山水泥有限公司 约206米",111.63844099999999,29.160736,22,0.0
336,,2017-05-31 09:49:29,0,22,"ACC开,3D定位,天线正常","湖南省常德市鼎城区G207(锡海线),距鼎城永欣机械制造公司 约53米,距常德金德山水泥有限公司 约206米",111.63844099999999,29.160735,22,0.1111950845175192
337,,2017-05-31 09:50:59,0,22,"ACC开,3D定位,天线正常","湖南省常德市鼎城区G207(锡海线),距鼎城永欣机械制造公司 约53米,距常德金德山水泥有限公司 约206米",111.638442,29.160733,22,0.2426646765841447
338,,2017-05-31 09:51:29,0,22,"ACC开,3D定位,天线正常","湖南省常德市鼎城区G207(锡海线),距鼎城永欣机械制造公司 约59米,距常德金德山水泥有限公司 约205米",111.638392,29.160693,22,6.58444090791329
339,,2017-05-31 09:51:59,0,22,"ACC开,3D定位,天线正常","湖南省常德市鼎城区G207(锡海线),距鼎城永欣机械制造公司 约60米,距常德金德山水泥有限公司 约205米",111.63838999999999,29.160691999999997,22,0.22378430081430534
340,,2017-05-31 09:52:29,0,22,"ACC开,3D定位,天线正常","湖南省常德市鼎城区G207(锡海线),距鼎城永欣机械制造公司 约60米,距常德金德山水泥有限公司 约205米",111.63838600000001,29.160690999999996,22,0.4040106651352207
341,,2017-05-31 09:52:59,0,22,"ACC开,3D定位,天线正常","湖南省常德市鼎城区G207(锡海线),距鼎城永欣机械制造公司 约58米,距常德金德山水泥有限公司 约199米",111.638457,29.160674,22,7.148686492639596
342,,2017-05-31 09:53:29,0,22,"ACC开,3D定位,天线正常","湖南省常德市鼎城区G207(锡海线),距鼎城永欣机械制造公司 约57米,距常德金德山水泥有限公司 约199米",111.63845900000001,29.160675,22,0.2237843307684729
343,,2017-05-31 09:53:59,0,22,"ACC开,3D定位,天线正常","湖南省常德市鼎城区G207(锡海线),距鼎城永欣机械制造公司 约58米,距常德金德山水泥有限公司 约200米",111.638449,29.160679,22,1.0680386247751308
344,,2017-05-31 09:54:29,0,22,"ACC开,3D定位,天线正常","湖南省常德市鼎城区G207(锡海线),距鼎城永欣机械制造公司 约58米,距常德金德山水泥有限公司 约201米",111.638443,29.160678000000004,22,0.5931273399602154
345,,2017-05-31 09:55:59,0,22,"ACC开,3D定位,天线正常","湖南省常德市鼎城区G207(锡海线),距鼎城永欣机械制造公司 约59米,距常德金德山水泥有限公司 约200米",111.638443,29.16067,22,0.8895606697742396
346,,2017-05-31 09:56:29,0,22,"ACC开,3D定位,天线正常","湖南省常德市鼎城区G207(锡海线),距鼎城永欣机械制造公司 约56米,距常德金德山水泥有限公司 约199米",111.638474,29.160678000000004,22,3.138847922377757
347,,2017-05-31 09:56:59,0,22,"ACC开,3D定位,天线正常","湖南省常德市鼎城区G207(锡海线),距鼎城永欣机械制造公司 约56米,距常德金德山水泥有限公司 约199米",111.638475,29.160679,22,0.14762491652414314
348,,2017-05-31 09:57:29,0,22,"ACC开,3D定位,天线正常","湖南省常德市鼎城区G207(锡海线),距鼎城永欣机械制造公司 约55米,距常德金德山水泥有限公司 约199米",111.638479,29.160684999999997,22,0.7719953229028904
349,,2017-05-31 09:57:59,0,22,"ACC开,3D定位,天线正常","湖南省常德市鼎城区G207(锡海线),距鼎城永欣机械制造公司 约54米,距常德金德山水泥有限公司 约200米",111.63848999999999,29.160697999999996,22,1.7973467610813236
350,,2017-05-31 09:58:29,0,22,"ACC开,3D定位,天线正常","湖南省常德市鼎城区G207(锡海线),距鼎城永欣机械制造公司 约54米,距常德金德山水泥有限公司 约200米",111.63848999999999,29.160697999999996,22,0.0
351,,2017-05-31 09:58:59,0,22,"ACC开,3D定位,天线正常","湖南省常德市鼎城区G207(锡海线),距鼎城永欣机械制造公司 约54米,距常德金德山水泥有限公司 约200米",111.638488,29.160698999999997,22,0.22378429262559602
352,,2017-05-31 09:59:29,0,22,"ACC开,3D定位,天线正常","湖南省常德市鼎城区G207(锡海线),距鼎城永欣机械制造公司 约51米,距常德金德山水泥有限公司 约201米",111.638504,29.160721999999996,22,2.992407527689478
353,,2017-05-31 09:59:59,0,22,"ACC开,3D定位,天线正常","湖南省常德市鼎城区G207(锡海线),距鼎城永欣机械制造公司 约51米,距常德金德山水泥有限公司 约203米",111.638481,29.160726,22,2.277200933088561
354,,2017-05-31 10:00:29,0,22,"ACC开,3D定位,天线正常","湖南省常德市鼎城区G207(锡海线),距鼎城永欣机械制造公司 约54米,距常德金德山水泥有限公司 约202米",111.638465,29.160709000000004,22,2.4468468054472248
355,,2017-05-31 10:00:59,0,22,"ACC开,3D定位,天线正常","湖南省常德市鼎城区G207(锡海线),距鼎城永欣机械制造公司 约53米,距常德金德山水泥有限公司 约203米",111.638469,29.16072,22,1.2833339965764092
356,,2017-05-31 10:01:29,0,22,"ACC开,3D定位,天线正常","湖南省常德市鼎城区G207(锡海线),距鼎城永欣机械制造公司 约59米,距常德金德山水泥有限公司 约202米",111.638424,29.160682,22,6.078434504562558
357,,2017-05-31 10:01:59,0,22,"ACC开,3D定位,天线正常","湖南省常德市鼎城区G207(锡海线),距鼎城永欣机械制造公司 约58米,距常德金德山水泥有限公司 约202米",111.638428,29.160687,22,0.6782101122743267
358,,2017-05-31 10:02:29,0,22,"ACC开,3D定位,天线正常","湖南省常德市鼎城区G207(锡海线),距鼎城永欣机械制造公司 约56米,距常德金德山水泥有限公司 约204米",111.638429,29.160704,22,1.8928087453998963
359,,2017-05-31 10:02:59,0,22,"ACC开,3D定位,天线正常","湖南省常德市鼎城区G207(锡海线),距鼎城永欣机械制造公司 约55米,距常德金德山水泥有限公司 约206米",111.63842199999999,29.16072,22,1.9045425003173675
360,,2017-05-31 10:03:29,0,22,"ACC开,3D定位,天线正常","湖南省常德市鼎城区G207(锡海线),距鼎城永欣机械制造公司 约50米,距常德金德山水泥有限公司 约207米",111.63846299999999,29.160754999999998,22,5.567411214087808
361,,2017-05-31 10:03:59,0,22,"ACC开,3D定位,天线正常","湖南省常德市鼎城区G207(锡海线),距鼎城永欣机械制造公司 约50米,距常德金德山水泥有限公司 约207米",111.63846399999998,29.160754999999998,22,0.0971017757403451
362,,2017-05-31 10:04:29,0,22,"ACC开,3D定位,天线正常","湖南省常德市鼎城区G207(锡海线),距鼎城永欣机械制造公司 约50米,距常德金德山水泥有限公司 约207米",111.63846299999999,29.160754999999998,22,0.0971017757403451
363,,2017-05-31 10:04:59,0,22,"ACC开,3D定位,天线正常","湖南省常德市鼎城区G207(锡海线),距鼎城永欣机械制造公司 约50米,距常德金德山水泥有限公司 约207米",111.638462,29.160754999999998,22,0.09710177821104522
364,,2017-05-31 10:05:29,0,22,"ACC开,3D定位,天线正常","湖南省常德市鼎城区G207(锡海线),距鼎城永欣机械制造公司 约50米,距常德金德山水泥有限公司 约207米",111.638462,29.160754999999998,22,0.0
365,,2017-05-31 10:06:59,0,22,"ACC开,3D定位,天线正常","湖南省常德市鼎城区G207(锡海线),距鼎城永欣机械制造公司 约50米,距常德金德山水泥有限公司 约207米",111.638462,29.160754999999998,22,0.0
366,,2017-05-31 10:07:29,0,22,"ACC开,3D定位,天线正常","湖南省常德市鼎城区G207(锡海线),距鼎城永欣机械制造公司 约108米,距常德金德山水泥有限公司 约248米",111.637754,29.160728999999996,22,68.80882988599576
367,,2017-05-31 10:07:59,15,22,"ACC开,3D定位,天线正常","湖南省常德市鼎城区G207(锡海线),距鼎城永欣机械制造公司 约112米,距常德金德山水泥有限公司 约305米",111.63763999999999,29.161328,22,67.51944453942464
368,,2017-05-31 10:08:29,15,22,"ACC开,3D定位,天线正常","湖南省常德市鼎城区G207(锡海线),距鼎城永欣机械制造公司 约186米,距石板滩中学 约203米",111.637598,29.162442,22,123.93843910025404
369,,2017-05-31 10:08:59,17,22,"ACC开,3D定位,天线正常","湖南省常德市鼎城区G207(锡海线),距石板滩中学 约161米,距鼎城永欣机械制造公司 约205米",111.638526,29.162955,22,106.64660581554905
370,,2017-05-31 10:09:29,13,22,"ACC开,3D定位,天线正常","湖南省常德市鼎城区G207(锡海线),距鼎城永欣机械制造公司 约195米,距石板滩中学 约250米",111.63966699999999,29.162693,22,114.55723833386236
371,,2017-05-31 10:09:59,11,22,"ACC开,3D定位,天线正常","湖南省常德市鼎城区G207(锡海线),距鼎城永欣机械制造公司 约166米,距石板滩中学 约298米",111.639867,29.162259999999996,22,51.916438168562834
372,,2017-05-31 10:10:29,0,22,"ACC开,3D定位,天线正常","湖南省常德市鼎城区G207(锡海线),距鼎城永欣机械制造公司 约179米,距石板滩中学 约294米",111.639928,29.162369,22,13.490149558174489
373,,2017-05-31 10:10:59,0,22,"ACC开,3D定位,天线正常","湖南省常德市鼎城区G207(锡海线),距鼎城永欣机械制造公司 约179米,距石板滩中学 约294米",111.639926,29.162368,22,0.2237815503173028
374,,2017-05-31 10:11:29,0,22,"ACC开,3D定位,天线正常","湖南省常德市鼎城区G207(锡海线),距鼎城永欣机械制造公司 约179米,距石板滩中学 约294米",111.639925,29.162369,22,0.14762386503766678
375,,2017-05-31 10:11:59,0,22,"ACC开,3D定位,天线正常","湖南省常德市鼎城区G207(锡海线),距鼎城永欣机械制造公司 约179米,距石板滩中学 约293米",111.639925,29.16237000000001,22,0.1111950838101951
376,,2017-05-31 10:12:29,0,22,"ACC开,3D定位,天线正常","湖南省常德市鼎城区G207(锡海线),距鼎城永欣机械制造公司 约179米,距石板滩中学 约293米",111.639924,29.162371000000004,22,0.147623864885917
377,,2017-05-31 10:12:59,0,22,"ACC开,3D定位,天线正常","湖南省常德市鼎城区G207(锡海线),距鼎城永欣机械制造公司 约179米,距石板滩中学 约293米",111.639924,29.162371999999998,22,0.11119508310287103
378,,2017-05-31 10:13:29,0,22,"ACC开,3D定位,天线正常","湖南省常德市鼎城区G207(锡海线),距鼎城永欣机械制造公司 约179米,距石板滩中学 约293米",111.639924,29.162373,22,0.11119508345653306
379,,2017-05-31 10:13:59,0,22,"ACC开,3D定位,天线正常","湖南省常德市鼎城区G207(锡海线),距鼎城永欣机械制造公司 约179米,距石板滩中学 约293米",111.639925,29.162373,22,0.09710024936447267
380,,2017-05-31 10:14:29,0,22,"ACC开,3D定位,天线正常","湖南省常德市鼎城区G207(锡海线),距鼎城永欣机械制造公司 约179米,距石板滩中学 约293米",111.639926,29.162371999999998,22,0.14762386192751992
381,,2017-05-31 10:14:59,0,22,"ACC开,3D定位,天线正常","湖南省常德市鼎城区G207(锡海线),距鼎城永欣机械制造公司 约179米,距石板滩中学 约293米",111.639926,29.162373,22,0.11119508345653306
382,,2017-05-31 10:15:29,0,22,"ACC开,3D定位,天线正常","湖南省常德市鼎城区G207(锡海线),距鼎城永欣机械制造公司 约179米,距石板滩中学 约293米",111.639927,29.162373,22,0.0971002481291421
383,,2017-05-31 10:15:59,0,22,"ACC开,3D定位,天线正常","湖南省常德市鼎城区G207(锡海线),距鼎城永欣机械制造公司 约179米,距石板滩中学 约293米",111.639927,29.162373,22,0.0
384,,2017-05-31 10:16:29,0,22,"ACC开,3D定位,天线正常","湖南省常德市鼎城区G207(锡海线),距鼎城永欣机械制造公司 约179米,距石板滩中学 约293米",111.639928,29.162373,22,0.09710024689381153
385,,2017-05-31 10:16:59,0,22,"ACC开,3D定位,天线正常","湖南省常德市鼎城区G207(锡海线),距鼎城永欣机械制造公司 约180米,距石板滩中学 约293米",111.63993,29.162374,22,0.2237815435937876
386,,2017-05-31 10:17:29,0,22,"ACC开,3D定位,天线正常","湖南省常德市鼎城区G207(锡海线),距鼎城永欣机械制造公司 约180米,距石板滩中学 约294米",111.639932,29.162374,22,0.19420049313158075
387,,2017-05-31 10:17:59,0,22,"ACC开,3D定位,天线正常","湖南省常德市鼎城区G207(锡海线),距鼎城永欣机械制造公司 约180米,距石板滩中学 约294米",111.639931,29.162374,22,0.09710024594812508
388,,2017-05-31 10:18:29,0,22,"ACC开,3D定位,天线正常","湖南省常德市鼎城区G207(锡海线),距鼎城永欣机械制造公司 约179米,距石板滩中学 约293米",111.63992900000001,29.162374,22,0.19420049436691128
389,,2017-05-31 10:18:59,0,22,"ACC开,3D定位,天线正常","湖南省常德市鼎城区G207(锡海线),距鼎城永欣机械制造公司 约179米,距石板滩中学 约293米",111.639928,29.162374,22,0.09710024718345564
390,,2017-05-31 10:19:29,0,22,"ACC开,3D定位,天线正常","湖南省常德市鼎城区G207(锡海线),距鼎城永欣机械制造公司 约179米,距石板滩中学 约293米",111.639927,29.162374,22,0.09710024594812508
391,,2017-05-31 10:19:59,0,22,"ACC开,3D定位,天线正常","湖南省常德市鼎城区G207(锡海线),距鼎城永欣机械制造公司 约179米,距石板滩中学 约293米",111.639926,29.162373,22,0.14762386291720386
392,,2017-05-31 10:20:29,0,22,"ACC开,3D定位,天线正常","湖南省常德市鼎城区G207(锡海线),距鼎城永欣机械制造公司 约179米,距石板滩中学 约293米",111.639925,29.162371999999998,22,0.14762386192751992
393,,2017-05-31 10:20:59,0,22,"ACC开,3D定位,天线正常","湖南省常德市鼎城区G207(锡海线),距鼎城永欣机械制造公司 约179米,距石板滩中学 约293米",111.639922,29.162371999999998,22,0.29130074722448546
394,,2017-05-31 10:21:29,0,22,"ACC开,3D定位,天线正常","湖南省常德市鼎城区G207(锡海线),距鼎城永欣机械制造公司 约179米,距石板滩中学 约293米",111.639921,29.162371999999998,22,0.0971002478394979
395,,2017-05-31 10:22:59,0,22,"ACC开,3D定位,天线正常","湖南省常德市鼎城区G207(锡海线),距鼎城永欣机械制造公司 约179米,距石板滩中学 约293米",111.639922,29.162371000000004,22,0.14762386228315955
396,,2017-05-31 10:23:29,0,22,"ACC开,3D定位,天线正常","湖南省常德市鼎城区G207(锡海线),距鼎城永欣机械制造公司 约179米,距石板滩中学 约293米",111.63991999999999,29.162371000000004,22,0.19420049880569912
397,,2017-05-31 10:23:59,0,22,"ACC开,3D定位,天线正常","湖南省常德市鼎城区G207(锡海线),距鼎城永欣机械制造公司 约179米,距石板滩中学 约293米",111.639921,29.162371000000004,22,0.09710025002051488
398,,2017-05-31 10:24:29,0,22,"ACC开,3D定位,天线正常","湖南省常德市鼎城区G207(锡海线),距鼎城永欣机械制造公司 约179米,距石板滩中学 约293米",111.639922,29.162371000000004,22,0.09710024878518424
399,,2017-05-31 10:24:59,0,22,"ACC开,3D定位,天线正常","湖南省常德市鼎城区G207(锡海线),距鼎城永欣机械制造公司 约179米,距石板滩中学 约293米",111.639923,29.162371000000004,22,0.09710025002051488
400,,2017-05-31 10:25:29,0,22,"ACC开,3D定位,天线正常","湖南省常德市鼎城区G207(锡海线),距鼎城永欣机械制造公司 约179米,距石板滩中学 约293米",111.639924,29.162371000000004,22,0.09710024878518424
401,,2017-05-31 10:25:59,0,22,"ACC开,3D定位,天线正常","湖南省常德市鼎城区G207(锡海线),距鼎城永欣机械制造公司 约179米,距石板滩中学 约293米",111.639925,29.162371000000004,22,0.09710025125584547
402,,2017-05-31 10:26:29,0,22,"ACC开,3D定位,天线正常","湖南省常德市鼎城区G207(锡海线),距鼎城永欣机械制造公司 约179米,距石板滩中学 约293米",111.639925,29.162371999999998,22,0.11119508310287103
403,,2017-05-31 10:26:59,0,22,"ACC开,3D定位,天线正常","湖南省常德市鼎城区G207(锡海线),距鼎城永欣机械制造公司 约179米,距石板滩中学 约293米",111.639925,29.162371999999998,22,0.0
404,,2017-05-31 10:27:29,0,22,"ACC开,3D定位,天线正常","湖南省常德市鼎城区G207(锡海线),距鼎城永欣机械制造公司 约179米,距石板滩中学 约293米",111.639925,29.162371000000004,22,0.11119508310287103
405,,2017-05-31 10:27:59,0,22,"ACC开,3D定位,天线正常","湖南省常德市鼎城区G207(锡海线),距鼎城永欣机械制造公司 约179米,距石板滩中学 约293米",111.639924,29.16237000000001,22,0.14762386479666706
406,,2017-05-31 10:28:29,0,22,"ACC开,3D定位,天线正常","湖南省常德市鼎城区G207(锡海线),距鼎城永欣机械制造公司 约179米,距石板滩中学 约294米",111.639927,29.16237000000001,22,0.2913007528986036
407,,2017-05-31 10:28:59,0,22,"ACC开,3D定位,天线正常","湖南省常德市鼎城区G207(锡海线),距鼎城永欣机械制造公司 约179米,距石板滩中学 约294米",111.639928,29.16237000000001,22,0.0971002497308706
408,,2017-05-31 10:29:29,0,22,"ACC开,3D定位,天线正常","湖南省常德市鼎城区G207(锡海线),距鼎城永欣机械制造公司 约179米,距石板滩中学 约294米",111.63992900000001,29.16237000000001,22,0.09710025096620124
409,,2017-05-31 10:29:59,0,22,"ACC开,3D定位,天线正常","湖南省常德市鼎城区G207(锡海线),距鼎城永欣机械制造公司 约179米,距石板滩中学 约294米",111.639931,29.162371000000004,22,0.2237815479906656
410,,2017-05-31 10:30:29,0,22,"ACC开,3D定位,天线正常","湖南省常德市鼎城区G207(锡海线),距鼎城永欣机械制造公司 约179米,距石板滩中学 约294米",111.639932,29.162371000000004,22,0.09710024878518424
411,,2017-05-31 10:30:59,0,22,"ACC开,3D定位,天线正常","湖南省常德市鼎城区G207(锡海线),距鼎城永欣机械制造公司 约179米,距石板滩中学 约294米",111.63993300000001,29.16237000000001,22,0.14762386398412286
412,,2017-05-31 10:31:29,0,22,"ACC开,3D定位,天线正常","湖南省常德市鼎城区G207(锡海线),距鼎城永欣机械制造公司 约179米,距石板滩中学 约294米",111.63993400000001,29.16237000000001,22,0.0971002497308706
413,,2017-05-31 10:31:59,0,22,"ACC开,3D定位,天线正常","湖南省常德市鼎城区G207(锡海线),距鼎城永欣机械制造公司 约179米,距石板滩中学 约294米",111.639936,29.162369,22,0.2237815495722497
414,,2017-05-31 10:32:29,0,22,"ACC开,3D定位,天线正常","湖南省常德市鼎城区G207(锡海线),距鼎城永欣机械制造公司 约180米,距石板滩中学 约294米",111.63993799999999,29.162369,22,0.1942005025884444
415,,2017-05-31 10:32:59,0,22,"ACC开,3D定位,天线正常","湖南省常德市鼎城区G207(锡海线),距鼎城永欣机械制造公司 约180米,距石板滩中学 约294米",111.63993899999998,29.162369,22,0.09710025067655688
416,,2017-05-31 10:33:29,0,22,"ACC开,3D定位,天线正常","湖南省常德市鼎城区G207(锡海线),距鼎城永欣机械制造公司 约180米,距石板滩中学 约294米",111.63993899999998,29.162369,22,0.0
417,,2017-05-31 10:33:59,0,22,"ACC开,3D定位,天线正常","湖南省常德市鼎城区G207(锡海线),距鼎城永欣机械制造公司 约180米,距石板滩中学 约295米",111.63994,29.162369,22,0.09710025191188754
418,,2017-05-31 10:34:29,0,22,"ACC开,3D定位,天线正常","湖南省常德市鼎城区G207(锡海线),距鼎城永欣机械制造公司 约180米,距石板滩中学 约295米",111.639941,29.162369,22,0.09710025191188754
419,,2017-05-31 10:34:59,0,22,"ACC开,3D定位,天线正常","湖南省常德市鼎城区G207(锡海线),距鼎城永欣机械制造公司 约180米,距石板滩中学 约295米",111.63994199999999,29.162369,22,0.09710025191188754
420,,2017-05-31 10:35:29,0,22,"ACC开,3D定位,天线正常","湖南省常德市鼎城区G207(锡海线),距鼎城永欣机械制造公司 约180米,距石板滩中学 约295米",111.639944,29.162369,22,0.1942005025884444
421,,2017-05-31 10:35:59,0,22,"ACC开,3D定位,天线正常","湖南省常德市鼎城区G207(锡海线),距鼎城永欣机械制造公司 约180米,距石板滩中学 约295米",111.639945,29.162369,22,0.09710025191188754
422,,2017-05-31 10:36:29,0,22,"ACC开,3D定位,天线正常","湖南省常德市鼎城区G207(锡海线),距鼎城永欣机械制造公司 约180米,距石板滩中学 约295米",111.639946,29.162369,22,0.09710025067655688
423,,2017-05-31 10:36:59,0,22,"ACC开,3D定位,天线正常","湖南省常德市鼎城区G207(锡海线),距鼎城永欣机械制造公司 约180米,距石板滩中学 约295米",111.639945,29.16237000000001,22,0.14762386414924766
424,,2017-05-31 10:37:29,0,22,"ACC开,3D定位,天线正常","湖南省常德市鼎城区G207(锡海线),距鼎城永欣机械制造公司 约180米,距石板滩中学 约295米",111.639945,29.16237000000001,22,0.0
425,,2017-05-31 10:37:59,0,22,"ACC开,3D定位,天线正常","湖南省常德市鼎城区G207(锡海线),距鼎城永欣机械制造公司 约180米,距石板滩中学 约295米",111.639946,29.16237000000001,22,0.0971002497308706
426,,2017-05-31 10:38:29,0,22,"ACC开,3D定位,天线正常","湖南省常德市鼎城区G207(锡海线),距鼎城永欣机械制造公司 约180米,距石板滩中学 约295米",111.639946,29.162371000000004,22,0.11119508345653306
427,,2017-05-31 10:38:59,0,22,"ACC开,3D定位,天线正常","湖南省常德市鼎城区G207(锡海线),距鼎城永欣机械制造公司 约180米,距石板滩中学 约295米",111.639946,29.162371000000004,22,0.0
428,,2017-05-31 10:39:29,0,22,"ACC开,3D定位,天线正常","湖南省常德市鼎城区G207(锡海线),距鼎城永欣机械制造公司 约180米,距石板滩中学 约295米",111.63994699999999,29.162371000000004,22,0.09710025125584547
429,,2017-05-31 10:39:59,0,22,"ACC开,3D定位,天线正常","湖南省常德市鼎城区G207(锡海线),距鼎城永欣机械制造公司 约180米,距石板滩中学 约295米",111.639948,29.162371000000004,22,0.09710024878518424
430,,2017-05-31 10:40:29,0,22,"ACC开,3D定位,天线正常","湖南省常德市鼎城区G207(锡海线),距鼎城永欣机械制造公司 约180米,距石板滩中学 约295米",111.639948,29.16237000000001,22,0.11119508345653306
431,,2017-05-31 10:40:59,0,22,"ACC开,3D定位,天线正常","湖南省常德市鼎城区G207(锡海线),距鼎城永欣机械制造公司 约180米,距石板滩中学 约295米",111.639949,29.16237000000001,22,0.09710025096620124
432,,2017-05-31 10:41:29,0,22,"ACC开,3D定位,天线正常","湖南省常德市鼎城区G207(锡海线),距鼎城永欣机械制造公司 约180米,距石板滩中学 约295米",111.639949,29.16237000000001,22,0.0
433,,2017-05-31 10:41:59,0,22,"ACC开,3D定位,天线正常","湖南省常德市鼎城区G207(锡海线),距鼎城永欣机械制造公司 约180米,距石板滩中学 约295米",111.639948,29.162369,22,0.14762386487254198
434,,2017-05-31 10:42:29,0,22,"ACC开,3D定位,天线正常","湖南省常德市鼎城区G207(锡海线),距鼎城永欣机械制造公司 约180米,距石板滩中学 约295米",111.639949,29.162369,22,0.09710025191188754
435,,2017-05-31 10:42:59,0,22,"ACC开,3D定位,天线正常","湖南省常德市鼎城区G207(锡海线),距鼎城永欣机械制造公司 约180米,距石板滩中学 约295米",111.639949,29.162369,22,0.0
436,,2017-05-31 10:43:29,0,22,"ACC开,3D定位,天线正常","湖南省常德市鼎城区G207(锡海线),距鼎城永欣机械制造公司 约180米,距石板滩中学 约295米",111.639949,29.162369,22,0.0
437,,2017-05-31 10:43:59,0,22,"ACC开,3D定位,天线正常","湖南省常德市鼎城区G207(锡海线),距鼎城永欣机械制造公司 约180米,距石板滩中学 约295米",111.639949,29.162369,22,0.0
438,,2017-05-31 10:44:29,0,22,"ACC开,3D定位,天线正常","湖南省常德市鼎城区G207(锡海线),距鼎城永欣机械制造公司 约180米,距石板滩中学 约295米",111.639949,29.162369,22,0.0
439,,2017-05-31 10:44:59,0,22,"ACC开,3D定位,天线正常","湖南省常德市鼎城区G207(锡海线),距鼎城永欣机械制造公司 约180米,距石板滩中学 约295米",111.63995,29.162368,22,0.1476238649484169
440,,2017-05-31 10:45:29,0,22,"ACC开,3D定位,天线正常","湖南省常德市鼎城区G207(锡海线),距鼎城永欣机械制造公司 约180米,距石板滩中学 约295米",111.639951,29.162368,22,0.09710025285757384
441,,2017-05-31 10:45:59,0,22,"ACC开,3D定位,天线正常","湖南省常德市鼎城区G207(锡海线),距鼎城永欣机械制造公司 约180米,距石板滩中学 约295米",111.63995,29.162368,22,0.09710025285757384
442,,2017-05-31 10:46:29,0,22,"ACC开,3D定位,天线正常","湖南省常德市鼎城区G207(锡海线),距鼎城永欣机械制造公司 约180米,距石板滩中学 约295米",111.63995,29.162369,22,0.11119508416385716
443,,2017-05-31 10:46:59,0,22,"ACC开,3D定位,天线正常","湖南省常德市鼎城区G207(锡海线),距鼎城永欣机械制造公司 约180米,距石板滩中学 约295米",111.639949,29.162369,22,0.09710025067655688
444,,2017-05-31 10:47:29,0,22,"ACC开,3D定位,天线正常","湖南省常德市鼎城区G207(锡海线),距鼎城永欣机械制造公司 约180米,距石板滩中学 约295米",111.639949,29.162369,22,0.0
445,,2017-05-31 10:47:59,0,22,"ACC开,3D定位,天线正常","湖南省常德市鼎城区G207(锡海线),距鼎城永欣机械制造公司 约180米,距石板滩中学 约295米",111.639948,29.162369,22,0.09710025191188754
446,,2017-05-31 10:48:29,0,22,"ACC开,3D定位,天线正常","湖南省常德市鼎城区G207(锡海线),距鼎城永欣机械制造公司 约180米,距石板滩中学 约295米",111.63994299999999,29.162365,22,0.6584383238961685
447,,2017-05-31 10:48:59,0,22,"ACC开,3D定位,天线正常","湖南省常德市鼎城区G207(锡海线),距鼎城永欣机械制造公司 约179米,距石板滩中学 约296米",111.63994299999999,29.162359000000002,22,0.6671705018001858
448,,2017-05-31 10:49:29,0,22,"ACC开,3D定位,天线正常","湖南省常德市鼎城区G207(锡海线),距鼎城永欣机械制造公司 约179米,距石板滩中学 约296米",111.63994299999999,29.162359000000002,22,0.0
449,,2017-05-31 10:49:59,0,22,"ACC开,3D定位,天线正常","湖南省常德市鼎城区G207(锡海线),距鼎城永欣机械制造公司 约179米,距石板滩中学 约295米",111.63994299999999,29.162359999999996,22,0.11119508310287103
450,,2017-05-31 10:50:29,0,22,"ACC开,3D定位,天线正常","湖南省常德市鼎城区G207(锡海线),距鼎城永欣机械制造公司 约179米,距石板滩中学 约296米",111.63994299999999,29.162359000000002,22,0.11119508310287103
451,,2017-05-31 10:50:59,0,22,"ACC开,3D定位,天线正常","湖南省常德市鼎城区G207(锡海线),距鼎城永欣机械制造公司 约179米,距石板滩中学 约295米",111.63994199999999,29.162359000000002,22,0.09710026136874904
452,,2017-05-31 10:51:29,0,22,"ACC开,3D定位,天线正常","湖南省常德市鼎城区G207(锡海线),距鼎城永欣机械制造公司 约179米,距石板滩中学 约295米",111.63994199999999,29.162359000000002,22,0.0
453,,2017-05-31 10:51:59,0,22,"ACC开,3D定位,天线正常","湖南省常德市鼎城区G207(锡海线),距鼎城永欣机械制造公司 约179米,距石板滩中学 约295米",111.63994199999999,29.162359999999996,22,0.11119508310287103
454,,2017-05-31 10:52:29,0,22,"ACC开,3D定位,天线正常","湖南省常德市鼎城区G207(锡海线),距鼎城永欣机械制造公司 约179米,距石板滩中学 约295米",111.63994199999999,29.162359999999996,22,0.0
455,,2017-05-31 10:52:59,0,22,"ACC开,3D定位,天线正常","湖南省常德市鼎城区G207(锡海线),距鼎城永欣机械制造公司 约179米,距石板滩中学 约295米",111.639941,29.162361999999998,22,0.2426640621747481
456,,2017-05-31 10:53:29,0,22,"ACC开,3D定位,天线正常","湖南省常德市鼎城区G207(锡海线),距鼎城永欣机械制造公司 约179米,距石板滩中学 约295米",111.639941,29.162361999999998,22,0.0
457,,2017-05-31 10:53:59,0,22,"ACC开,3D定位,天线正常","湖南省常德市鼎城区G207(锡海线),距鼎城永欣机械制造公司 约179米,距石板滩中学 约295米",111.63994,29.162359999999996,22,0.2426640620661585
458,,2017-05-31 10:54:29,0,22,"ACC开,3D定位,天线正常","湖南省常德市鼎城区G207(锡海线),距鼎城永欣机械制造公司 约179米,距石板滩中学 约295米",111.63993899999998,29.162359999999996,22,0.09710026042306301
459,,2017-05-31 10:54:59,0,22,"ACC开,3D定位,天线正常","湖南省常德市鼎城区G207(锡海线),距鼎城永欣机械制造公司 约179米,距石板滩中学 约295米",111.63993500000001,29.162359999999996,22,0.3884010392215905
460,,2017-05-31 10:55:29,0,22,"ACC开,3D定位,天线正常","湖南省常德市鼎城区G207(锡海线),距鼎城永欣机械制造公司 约176米,距石板滩中学 约295米",111.639917,29.162343,22,2.574513135455679
461,,2017-05-31 10:55:59,0,22,"ACC开,3D定位,天线正常","湖南省常德市鼎城区G207(锡海线),距鼎城永欣机械制造公司 约176米,距石板滩中学 约295米",111.63991599999999,29.162344,22,0.14762388060177034
462,,2017-05-31 10:56:29,0,22,"ACC开,3D定位,天线正常","湖南省常德市鼎城区G207(锡海线),距鼎城永欣机械制造公司 约176米,距石板滩中学 约295米",111.639917,29.162343,22,0.1476238805125208
463,,2017-05-31 10:57:59,0,22,"ACC开,3D定位,天线正常","湖南省常德市鼎城区G207(锡海线),距鼎城永欣机械制造公司 约176米,距石板滩中学 约295米",111.639918,29.162343,22,0.0971002752643903
464,,2017-05-31 10:58:29,0,22,"ACC开,3D定位,天线正常","湖南省常德市鼎城区G207(锡海线),距鼎城永欣机械制造公司 约176米,距石板滩中学 约295米",111.63991999999999,29.162344,22,0.22378159213156884
465,,2017-05-31 10:58:59,0,23,"ACC开,3D定位,天线正常","湖南省常德市鼎城区G207(锡海线),距鼎城永欣机械制造公司 约177米,距石板滩中学 约295米",111.639924,29.162346999999997,23,0.5119907518777603
466,,2017-05-31 10:59:29,0,23,"ACC开,3D定位,天线正常","湖南省常德市鼎城区G207(锡海线),距鼎城永欣机械制造公司 约177米,距石板滩中学 约295米",111.639924,29.162346999999997,23,0.0
467,,2017-05-31 10:59:59,0,23,"ACC开,3D定位,天线正常","湖南省常德市鼎城区G207(锡海线),距鼎城永欣机械制造公司 约177米,距石板滩中学 约295米",111.639925,29.162347999999998,23,0.14762387972536806
