StopID,VehicleID,StartRow,StopRow,StartTime,EndTime,Latitude,Longitude,Average Speed before stop,Distance from previous stop(in kms),Time travelled before stop,Speed Variance,Duration,Label
0,C1415,0,111,2017-04-07 18:01:21,2017-04-07 19:05:21,28.2766117767857,112.671723696429,0,0,0,0,64.5,D
1,C1415,116,117,2017-04-07 19:07:51,2017-04-07 19:08:21,28.2775375,112.67481,9.5,0.420794177014255,2.5,21.6666666666667,1,M
2,C1415,127,127,2017-04-07 19:13:21,2017-04-07 19:13:21,28.280226,112.65642,30,2.4809608092011,5,267.5,0.5,M
3,C1415,435,436,2017-04-07 21:47:21,2017-04-07 21:47:51,29.356918,111.260825,77.1205211726384,196.684658793189,154,88.9167997274914,1,M
4,C1415,497,508,2017-04-07 22:17:21,2017-04-07 22:22:51,29.3706944166667,110.939103,74.35,37.3724027630479,29.5,137.248305084746,6,M
5,C1415,510,552,2017-04-07 22:23:51,2017-04-07 22:44:51,29.3705735116279,110.938715790698,5,0.057044825116028,1,5,21.5,D
6,C1415,612,612,2017-04-07 23:17:21,2017-04-07 23:17:21,29.210571,110.665144,64.2542372881356,33.8662482330702,32.5,172.330800701344,0.5,M
7,C1415,641,642,2017-04-07 23:31:51,2017-04-07 23:32:21,29.140906,110.524057,66.5357142857143,16.2600616157924,14.5,73.2208994708995,1,M
8,C1415,650,651,2017-04-07 23:36:21,2017-04-07 23:36:51,29.14407,110.481554,71.2,4.38778466804702,4,64.2,1,M
9,C1415,657,659,2017-04-07 23:39:51,2017-04-07 23:40:51,29.16346,110.447461,80,4.21881436353374,3,38.5,1.5,M
10,C1415,685,688,2017-04-07 23:53:51,2017-04-07 23:55:21,29.143862,110.310488,58.36,14.0023828741098,13,138.24,2,M
11,C1415,706,706,2017-04-08 00:07:21,2017-04-08 00:07:21,29.03705,110.220036,71.4117647058824,16.4691108023402,12,73.2573529411765,1,M
12,C1415,711,711,2017-04-08 00:12:21,2017-04-08 00:12:21,29.010788,110.16869,73,6.37773748114246,5,95.3333333333333,1,M
13,C1415,731,733,2017-04-08 00:32:21,2017-04-08 00:34:21,28.943667,109.943287,71.0526315789474,24.0517600207007,20,124.719298245614,3,M
14,C1415,747,748,2017-04-08 00:48:21,2017-04-08 00:49:21,28.889682,109.818303,66.0769230769231,16.8434945244574,14,133.24358974359,2,M
15,C1415,755,755,2017-04-08 00:56:21,2017-04-08 00:56:21,28.962135,109.778094,70.3333333333333,9.16201001634398,7,146.666666666667,1,M
16,C1415,763,766,2017-04-08 01:04:21,2017-04-08 01:07:21,29.0344565,109.72141675,69.1428571428571,9.29309106895415,8,94.8095238095238,4,M
17,C1415,774,775,2017-04-08 01:17:21,2017-04-08 01:18:21,29.113144,109.639921,55.1428571428571,11.6535043020231,10,94.4761904761905,2,M
18,C1415,781,781,2017-04-08 01:24:21,2017-04-08 01:24:21,29.164288,109.632719,56.6,6.33540709658071,6,638.3,1,M
19,C1415,1214,1215,2017-04-08 08:42:21,2017-04-08 08:43:21,29.237936,109.645918,56.1111111111111,9.54579077056933,438,332.361111111111,2,M
20,C1415,1224,1224,2017-04-08 08:52:21,2017-04-08 08:52:21,29.318748,109.575705,70.25,11.502412301601,9,107.642857142857,1,M
21,C1415,1248,1250,2017-04-08 09:16:21,2017-04-08 09:18:21,29.5184713333333,109.469085666667,73,27.4390103111069,24,38.5,3,M
22,C1415,1279,1279,2017-04-08 10:07:21,2017-04-08 10:07:21,29.919483,109.437736,67,50.0198939534779,49,131.777777777778,2.5,M
23,C1415,1282,1282,2017-04-08 10:10:21,2017-04-08 10:10:21,29.959775,109.419551,59.5,4.89358470235424,3,12.5,1,M
24,C1415,1309,1309,2017-04-08 10:49:21,2017-04-08 10:49:21,30.309444,109.533284,71.4230769230769,44.9148846936312,39,79.6938461538462,1,M
25,C1415,1318,1318,2017-04-08 10:58:21,2017-04-08 10:58:21,30.333735,109.494387,33.875,5.29448502429075,9,276.410714285714,1,M
26,C1415,1322,1322,2017-04-08 11:04:21,2017-04-08 11:04:21,30.323708,109.475565,29.3333333333333,3.22270763711012,6,217.333333333333,3,M
27,C1415,1325,1325,2017-04-08 11:07:21,2017-04-08 11:07:21,30.326144,109.46532,30.5,2.48067419577259,3,180.5,1,M
28,C1415,1332,1332,2017-04-08 11:14:21,2017-04-08 11:14:21,30.299429,109.471978,35.6666666666667,4.0739526374289,7,42.6666666666667,1,M
29,C1415,1334,2767,2017-04-08 11:16:21,2017-04-09 11:14:51,30.2988109616458,109.470770092748,6,0.576573686362552,2,6,1438.5,M
30,C1415,2768,4207,2017-04-09 11:15:51,2017-04-10 11:15:21,30.2987856729166,109.470741914583,0,0,0,0,1439.5,M
31,C1415,4208,5646,2017-04-10 11:16:21,2017-04-11 11:14:51,30.2988265858235,109.470721569145,0,0,0,0,1438.5,M
32,C1415,5647,5954,2017-04-11 11:15:51,2017-04-11 16:22:41,30.2990587012987,109.470753045454,0,0,0,0,306.833333333333,M
33,C1415,5958,5958,2017-04-11 16:26:01,2017-04-11 16:26:01,30.298856,109.472026,16.6666666666667,0.87137644967446,3.33333333333333,85.3333333333333,0.833333333333333,M
34,C1415,5967,5967,2017-04-11 16:33:31,2017-04-11 16:33:31,30.319826,109.458539,19.375,2.91963447575658,7.5,46.5535714285714,0.833333333333333,M
35,C1415,5972,5973,2017-04-11 16:37:41,2017-04-11 16:38:31,30.323828,109.474936,29.25,2.12311961475816,4.16666666666667,224.25,1.66666666666667,M
36,C1415,5975,5977,2017-04-11 16:40:11,2017-04-11 16:41:51,30.3223966666667,109.481994333333,17,0.307569441086195,1.66666666666667,17,2.5,M
37,C1415,5990,5990,2017-04-11 16:52:41,2017-04-11 16:52:41,30.309152,109.533521,39.8333333333333,7.82174467779533,10.8333333333333,271.787878787879,0.833333333333333,M
38,C1415,6013,6013,2017-04-11 17:11:51,2017-04-11 17:11:51,30.439018,109.614364,60.6818181818182,17.4940130815729,19.1666666666667,117.751082251082,0.833333333333333,M
39,C1415,6025,6028,2017-04-11 17:21:51,2017-04-11 17:24:21,30.490724,109.703851,65.3636363636364,10.8676327488295,10,29.0545454545455,3.33333333333333,M
40,C1415,6031,6031,2017-04-11 17:26:51,2017-04-11 17:26:51,30.465184,109.749617,64,5.28521543903996,2.5,0,0.833333333333333,M
41,C1415,6045,6066,2017-04-11 17:38:31,2017-04-11 17:56:01,30.4952744090909,109.846290318182,56.5384615384615,11.3238841706318,11.6666666666667,13.9358974358974,18.3333333333333,D
42,C1415,6069,6069,2017-04-11 17:58:31,2017-04-11 17:58:31,30.509406,109.854947,57.5,1.80015997847677,2.5,840.5,0.833333333333333,M
43,C1415,6102,6103,2017-04-11 18:26:01,2017-04-11 18:26:51,30.653171,110.096105,63.59375,29.5895369019157,27.5,17.6683467741935,1.66666666666667,M
44,C1415,6106,6110,2017-04-11 18:29:21,2017-04-11 18:32:41,30.644153,110.124412,52,2.88989146978357,2.5,2,4.16666666666667,M
45,C1415,6112,6115,2017-04-11 18:39:21,2017-04-11 18:44:51,30.626669,110.199876,55,7.53709028248313,6.66666666666667,55,11.3333333333333,D
46,C1415,6157,6159,2017-04-11 19:39:51,2017-04-11 19:41:31,30.616679,110.332443,49.375,13.1918628000315,55,289.125,4,M
47,C1415,6163,6166,2017-04-11 19:44:51,2017-04-11 19:47:21,30.621881,110.400928,67,6.58373166582969,3.33333333333333,4,3.33333333333333,M
48,C1415,6169,6169,2017-04-11 19:49:51,2017-04-11 19:49:51,30.616798,110.453984,69,5.15162200434919,2.5,2,0.833333333333333,M
49,C1415,6172,6172,2017-04-11 19:52:21,2017-04-11 19:52:21,30.619392,110.479425,64,2.83880421781227,2.5,18,0.833333333333333,M
50,C1415,6197,6209,2017-04-11 20:13:11,2017-04-11 20:23:11,30.628438,110.67345,54.2916666666667,19.0284616922223,20.8333333333333,65.5199275362319,10.8333333333333,D
51,C1415,6217,6217,2017-04-11 20:29:51,2017-04-11 20:29:51,30.604414,110.829066,65.4285714285714,15.2351383727674,6.66666666666667,10.2857142857143,0.833333333333333,M
52,C1415,6223,6235,2017-04-11 20:34:51,2017-04-11 20:44:51,30.6022570769231,110.907805692308,64.6,5.61272582707286,5,17.3,10.8333333333333,D
53,C1415,6242,6243,2017-04-11 20:50:41,2017-04-11 20:51:31,30.57862,111.037415,66.3333333333333,9.54000510052797,5.83333333333333,135.866666666667,1.66666666666667,M
54,C1415,6248,6259,2017-04-11 20:55:41,2017-04-11 21:04:51,30.5729388333333,111.07552575,44.5,3.83232759938942,4.16666666666667,573.666666666667,10,D
55,C1415,6265,6265,2017-04-11 21:09:51,2017-04-11 21:09:51,30.56016,111.116412,60.2,4.18026826213137,5,53.7,0.833333333333333,M
56,C1415,6269,6269,2017-04-11 21:13:11,2017-04-11 21:13:11,30.556523,111.1509,66.6666666666667,3.84496778477589,3.33333333333333,22.3333333333333,0.833333333333333,M
57,C1415,6276,6277,2017-04-11 21:19:01,2017-04-11 21:19:51,30.550185,111.209612,56.5,6.2184728859675,5.83333333333333,8.3,1.66666666666667,M
58,C1415,6281,6283,2017-04-11 21:23:11,2017-04-11 21:24:51,30.532683,111.248548,62.6666666666667,4.30539393069398,3.33333333333333,44.3333333333333,2.5,M
59,C1415,6285,6286,2017-04-11 21:26:31,2017-04-11 21:27:21,30.541218,111.282806,63,3.45914521874227,1.66666666666667,63,1.66666666666667,M
60,C1415,6289,6289,2017-04-11 21:29:51,2017-04-11 21:29:51,30.548911,111.311106,58.5,2.84812058665349,2.5,0.5,0.833333333333333,M
61,C1415,6370,6371,2017-04-11 22:39:51,2017-04-11 22:40:41,30.0884205,111.796604,69.7875,81.9100829056842,70,75.0555379746835,1.66666666666667,M
62,C1415,7018,7018,2017-04-12 08:17:41,2017-04-12 08:17:41,29.886651,111.90495,66.8974358974359,36.3139242897321,577,64.8313090418354,0.833333333333333,M
63,C1415,7110,7111,2017-04-12 09:37:21,2017-04-12 09:38:11,29.1309355,111.6841435,70.3406593406593,93.2551090893052,79.6666666666667,34.4271062271062,1.66666666666667,M
64,C1415,7117,7120,2017-04-12 09:43:11,2017-04-12 09:45:41,29.125679,111.62567225,67,6.54830856801797,5,72.5,3.33333333333333,M
65,C1415,7123,7123,2017-04-12 09:48:11,2017-04-12 09:48:11,29.124825,111.620457,18,0.52969012817804,2.5,72,0.833333333333333,M
66,C1415,7138,7393,2017-04-12 10:00:41,2017-04-12 13:33:51,29.1621565625,111.640549132812,25,5.23048754043453,12.5,200.307692307692,213.166666666667,M
67,C1415,7394,7419,2017-04-18 15:56:04,2017-04-18 16:04:24,29.1622086538461,111.640490692308,0,0,0,0,8.33333333333333,M
68,C1415,7429,7430,2017-04-18 16:07:44,2017-04-18 16:08:04,29.1597275,111.6356215,17.8888888888889,0.876014956316733,3.33333333333333,18.6111111111111,0.666666666666667,M
69,C1415,7435,7442,2017-04-18 16:09:44,2017-04-18 16:12:04,29.157740125,111.635916,9,0.255351904672898,1.66666666666667,12.6666666666667,2.66666666666667,M
70,C1415,7473,7473,2017-04-18 16:22:24,2017-04-18 16:22:24,29.125387,111.62592,27.2333333333333,4.64918133207638,10.3333333333333,155.012643678161,0.333333333333333,M
71,C1415,7770,7799,2017-04-18 18:02:14,2017-04-18 18:12:04,28.5279991333333,112.447001433333,75.097972972973,125.440248963307,99.8333333333333,77.5530806229959,10.1666666666667,D
72,C1415,7886,7888,2017-04-18 18:44:34,2017-04-18 18:45:14,28.280212,112.655885,67.6279069767442,36.4843739030917,32.5,99.9540355677155,1,M
73,C1415,7891,7891,2017-04-18 18:46:14,2017-04-18 18:46:14,28.278631,112.655605,18.5,0.178168374928301,1,0.5,0.333333333333333,M
74,C1415,7904,8229,2017-04-18 18:50:34,2017-04-18 20:42:04,28.2703768711656,112.665589153374,25.3333333333333,1.83115290820493,4.33333333333333,115.515151515152,111.833333333333,D
75,C1415,8271,8273,2017-04-18 20:57:14,2017-04-18 20:57:54,28.247849,112.778851333333,54.4146341463415,12.7503761770181,15.1666666666667,329.148780487805,1,M
76,C1415,8336,8336,2017-04-18 21:18:54,2017-04-18 21:18:54,28.253868,112.925768,49.1129032258065,16.9839469207313,21,97.4132734003173,0.333333333333333,M
77,C1415,8373,8424,2017-04-18 21:35:54,2017-04-18 21:52:54,28.2509725769231,113.013272173077,52.0555555555556,14.6425607087818,17,82.2825396825397,17.3333333333333,D
78,C1415,8447,8453,2017-04-18 22:00:34,2017-04-18 22:02:34,28.2120582857143,113.013811142857,35.4545454545455,4.40363808054276,7.66666666666667,109.878787878788,2.33333333333333,M
79,C1415,8456,8458,2017-04-18 22:03:34,2017-04-18 22:04:14,28.2119903333333,113.018029666667,30,0.406520791652588,1,0,1,M
80,C1415,8462,8464,2017-04-18 22:05:34,2017-04-18 22:06:14,28.2121306666667,113.025008333333,37,0.683478609431571,1.33333333333333,49,1,M
81,C1415,8471,8472,2017-04-18 22:08:34,2017-04-18 22:08:54,28.207699,113.029375,24.6666666666667,0.924884776265165,2.33333333333333,124.266666666667,0.666666666666667,M
82,C1415,8475,8475,2017-04-18 22:09:54,2017-04-18 22:09:54,28.20506,113.029648,25,0.30427165302897,1,8,0.333333333333333,M
83,C1415,8477,8498,2017-04-18 22:10:34,2017-04-18 22:17:34,28.2050634545455,113.030366681818,6,0.138118211153318,0.666666666666667,6,7.33333333333333,M
84,C1415,8501,8559,2017-04-18 22:18:34,2017-04-18 22:37:54,28.2052966101695,113.031624728814,15,0.155546560448604,1,15,19.6666666666667,D
85,C1415,8561,8593,2017-04-18 22:38:34,2017-04-18 22:49:14,28.2055011818182,113.030998454545,8,0.059952300350277,0.666666666666667,8,11,D
86,C1415,8595,8596,2017-04-18 22:49:54,2017-04-18 22:50:14,28.2052295,113.0297755,7,0.091042903480349,0.666666666666667,7,0.666666666666667,M
87,C1415,8601,8602,2017-04-18 22:51:54,2017-04-18 22:52:14,28.2015865,113.0292235,17.25,0.431182812902205,1.66666666666667,54.9166666666667,0.666666666666667,M
88,C1415,8605,8605,2017-04-18 22:53:14,2017-04-18 22:53:14,28.200945,113.026351,18,0.313438764227672,1,72,0.333333333333333,M
89,C1415,8607,8616,2017-04-18 22:53:54,2017-04-18 22:56:54,28.2006719,113.0213553,12,0.352545882353616,0.666666666666667,12,3.33333333333333,M
90,C1415,8626,8628,2017-04-18 23:00:14,2017-04-18 23:00:54,28.1855373333333,113.019721666667,31,1.68918962399974,3.33333333333333,129.25,1,M
91,C1415,8632,8634,2017-04-18 23:02:14,2017-04-18 23:02:54,28.180086,113.019514333333,33.6666666666667,0.606806161937569,1.33333333333333,90.3333333333333,1,M
92,C1415,8637,8639,2017-04-18 23:03:54,2017-04-18 23:04:34,28.177331,113.019495,23,0.307324609267709,1,18,1,M
93,C1415,8660,8662,2017-04-18 23:11:34,2017-04-18 23:12:14,28.1717486666667,113.055753666667,34.25,4.04018970072715,7,221.881578947368,1,M
94,C1415,8664,8664,2017-04-18 23:12:54,2017-04-18 23:12:54,28.171788,113.057079,16,0.130300217622799,0.666666666666667,16,0.333333333333333,M
95,C1415,8667,8669,2017-04-18 23:13:54,2017-04-18 23:14:34,28.1691206666667,113.056820333333,21.5,0.384796227062379,1,60.5,1,M
96,C1415,8671,8777,2017-04-18 23:15:14,2017-04-18 23:50:34,28.1688748317757,113.056700018692,5,0.083337498509008,0.666666666666667,5,35.3333333333333,D
97,C1415,8778,8781,2017-04-21 14:38:19,2017-04-21 14:41:19,28.1688475,113.05651875,0,0,0,0,3,M
98,C1415,8782,8827,2017-04-27 07:00:33,2017-04-27 07:45:53,28.1690325652174,113.056869108696,0,0,0,0,45.3333333333333,D
99,C1415,8829,8829,2017-04-27 07:47:53,2017-04-27 07:47:53,28.171587,113.057036,5,0.254106601031467,2,5,1,M
100,C1415,8844,8844,2017-04-27 08:05:23,2017-04-27 08:05:23,28.185376,113.157947,52.0714285714286,11.9210947951289,17.5,247.917582417582,1,M
101,C1415,8886,8888,2017-04-27 08:49:53,2017-04-27 08:51:53,28.2408563333333,112.844687,69.8292682926829,49.6320598844183,44.5,64.8951219512195,3,M
102,C1415,8895,8898,2017-04-27 08:58:53,2017-04-27 09:01:53,28.24869725,112.77951925,63.5,6.47119511324863,7,58.7,4,M
103,C1415,8909,8909,2017-04-27 09:12:53,2017-04-27 09:12:53,28.277625,112.685029,60,10.0440441185685,11,196.444444444444,1,M
104,C1415,8915,8918,2017-04-27 09:18:53,2017-04-27 09:21:53,28.27708875,112.67518875,33,1.87166626312764,6,127,4,M
105,C1415,8921,9384,2017-04-27 09:24:53,2017-04-27 17:06:53,28.2777145193965,112.673387153017,6,0.268481960172531,3,6,463,M
106,C1415,9388,9391,2017-04-27 17:10:53,2017-04-27 17:13:53,28.276564,112.6715805,7,0.38695861989084,4,0,4,M
107,C1415,9394,9630,2017-04-27 17:16:53,2017-04-27 20:29:53,28.2776161561181,112.673141202532,7,0.295015143359274,3,2,194,M
108,C1415,9633,9634,2017-04-27 20:31:23,2017-04-27 20:31:53,28.277446,112.675239,12.5,0.221941475854215,1.5,84.5,1,M
109,C1415,9645,9645,2017-04-27 20:37:23,2017-04-27 20:37:23,28.280078,112.656287,26.1,2.33253617478846,5.5,64.3222222222222,0.5,M
110,C1415,9970,10462,2017-04-27 23:19:53,2017-04-28 07:21:53,29.4932802454361,111.778128728195,69.4475308641975,189.241258682087,162.5,75.8950712838742,482.5,M
111,C1415,10500,10512,2017-04-28 07:59:53,2017-04-28 08:11:53,29.8548974615385,111.872198,67.1621621621622,42.0188127768511,38,162.084084084084,13,D
112,C1415,10536,10539,2017-04-28 08:40:23,2017-04-28 08:43:23,30.019606,112.12622525,68.1739130434783,31.47679249003,28.5,107.150197628459,4,M
113,C1415,10682,10709,2017-04-28 11:06:23,2017-04-28 11:33:23,31.5648792857143,112.279314571429,75.8169014084507,180.510332435093,143,110.84566976326,28,D
114,C1415,10742,10773,2017-04-28 12:06:23,2017-04-28 12:37:23,31.86890146875,112.0766225,73.21875,39.4371232653659,33,71.4667338709677,32,D
115,C1415,10813,10814,2017-04-28 13:18:23,2017-04-28 13:19:23,32.3095485,112.102246,74.3589743589744,50.0619479307925,41,160.130904183536,2,M
116,C1415,10851,10851,2017-04-28 13:56:23,2017-04-28 13:56:23,32.651253,112.30322,75.6944444444444,45.5060255718591,37,83.1896825396825,1,M
117,C1415,10988,11085,2017-04-28 16:17:40,2017-04-28 17:54:53,33.690521622449,113.481644571429,70.7132352941177,167.100057338645,141.283333333333,54.7986383442266,98,D
118,C1415,11124,11156,2017-04-28 18:33:53,2017-04-28 19:05:53,33.9624376363637,113.817788151515,72.2368421052632,46.2502165446263,39,159.699146514936,33,D
119,C1415,11188,11195,2017-04-28 19:37:53,2017-04-28 19:44:53,34.119749875,114.10738525,67.1290322580645,34.928368989071,32,96.4494623655914,8,M
120,C1415,11333,11818,2017-04-28 22:02:53,2017-04-29 06:07:23,35.4434519855967,114.694428977366,72.4525547445255,166.661871163396,138,73.4407471017604,485.5,M
121,C1415,11897,11898,2017-04-29 07:26:23,2017-04-29 07:27:23,36.207781,115.141639,75.1538461538462,98.1006217486409,79,27.4825174825175,2,M
122,C1415,11903,11903,2017-04-29 07:38:23,2017-04-29 07:38:23,36.230961,115.125966,44.3333333333333,2.9504588525821,11,752.333333333333,1,M
123,C1415,12009,12036,2017-04-29 09:27:53,2017-04-29 09:54:53,37.3445578214286,115.562627285714,74.6380952380952,136.179937570106,109.5,56.4254578754579,28,D
124,C1415,12085,12104,2017-04-29 10:43:53,2017-04-29 11:02:53,37.76279765,115.74760935,67.3333333333333,54.1860153411825,49,69.4609929078014,20,D
125,C1415,12146,12219,2017-04-29 11:44:53,2017-04-29 12:57:53,38.0000904324324,115.905395472973,67.8780487804878,46.8089538686788,42,133.459756097561,74,D
126,C1415,12335,12337,2017-04-29 14:53:53,2017-04-29 14:55:53,38.6792443333333,116.88157,69.8,134.254134712429,116,86.2666666666667,3,M
127,C1415,12387,12414,2017-04-29 15:47:53,2017-04-29 16:14:53,38.9366430714286,117.416907321429,71.4285714285714,60.8135004124373,52,56.25,28,D
128,C1415,12483,12484,2017-04-29 17:24:53,2017-04-29 17:25:53,39.4019015,117.9553155,69.25,80.0722902490406,70,105.324626865672,2,M
129,C1415,12531,12590,2017-04-29 18:12:53,2017-04-29 19:11:53,39.3170248666666,118.296138583333,64.9782608695652,49.8518517224717,47,192.066183574879,60,D
130,C1415,12730,12730,2017-04-29 21:31:53,2017-04-29 21:31:53,40.015526,119.693231,70.4460431654676,163.80321285056,140,92.7126472734856,1,M
131,C1415,12733,12733,2017-04-29 21:34:53,2017-04-29 21:34:53,40.015584,119.699239,19,0.541401063815897,3,2,1,M
132,C1415,12737,12749,2017-04-29 21:38:53,2017-04-29 21:50:53,40.0148188461539,119.706460923077,8.66666666666667,0.749326947566872,4,12.3333333333333,13,D
133,C1415,12795,12829,2017-04-29 22:36:53,2017-04-29 23:10:53,40.2777999714286,120.221632914286,70.7111111111111,53.3578783672555,46,130.437373737374,35,D
134,C1415,12870,12871,2017-04-29 23:51:53,2017-04-29 23:52:53,40.5959695,120.6355215,74.65,50.5073505535561,41,54.1307692307692,2,M
135,C1415,12939,12939,2017-04-30 01:01:23,2017-04-30 01:01:23,41.062119,121.286046,68.2835820895522,78.0151614125817,68.5,203.085029398462,1,M
136,C1415,12942,13385,2017-04-30 01:04:23,2017-04-30 08:27:23,41.0626765202703,121.288146905406,5,0.371019149894383,3,0,444,M
137,C1415,13422,13423,2017-04-30 09:04:23,2017-04-30 09:05:23,41.224326,121.707116,67.3888888888889,39.8319666701745,37,134.301587301587,2,M
138,C1415,13533,13575,2017-04-30 11:00:23,2017-04-30 11:42:23,41.8747655581395,122.77556472093,68.8440366972477,131.789019609516,115,88.1328576282705,43,D
139,C1415,13624,13791,2017-04-30 12:36:53,2017-04-30 15:28:53,42.2018014345238,123.247669404762,62.9583333333333,56.5787062389044,54.5,122.97695035461,173,D
140,C1415,13879,13885,2017-04-30 17:03:53,2017-04-30 17:17:53,42.8660494285714,123.812989571429,67.8850574712644,106.919464493635,95,105.870355519914,15,D
141,C1415,13925,13927,2017-04-30 18:05:53,2017-04-30 18:07:53,43.0857656666667,124.394193333333,69.3333333333333,54.3817228091132,48,131.017543859649,3,M
142,C1415,13935,13935,2017-04-30 18:15:53,2017-04-30 18:15:53,43.136337,124.438498,62.4285714285714,6.95826897765429,8,73.2857142857143,1,M
143,C1415,13940,13942,2017-04-30 18:20:53,2017-04-30 18:22:53,43.1546233333333,124.416554333333,43.25,3.06179546065295,5,42.9166666666667,3,M
144,C1415,13945,15384,2017-04-30 18:25:53,2017-05-01 18:24:23,43.154754870139,124.417336109722,6,0.194172264477227,3,6,1438.5,M
145,C1415,15385,16507,2017-05-01 18:25:23,2017-05-02 13:48:53,43.154768920748,124.417306601959,0,0,0,0,1163.5,M
146,C1415,16511,16511,2017-05-02 13:52:53,2017-05-02 13:52:53,43.14294,124.432754,38,1.83594638112034,4,171,1,M
147,C1415,16514,16514,2017-05-02 13:55:53,2017-05-02 13:55:53,43.135917,124.438016,20,1.44070095858621,3,162,1,M
148,C1415,16733,16737,2017-05-02 17:36:53,2017-05-02 17:40:53,42.1042602,121.688495,70.4724770642202,260.256965182363,221,52.2780408404854,5,M
149,C1415,16839,16869,2017-05-02 19:26:23,2017-05-02 19:56:23,41.0634662580645,121.285721387097,75.7128712871287,131.094161859292,105.5,77.3067326732673,31,D
150,C1415,17001,17005,2017-05-02 22:14:23,2017-05-02 22:18:23,40.0687804,119.864081,72.1374045801527,166.497147461215,138,120.61174398121,5,M
151,C1415,17075,17628,2017-05-02 23:28:23,2017-05-03 08:42:23,39.917438198556,118.892753628159,74.6086956521739,86.4986471591319,70,40.7122762148338,555,M
152,C1415,17763,17763,2017-05-03 10:57:23,2017-05-03 10:57:23,39.79542,117.005742,74.9179104477612,168.60444693047,135,24.9631354505667,1,M
153,C1415,17775,17775,2017-05-03 11:09:23,2017-05-03 11:09:23,39.799033,116.917321,43.6363636363636,8.30657668260166,12,817.254545454546,1,M
154,C1415,17779,17779,2017-05-03 11:13:23,2017-05-03 11:13:23,39.798974,116.914612,6.5,0.255111320451271,4,0.5,1,M
155,C1415,17782,17782,2017-05-03 11:16:23,2017-05-03 11:16:23,39.798988,116.913492,6,0.175525472203096,3,6,1,M
156,C1415,17784,17786,2017-05-03 11:18:23,2017-05-03 11:20:23,39.7989586666667,116.912038333333,6,0.121189800683087,2,6,3,M
157,C1415,17789,17792,2017-05-03 11:23:23,2017-05-03 11:26:23,39.7989655,116.90935475,6,0.193190902870083,3,6,4,M
158,C1415,17794,17798,2017-05-03 11:28:23,2017-05-03 11:32:23,39.7988208,116.9052098,8,0.209964488467474,2,8,5,M
159,C1415,17800,17805,2017-05-03 11:34:23,2017-05-03 11:39:23,39.798974,116.901034666667,5,0.198729253696481,2,5,6,M
160,C1415,17851,17851,2017-05-03 12:24:53,2017-05-03 12:24:53,39.681416,116.451788,69.2444444444444,50.7272349756598,45.5,156.734343434343,1,M
161,C1415,17859,19294,2017-05-03 12:32:53,2017-05-04 12:31:23,39.6805660919222,116.42101528273,45,4.01982345789863,8,471.5,1438.5,M
162,C1415,19295,20725,2017-05-04 12:32:23,2017-05-05 12:31:23,39.6806026051713,116.421017102726,0,0,0,0,1439,M
163,C1415,20726,20795,2017-05-05 12:32:23,2017-05-05 13:41:23,39.6805506857143,116.420961871429,0,0,0,0,69,D
164,C1415,20906,20906,2017-05-05 15:32:23,2017-05-05 15:32:23,40.340387,116.825087,66.5909090909091,121.645696635243,111,247.528356964137,1,M
165,C1415,20911,20912,2017-05-05 15:37:23,2017-05-05 15:38:23,40.355704,116.828414,33.5,2.11215657085434,5,327,2,M
166,C1415,20932,21109,2017-05-05 15:58:23,2017-05-05 18:55:23,40.3595688370787,116.814767904494,6,1.93231535656456,20,6,178,D
167,C1415,21113,21823,2017-05-05 18:59:23,2017-05-06 06:52:23,40.358747413502,116.81245535865,9,0.354328190093249,4,1,714,M
168,C1415,21902,21902,2017-05-06 08:11:23,2017-05-06 08:11:23,40.355697,116.828013,24.25,1.65116189663782,79,76.25,1,M
169,C1415,21907,21907,2017-05-06 08:16:23,2017-05-06 08:16:23,40.340776,116.825299,31.25,2.16954471698674,5,215.583333333333,1,M
170,C1415,22042,22042,2017-05-06 10:31:23,2017-05-06 10:31:23,39.502521,116.288313,66.089552238806,147.0912224762,135,143.255077993491,1,M
171,C1415,22065,22069,2017-05-06 10:54:23,2017-05-06 10:58:23,39.2733382,116.2846078,69.8181818181818,25.9961507559243,23,241.489177489177,5,M
172,C1415,22131,22174,2017-05-06 12:00:23,2017-05-06 12:43:23,38.8556485909091,116.174520840909,71.975,48.594269512186,62,205.307051282051,44,D
173,C1415,22450,22451,2017-05-06 17:18:53,2017-05-06 17:19:53,36.2644535,115.1108005,71.0363636363636,327.810067606679,275.5,30.5899137358991,2,M
174,C1415,22457,22463,2017-05-06 17:25:53,2017-05-06 17:31:53,36.2279854285714,115.125834428571,49.4,4.28589599381516,6,512.3,7,M
175,C1415,22489,22491,2017-05-06 17:57:53,2017-05-06 17:59:53,36.0069076666667,115.068658,64.84,27.0413024279806,26,262.14,3,M
176,C1415,22535,22591,2017-05-06 18:43:53,2017-05-06 19:39:53,35.6464135438597,114.905442473684,60.2093023255814,43.5150290295262,44,217.693244739756,57,D
177,C1415,22761,23264,2017-05-06 22:29:53,2017-05-07 06:52:23,34.1198620357143,114.105874446429,69.4497041420118,196.974198593572,170,43.8441814595661,503.5,M
178,C1415,23470,23475,2017-05-07 10:19:53,2017-05-07 10:24:53,31.9345531666667,114.283115333333,76.9756097560976,266.879841424269,207.5,38.759206121473,6,M
179,C1415,23477,23477,2017-05-07 10:26:53,2017-05-07 10:26:53,31.933635,114.282552,5,0.116118402138972,2,5,1,M
180,C1415,23535,23592,2017-05-07 11:24:53,2017-05-07 12:21:53,31.4968789310345,114.100607706897,67.9347826086957,53.0080535007425,58,112.995652173913,58,D
181,C1415,23701,23701,2017-05-07 14:10:53,2017-05-07 14:10:53,30.358233,114.15776,74.1111111111111,133.855547120516,109,113.090342679128,1,M
182,C1415,23707,23707,2017-05-07 14:16:53,2017-05-07 14:16:53,30.368518,114.158446,40.5,1.4480272613858,6,60.5,1,M
183,C1415,23712,23958,2017-05-07 14:21:53,2017-05-07 18:27:53,30.3806907044534,114.175031748988,36.5,2.58288013825695,5,363.666666666667,247,M
184,C1415,23965,24014,2017-05-07 18:34:53,2017-05-07 19:23:53,30.38093618,114.17563906,13.5,0.512100904331905,7,0.5,50,D
185,C1415,24029,24029,2017-05-07 19:38:53,2017-05-07 19:38:53,30.36331,114.153483,25.1666666666667,3.03030287694965,15,298.966666666667,1,M
186,C1415,24031,24031,2017-05-07 19:40:53,2017-05-07 19:40:53,30.358022,114.157519,26,1.05447875678976,2,26,1,M
187,C1415,24063,24063,2017-05-07 20:12:53,2017-05-07 20:12:53,30.633491,114.051934,70.0322580645161,36.2451983495252,32,82.7655913978495,1,M
188,C1415,24066,24066,2017-05-07 20:15:53,2017-05-07 20:15:53,30.626789,114.060621,40.5,1.48572475117793,3,40.5,1,M
189,C1415,24072,24255,2017-05-07 20:23:53,2017-05-07 23:26:53,30.6306015434783,114.056214489131,5,1.63462211789815,8,5,184,M
190,C1415,24346,24346,2017-05-08 00:56:23,2017-05-08 00:56:23,29.873392,114.18048,67.6222222222222,100.810238633577,89.5,170.597253433208,1,M
191,C1415,24394,24395,2017-05-08 01:44:23,2017-05-08 01:45:23,29.6192875,113.706057,68.9787234042553,56.4807269192232,48,48.8473635522664,2,M
192,C1415,24421,24693,2017-05-08 02:11:23,2017-05-08 06:43:23,29.4760898168498,113.506186750916,66.08,27.5328049300671,26,86.3266666666667,273,M
193,C1415,24818,24818,2017-05-08 08:50:23,2017-05-08 08:50:23,28.234,113.058758,74.3467741935484,156.892653822708,127,102.390965119329,1,M
194,C1415,24820,24820,2017-05-08 08:52:23,2017-05-08 08:52:23,28.235103,113.056393,12,0.413991359263125,2,12,1,M
195,C1415,24823,24823,2017-05-08 08:55:23,2017-05-08 08:55:23,28.237401,113.061817,15,0.860385353725274,3,72,1,M
196,C1415,24825,24825,2017-05-08 08:57:23,2017-05-08 08:57:23,28.240575,113.062697,6,0.573501155361239,2,6,1,M
197,C1415,24828,24828,2017-05-08 09:00:23,2017-05-08 09:00:23,28.245379,113.063582,14,0.619792539979279,3,2,1,M
198,C1415,24830,24831,2017-05-08 09:02:23,2017-05-08 09:03:23,28.248979,113.065947,9,0.664919036316277,2,9,2,M
199,C1415,24834,24914,2017-05-08 09:06:23,2017-05-08 10:26:23,28.2534500740741,113.062267395062,14,0.748763160237733,3,98,81,D
200,C1415,24916,25190,2017-05-08 10:28:23,2017-05-08 15:02:23,28.2542333818182,113.060912527273,6,0.126817196236828,2,6,275,M
201,C1415,25194,25194,2017-05-08 15:06:23,2017-05-08 15:06:23,28.249415,113.053071,22.3333333333333,1.28598418774529,4,37.3333333333333,1,M
202,C1415,25196,25197,2017-05-08 15:08:23,2017-05-08 15:09:23,28.241026,113.053399,28,1.37298097167253,2,28,2,M
203,C1415,25201,25201,2017-05-08 15:13:23,2017-05-08 15:13:23,28.233377,113.058838,40,1.38120518207464,4,40,1,M
204,C1415,25209,25209,2017-05-08 15:21:23,2017-05-08 15:21:23,28.169716,113.047133,68.1428571428571,8.50202284725784,8,207.809523809524,1,M
205,C1415,25212,25213,2017-05-08 15:24:23,2017-05-08 15:25:23,28.171607,113.0564435,31.5,1.45671822065624,3,480.5,2,M
206,C1415,26546,26546,2017-06-06 06:44:10,2017-06-06 06:44:10,28.161041,113.063159,35.3333333333333,3.79024903446063,41238.7833333333,412.75,0.5,M
207,C1415,26555,26555,2017-06-06 06:48:40,2017-06-06 06:48:40,28.172748,113.056836,36.125,2.84357706277554,4.5,249.553571428571,0.5,M
208,C1415,26627,26633,2017-06-06 07:24:40,2017-06-06 07:27:40,28.173907,112.880297,60.8591549295775,36.3361459130247,36,250.151307847082,3.5,M
209,C1415,26645,26646,2017-06-06 07:33:40,2017-06-06 07:34:10,28.2408565,112.844434,60.6363636363636,9.04331876452766,6,106.854545454545,1,M
210,C1415,26678,26679,2017-06-06 07:52:00,2017-06-06 07:52:30,28.2775995,112.684986,55.741935483871,16.5838971535103,17.8333333333333,245.131182795699,1,M
211,C1415,26688,26889,2017-06-06 07:57:10,2017-06-06 09:37:40,28.2770180990099,112.675183425743,29.375,1.87788891587235,4.66666666666667,127.410714285714,101,D
212,C1415,26893,26893,2017-06-06 09:39:40,2017-06-06 09:39:40,28.278054,112.673378,8,0.306217287747644,2,3,0.5,M
213,C1415,26896,26949,2017-06-06 09:41:10,2017-06-06 10:07:40,28.2773684814815,112.673065148148,13,0.33087324314225,1.5,18,27,D
214,C1415,26956,26956,2017-06-06 10:12:10,2017-06-06 10:12:10,28.277414,112.673112,14.3333333333333,0.391457044502475,4.5,89.3333333333333,1.5,M
215,C1415,26959,27036,2017-06-06 10:13:40,2017-06-06 10:52:10,28.2778193589744,112.673773371795,7,0.288868139917911,1.5,0,39,D
216,C1415,27039,27141,2017-06-06 10:53:40,2017-06-06 11:44:40,28.2783760679612,112.672346359223,6.5,0.142242038607173,1.5,4.5,51.5,D
217,C1415,27145,27660,2017-06-06 11:46:40,2017-06-06 15:49:50,28.2765270930232,112.672011339147,14.3333333333333,0.413932308654819,2,86.3333333333333,243.666666666667,M
218,C1415,27665,27665,2017-06-06 15:51:30,2017-06-06 15:51:30,28.277765,112.674047,10,0.315498763181616,1.66666666666667,12.6666666666667,0.333333333333333,M
219,C1415,27667,27670,2017-06-06 15:52:10,2017-06-06 15:53:10,28.277609,112.6750445,8,0.123959961602409,0.666666666666667,8,1.33333333333333,M
220,C1415,27687,27792,2017-06-06 15:58:50,2017-06-06 16:33:50,28.2781635,112.657128377358,21.625,2.1045161654914,5.66666666666667,58.65,35.3333333333333,D
221,C1415,27795,27843,2017-06-06 16:34:50,2017-06-06 16:50:50,28.2790933877551,112.655915714286,19,0.174119713777111,1,98,16.3333333333333,D
222,C1415,27845,27845,2017-06-06 16:51:30,2017-06-06 16:51:30,28.280164,112.656296,15,0.125349561389218,0.666666666666667,15,0.333333333333333,M
223,C1415,28064,28102,2017-06-06 18:09:50,2017-06-06 18:22:30,28.7981111794872,111.948959230769,73.697247706422,96.6782075875963,78.3333333333333,154.304232021308,13,D
224,C1415,28165,28268,2017-06-06 18:46:40,2017-06-06 19:21:10,28.9431578461539,111.765225605769,71.0967741935484,28.7324279647852,24.1666666666667,187.859333685881,34.8333333333333,D
225,C1415,28437,28476,2017-06-06 20:17:30,2017-06-06 20:30:30,29.493591525,111.777648575,67.6369047619048,63.9207508576882,56.3333333333333,173.753599942971,13.3333333333333,D
226,C1415,28589,28597,2017-06-06 21:08:10,2017-06-06 21:10:50,29.8551397777778,111.872287444444,66.9107142857143,42.1741961666182,37.6666666666667,129.541505791506,3,M
227,C1415,28812,28886,2017-06-06 22:32:50,2017-06-06 22:57:30,30.5555448533333,112.20528268,68.9532710280374,95.3703480509758,82,72.4954587337107,25,D
228,C1415,28954,28954,2017-06-06 23:20:10,2017-06-06 23:20:10,30.788437,112.230445,70.089552238806,26.3273559075111,22.6666666666667,151.658525554048,0.333333333333333,M
229,C1415,29157,29546,2017-06-07 01:07:10,2017-06-07 06:32:30,31.8691982076923,112.076088682051,70.9158415841584,130.806279952204,107,59.0824343628393,326.166666666667,M
230,C1415,29596,29597,2017-06-07 07:14:20,2017-06-07 07:15:10,32.30962,112.102259,72.5510204081633,50.0351022006982,41.8333333333333,182.335884353742,1.66666666666667,M
231,C1415,29787,29823,2017-06-07 10:03:10,2017-06-07 10:33:10,33.6900733513513,113.481832675676,75.5449735449735,212.069921514748,168,48.0578070471688,30.8333333333333,D
232,C1415,29868,29904,2017-06-07 11:12:50,2017-06-07 11:42:50,33.962429972973,113.817856594595,70.6590909090909,46.3109971965166,39.6666666666667,209.160147991543,30.8333333333333,D
233,C1415,29938,29954,2017-06-07 12:15:40,2017-06-07 12:30:20,34.1196972352941,114.107480470588,72.0909090909091,34.9194402535154,32.8333333333333,131.647727272727,15.5,D
234,C1415,30076,30106,2017-06-07 14:16:40,2017-06-07 14:41:40,35.0822653225806,114.581227064516,70.5619834710744,124.843844844095,106.333333333333,66.7482093663912,25.8333333333333,D
235,C1415,30238,30246,2017-06-07 16:39:50,2017-06-07 16:46:30,36.2072638888889,115.142038666667,70.9770992366412,140.163930416159,118.166666666667,54.0687022900763,7.5,M
236,C1415,30320,30320,2017-06-07 17:52:20,2017-06-07 17:52:20,36.815227,115.213309,65.3013698630137,71.0166012227976,65.8333333333333,50.2134703196347,0.833333333333333,M
237,C1415,30337,30365,2017-06-07 18:06:30,2017-06-07 18:30:10,36.9309863448276,115.308829310345,64.75,16.0927808747179,14.1666666666667,125.666666666667,24.5,D
238,C1415,30390,30438,2017-06-07 18:54:00,2017-06-07 19:34:00,37.1312759183673,115.457520734694,67.0416666666667,26.3450265492211,23.8333333333333,127.259057971014,40.8333333333333,D
239,C1415,30617,30617,2017-06-07 22:05:30,2017-06-07 22:05:30,38.233592,116.413209,71.3651685393258,180.108847106381,151.5,30.5608138132419,0.833333333333333,M
240,C1415,30619,31212,2017-06-07 22:07:10,2017-06-08 06:21:50,38.2337167828283,116.414646592593,5,0.536491078299542,1.66666666666667,5,495.5,M
241,C1415,31292,31298,2017-06-08 07:28:30,2017-06-08 07:33:30,38.6789691428571,116.881111,73.3544303797468,80.9721023548388,66.6666666666667,130.12917883804,5.83333333333333,M
242,C1415,31358,31359,2017-06-08 08:24:40,2017-06-08 08:25:30,38.9363865,117.416374,72.4576271186441,60.8787782371711,51.1666666666667,81.2524839275278,1.66666666666667,M
243,C1415,31416,31417,2017-06-08 09:19:50,2017-06-08 09:20:40,39.2814415,117.8361225,69.7678571428571,62.8123576302709,54.3333333333333,94.4724025974026,1.66666666666667,M
244,C1415,31441,31468,2017-06-08 09:42:20,2017-06-08 10:04:50,39.2257508928571,118.038958678571,64.0434782608696,22.7500028584839,21.6666666666667,245.861660079051,23.3333333333333,D
245,C1415,31472,31484,2017-06-08 10:08:10,2017-06-08 10:18:10,39.2263987692308,118.052356461538,18.3333333333333,1.04995428999302,3.33333333333333,296.333333333333,10.8333333333333,D
246,C1415,31510,31543,2017-06-08 10:39:50,2017-06-08 11:23:50,39.3173542058824,118.296345823529,69.48,24.4806988797146,21.6666666666667,213.343333333333,44.8333333333333,D
247,C1415,31691,31693,2017-06-08 13:32:40,2017-06-08 13:34:20,40.0148113333333,119.707342666667,77.1360544217687,165.41302762856,128.833333333333,100.83067747647,2.5,M
248,C1415,31791,31820,2017-06-08 14:59:50,2017-06-08 15:24:10,40.5962883,120.6355566,74.6701030927835,104.680328920457,85.5,72.7650343642612,27,D
249,C1415,31943,31947,2017-06-08 17:21:00,2017-06-08 17:25:30,41.2433982,121.9509176,71.4754098360656,138.985221998836,116.833333333333,80.0531093347785,5.33333333333333,M
250,C1415,32012,32059,2017-06-08 18:27:10,2017-06-08 19:06:20,41.4821487291667,122.684579291667,68.8125,70.0523616958461,61.6666666666667,122.789682539683,40,D
251,C1415,32070,32070,2017-06-08 19:15:30,2017-06-08 19:15:30,41.437091,122.768498,60,8.75297620709054,9.16666666666667,522,0.833333333333333,M
252,C1415,32105,32105,2017-06-08 19:48:20,2017-06-08 19:48:20,41.227907,123.087197,66.1176470588235,37.108960040901,32.8333333333333,11.9857397504456,0.833333333333333,M
253,C1415,32110,32135,2017-06-08 19:53:40,2017-06-08 20:17:00,41.1962276153846,123.126931961539,61,5.47400910106052,5.33333333333333,16.6666666666667,25.1666666666667,D
254,C1415,32665,32665,2017-06-09 04:56:00,2017-06-09 04:56:00,41.180841,123.17078,47.7142857142857,5.23175209010621,519,325.571428571429,2.66666666666667,M
255,C1415,32684,32969,2017-06-09 05:13:30,2017-06-09 09:39:10,41.2542054055944,123.186139856643,34.5555555555556,10.3850117683979,17.5,224.261437908497,266.5,M
256,C1415,32976,32976,2017-06-09 09:46:10,2017-06-09 09:46:10,41.240517,123.186981,29,2.02692674474896,7,62,0.833333333333333,M
257,C1415,32979,32979,2017-06-09 09:48:40,2017-06-09 09:48:40,41.239581,123.173359,38.5,1.35461151222509,2.5,112.5,0.833333333333333,M
258,C1415,32986,32986,2017-06-09 09:55:40,2017-06-09 09:55:40,41.200287,123.173819,43.5,4.76796168032365,7,30.7,0.833333333333333,M
259,C1415,32991,32991,2017-06-09 10:00:00,2017-06-09 10:00:00,41.180981,123.170456,41,2.45558517384109,4.33333333333333,114.666666666667,0.833333333333333,M
260,C1415,32997,33011,2017-06-09 10:06:00,2017-06-09 10:18:10,41.1973116666667,123.127636266667,48.4,4.83767756263986,6,422.8,13,D
261,C1415,33042,33049,2017-06-09 10:48:20,2017-06-09 10:55:00,41.39419425,123.249851375,67.2333333333333,33.5453006432509,30.1666666666667,357.840229885057,7.5,M
262,C1415,33101,33126,2017-06-09 11:43:10,2017-06-09 12:04:10,41.7438019230769,123.563467615385,74.5294117647059,58.8161966330912,48.1666666666667,216.734117647059,21.8333333333333,D
263,C1415,33287,33763,2017-06-09 14:23:40,2017-06-09 21:01:20,42.7275009727463,124.633127909853,72.3625,166.790649348398,139.5,85.6161949685535,398.5,M
264,C1415,33794,33794,2017-06-09 21:27:30,2017-06-09 21:27:30,42.770898,124.943469,64.8333333333333,27.5810828076881,26.1666666666667,255.522988505747,0.833333333333333,M
265,C1415,33805,33805,2017-06-09 21:38:50,2017-06-09 21:38:50,42.805199,125.012605,44.8,7.97985917781565,11.3333333333333,274.844444444444,0.833333333333333,M
266,C1415,33832,35556,2017-06-09 22:01:20,2017-06-10 22:00:20,42.8904985397101,125.137550846956,42.5769230769231,16.1561414263504,22.5,288.253846153846,1439,M
267,C1415,35557,37280,2017-06-10 22:01:10,2017-06-11 22:00:10,42.8904850040603,125.137565291183,0,0,0,0,1439,M
268,C1415,37281,38246,2017-06-11 22:01:00,2017-06-12 11:27:10,42.8905002298136,125.137560933748,0,0,0,0,806.166666666667,M
269,C1415,38934,38934,2017-06-12 21:06:30,2017-06-12 21:06:30,42.805243,125.012645,47.3529411764706,15.6392653669808,579.333333333333,401.367647058824,2.66666666666667,M
270,C1415,39024,39024,2017-06-12 22:25:20,2017-06-12 22:25:20,42.516304,123.995815,78.9213483146068,103.238287787023,78.8333333333333,228.346016343207,0.833333333333333,M
271,C1415,39026,39032,2017-06-12 22:27:00,2017-06-12 22:32:00,42.5148624285714,123.996353285714,7,0.421442229970136,1.66666666666667,7,5.83333333333333,M
272,C1415,39437,39438,2017-06-13 04:16:50,2017-06-13 04:17:40,40.068575,119.8640475,81.3341584158416,468.700791069954,344.833333333333,40.3074159152888,1.66666666666667,M
273,C1415,39491,39770,2017-06-13 05:04:00,2017-06-13 09:09:20,39.8247487714285,119.322937214286,76.2115384615385,57.7797595862853,46.3333333333333,119.150452488688,246.166666666667,M
274,C1415,39846,39892,2017-06-13 10:15:10,2017-06-13 10:53:40,39.3303935106383,118.738012787234,76.4933333333333,83.9959161803447,65.8333333333333,103.253333333333,39.3333333333333,D
275,C1415,39934,39975,2017-06-13 11:31:50,2017-06-13 12:06:00,39.3182614285714,118.295382714286,63.9024390243903,38.5706739308544,38.1666666666667,191.290243902439,36.8333333333333,D
276,C1415,40009,40019,2017-06-13 12:35:20,2017-06-13 12:43:40,39.2268768181818,118.054869090909,65.6,24.1608775232723,29.3333333333333,21.75,9.16666666666667,M
277,C1415,40154,40155,2017-06-13 14:56:50,2017-06-13 14:57:40,38.679762,116.880177,68.044776119403,148.498833497323,133.166666666667,15.3814386713051,1.66666666666667,M
278,C1415,40238,40302,2017-06-13 16:13:03,2017-06-13 17:17:03,38.2350223538462,116.414068861538,70.3414634146341,82.4452160238246,75.3833333333333,33.8819632640771,68.2166666666667,D
279,C1415,40350,40430,2017-06-13 18:07:33,2017-06-13 19:26:36,38.0010462098766,115.90502645679,67.5957446808511,53.4318954033552,50.5,105.072155411656,82.55,D
280,C1415,40504,40583,2017-06-13 20:28:16,2017-06-13 21:34:06,38.0237309375,115.1967035125,61.986301369863,63.2840902459154,61.6666666666667,89.4303652968037,66.6666666666667,D
281,C1415,40630,40636,2017-06-13 22:14:36,2017-06-13 22:20:16,38.03913,114.736214142857,62.6956521739131,41.4629519006659,40.5,63.0164251207729,7.16666666666667,M
282,C1415,40638,40638,2017-06-13 22:21:56,2017-06-13 22:21:56,38.035139,114.733655,17,0.541494105837042,1.66666666666667,17,0.833333333333333,M
283,C1415,40652,40652,2017-06-13 22:33:46,2017-06-13 22:33:46,38.023916,114.669746,41.1538461538462,7.60896031264898,11.8333333333333,397.141025641026,0.833333333333333,M
284,C1415,40657,40664,2017-06-13 22:37:56,2017-06-13 22:43:46,38.020203375,114.658994625,28.75,1.69085043597575,4.16666666666667,468.916666666667,6.66666666666667,M
285,C1415,40666,42391,2017-06-13 22:45:26,2017-06-14 22:44:06,38.0200070393976,114.660264110081,5,0.114104278590454,1.66666666666667,5,1438.66666666667,M
286,C1415,42392,43164,2017-06-14 22:44:56,2017-06-15 09:26:46,38.0200195562742,114.660256518758,0,0,0,0,641.833333333333,M
287,C1415,43166,43166,2017-06-15 09:28:26,2017-06-15 09:28:26,38.020014,114.661895,10,0.141867016112322,1.66666666666667,10,0.833333333333333,M
288,C1415,43482,43496,2017-06-15 13:51:36,2017-06-15 14:03:16,38.0195840666667,114.661785533333,5,0.415671512718181,263.166666666667,5,12.5,D
289,C1415,43499,43500,2017-06-15 14:05:46,2017-06-15 14:06:36,38.0197835,114.6617925,8,0.174454823434591,2.5,8,1.66666666666667,M
290,C1415,43807,43807,2017-06-15 18:22:26,2017-06-15 18:22:26,38.038003,114.678952,22.5,4.19491999327126,255.833333333333,100.277777777778,0.833333333333333,M
291,C1415,43820,43820,2017-06-15 18:33:16,2017-06-15 18:33:16,38.038674,114.73618,35.1666666666667,6.10807240010936,10.8333333333333,304.151515151515,0.833333333333333,M
292,C1415,43835,43841,2017-06-15 18:45:46,2017-06-15 18:50:46,37.9662922857143,114.752005571429,63.4285714285714,12.613723892427,12.5,293.956043956044,5.83333333333333,M
293,C1415,44041,44067,2017-06-15 21:46:26,2017-06-15 22:08:06,36.3830894814815,114.420334,73.7446808510638,204.943919376599,175.666666666667,86.2232335874388,22.5,D
294,C1415,44086,44087,2017-06-15 22:23:56,2017-06-15 22:24:46,36.2350935,114.389172,67,16.9670853599162,15.8333333333333,429.764705882353,1.66666666666667,M
295,C1415,44261,44287,2017-06-16 01:17:36,2017-06-16 01:39:16,34.4567079259259,113.805726592593,74.0867052023121,207.687008974345,172.833333333333,133.974996639333,22.5,D
296,C1415,44522,44547,2017-06-16 05:00:06,2017-06-16 05:20:56,32.2590009230769,114.151050653846,75.9145299145299,255.273050407514,200.833333333333,84.8939510656249,21.6666666666667,D
297,C1415,44591,44596,2017-06-16 05:57:36,2017-06-16 06:01:46,31.9323118333333,114.281852666667,67.5581395348837,40.5900937295778,36.6666666666667,228.776301218162,5,M
298,C1415,44652,44652,2017-06-16 06:48:16,2017-06-16 06:48:16,31.496448,114.100099,68.4545454545455,52.8249231522874,46.5,245.43771043771,0.833333333333333,M
299,C1415,44654,44811,2017-06-16 06:49:56,2017-06-16 09:00:46,31.4958157594937,114.100070816456,5,0.20708839369975,1.66666666666667,5,131.666666666667,D
300,C1415,44967,44967,2017-06-16 11:11:26,2017-06-16 11:11:26,30.148363,114.267314,74.3354838709677,162.569441795698,130.666666666667,142.068537913699,0.833333333333333,M
301,C1415,44970,44970,2017-06-16 11:13:56,2017-06-16 11:13:56,30.146502,114.267746,8,0.323281430175933,2.5,18,0.833333333333333,M
302,C1415,44972,44972,2017-06-16 11:15:36,2017-06-16 11:15:36,30.145424,114.26815,7,0.245617045023971,1.66666666666667,7,0.833333333333333,M
303,C1415,44975,44975,2017-06-16 11:18:06,2017-06-16 11:18:06,30.142863,114.269175,14.5,0.370653065590661,2.5,60.5,0.833333333333333,M
304,C1415,45047,45075,2017-06-16 12:18:06,2017-06-16 12:41:26,29.7418883793103,113.89484137931,69.8382352941177,66.7148841791792,60,354.943590869183,24.1666666666667,D
305,C1415,45098,45098,2017-06-16 13:00:26,2017-06-16 13:00:26,29.619167,113.705745,75.8636363636364,23.3547818479862,19,243.647186147186,0.833333333333333,M
306,C1415,45244,45244,2017-06-16 15:16:26,2017-06-16 15:16:26,28.315354,113.083334,76.8827586206897,174.825441324475,136,63.4375478927203,0.833333333333333,M
307,C1415,45282,45282,2017-06-16 15:49:16,2017-06-16 15:49:16,28.240753,112.845195,69.2,31.001511869579,32.8333333333333,208.165517241379,0.833333333333333,M
308,C1415,45298,45298,2017-06-16 16:02:36,2017-06-16 16:02:36,28.24873,112.77871,46.4,6.73172954318261,13.3333333333333,278.044444444444,0.833333333333333,M
309,C1415,45307,45307,2017-06-16 16:12:56,2017-06-16 16:12:56,28.277636,112.685025,55.625,10.0261964297609,10.3333333333333,427.410714285714,0.833333333333333,M
310,C1415,45311,45312,2017-06-16 16:16:16,2017-06-16 16:17:06,28.2737185,112.6751855,36,1.54760904900731,3.33333333333333,67,1.66666666666667,M
311,C1415,45314,45336,2017-06-16 16:18:46,2017-06-16 16:37:06,28.2766150434783,112.675058521739,17,0.36623030079787,1.66666666666667,17,19.1666666666667,D
312,C1415,45458,45458,2017-06-16 18:21:26,2017-06-16 18:21:26,28.277608,112.674595,7,0.644099679576765,104.333333333333,7,0.833333333333333,M
313,C1415,45460,45460,2017-06-16 18:23:06,2017-06-16 18:23:06,28.276798,112.675038,5,0.274313443458227,1.66666666666667,5,0.833333333333333,M
314,C1415,45469,45548,2017-06-16 18:30:36,2017-06-16 19:36:26,28.279770325,112.6837705625,48.6666666666667,1.78755499960806,7.5,329.333333333333,66.6666666666667,D
315,C1415,45551,45592,2017-06-16 19:38:56,2017-06-16 20:13:06,28.2749465714286,112.681999095238,13.5,0.578983976037354,2.5,144.5,35,D
316,C1415,45605,45607,2017-06-16 20:23:56,2017-06-16 20:25:36,28.247886,112.779251333333,60.5,10.1605782725601,10.8333333333333,632.272727272727,2.5,M
317,C1415,45617,45617,2017-06-16 20:33:56,2017-06-16 20:33:56,28.240652,112.844221,53.5555555555556,6.73558365997306,8.33333333333333,462.027777777778,0.833333333333333,M
318,C1415,45624,45626,2017-06-16 20:39:46,2017-06-16 20:41:26,28.193435,112.85595,71.3333333333333,5.53966032139199,5.83333333333333,159.866666666667,2.5,M
319,C1415,45660,45661,2017-06-16 21:10:56,2017-06-16 21:11:46,28.169567,113.047028,68.3333333333333,35.9949209859083,29.5,110.791666666667,1.66666666666667,M
320,C1415,45666,45681,2017-06-16 21:15:56,2017-06-16 21:28:26,28.1689045,113.0567325,24.75,1.34061511917773,4.16666666666667,170.25,12.5,D
321,C1415,45682,45708,2017-06-20 20:54:46,2017-06-20 21:18:14,28.169001,113.056669851852,0,0,0,0,23.4666666666667,D
322,C1415,45710,45713,2017-06-20 21:19:54,2017-06-20 21:22:24,28.171864,113.0569345,11,0.316930051491434,1.66666666666667,11,3.33333333333333,M
323,C1415,45717,45717,2017-06-20 21:25:44,2017-06-20 21:25:44,28.170097,113.046927,40,1.27583497250479,3.33333333333333,7,0.833333333333333,M
324,C1415,45958,45959,2017-06-21 00:48:24,2017-06-21 00:49:14,26.0444185,113.008489,76.1791666666667,256.677944530809,202.666666666667,48.6414051603905,1.66666666666667,M
325,C1415,45972,45984,2017-06-21 01:00:04,2017-06-21 01:10:04,26.0353277692308,112.968614153846,42.7,5.6078294357919,10.8333333333333,326.455555555555,10.8333333333333,D
326,C1415,46030,46032,2017-06-21 01:52:44,2017-06-21 01:54:24,25.792645,113.011132,50.5333333333333,36.081925369832,42.6666666666667,225.8,2.5,M
327,C1415,46035,46036,2017-06-21 01:56:54,2017-06-21 01:57:44,25.7931075,113.0144055,18,0.386114997248572,2.5,18,1.66666666666667,M
328,C1415,46655,46660,2017-06-21 10:35:34,2017-06-21 10:39:44,25.7928433333333,113.012728333333,7,0.556570053539908,517.833333333333,7,5,M
329,C1415,46663,46705,2017-06-21 10:42:14,2017-06-21 11:17:14,25.7928926744186,113.012624023256,8.5,0.194034196465016,2.5,0.5,35.8333333333333,D
330,C1415,47032,47032,2017-06-21 15:49:44,2017-06-21 15:49:44,25.793311,113.013868,9,0.509929546258671,272.5,9,0.833333333333333,M
331,C1415,47039,47483,2017-06-21 15:55:34,2017-06-21 22:05:34,25.7934906202248,113.013618159551,5,0.183226856610587,5.83333333333333,5,370.833333333333,M
332,C1415,47485,47485,2017-06-21 22:07:14,2017-06-21 22:07:14,25.792606,113.011091,12,0.293269443243154,1.66666666666667,12,0.833333333333333,M
333,C1415,47487,47487,2017-06-21 22:08:54,2017-06-21 22:08:54,25.792676,113.010054,5,0.368637936547006,1.66666666666667,5,0.833333333333333,M
334,C1415,47710,48090,2017-06-22 01:23:24,2017-06-22 06:40:04,27.2220283097113,112.485984207349,68.7117117117117,219.657449005192,194.5,235.997961762668,317.5,M
335,C1415,48142,48151,2017-06-22 07:27:24,2017-06-22 07:34:54,27.6634311,112.7583833,73.2745098039216,57.1753400414417,47.3333333333333,147.723137254902,8.33333333333333,M
336,C1415,48201,48201,2017-06-22 08:16:34,2017-06-22 08:16:34,28.112033,112.747067,76.1836734693878,52.3932025527087,41.6666666666667,102.40306122449,0.833333333333333,M
337,C1415,48204,48205,2017-06-22 08:19:04,2017-06-22 08:19:54,28.139654,112.748735,75,3.7874790667221,2.5,72,1.66666666666667,M
338,C1415,48222,48222,2017-06-22 08:35:44,2017-06-22 08:35:44,28.277618,112.685121,71.5714285714286,20.2279544332516,15.8333333333333,344.417582417582,0.833333333333333,M
339,C1415,48228,48418,2017-06-22 08:40:44,2017-06-22 11:22:44,28.2769637958115,112.675192293194,27.2,1.74290643503253,5,215.2,162.833333333333,D
340,C1415,48420,48650,2017-06-22 11:24:24,2017-06-22 14:42:44,28.2781134891775,112.6726944329,16,0.307677446708262,1.66666666666667,16,199.166666666667,M
341,C1415,48652,48652,2017-06-22 14:44:24,2017-06-22 14:44:24,28.277455,112.675211,15,0.256035595038999,1.66666666666667,15,0.833333333333333,M
342,C1415,48654,48656,2017-06-22 14:46:04,2017-06-22 14:47:44,28.2752713333333,112.674432666667,12,0.314072695857998,1.66666666666667,12,2.5,M
343,C1415,48659,48659,2017-06-22 14:50:14,2017-06-22 14:50:14,28.275193,112.683621,40,1.30002357359961,2.5,18,0.833333333333333,M
344,C1415,48670,48670,2017-06-22 14:59:24,2017-06-22 14:59:24,28.247736,112.778789,71.9,10.349648759283,9.16666666666667,174.766666666667,0.833333333333333,M
345,C1415,48682,48682,2017-06-22 15:12:34,2017-06-22 15:12:34,28.193608,112.85592,67.8181818181818,11.9549090770639,13.1666666666667,293.163636363636,0.833333333333333,M
346,C1415,48710,48711,2017-06-22 15:43:54,2017-06-22 15:44:44,28.1696235,113.0471035,68.6296296296296,34.9672911013552,31.3333333333333,218.011396011396,1.66666666666667,M
347,C1415,48713,48716,2017-06-22 15:46:24,2017-06-22 15:48:54,28.17178425,113.056283,65,0.929596349588878,1.66666666666667,65,3.33333333333333,M
348,C1415,48719,48756,2017-06-22 15:51:24,2017-06-22 16:22:14,28.1687551315789,113.056730052632,11,0.375758490547867,2.5,50,30.8333333333333,D
349,C1415,48757,48766,2017-07-01 06:37:43,2017-07-01 06:46:43,28.1687384,113.0565984,0,0,0,0,9,M
350,C1415,48771,48771,2017-07-01 06:51:43,2017-07-01 06:51:43,28.161066,113.063066,33.25,2.42153590752811,5,328.916666666667,1,M
351,C1415,48777,48777,2017-07-01 06:57:43,2017-07-01 06:57:43,28.194401,113.073612,51,4.39144385757004,6,108.5,1,M
352,C1415,48781,48781,2017-07-01 07:01:43,2017-07-01 07:01:43,28.208086,113.078908,32.6666666666667,1.81171176894337,4,74.3333333333333,1,M
353,C1415,48784,48784,2017-07-01 07:04:43,2017-07-01 07:04:43,28.221157,113.079612,24.5,2.02150176703224,3,684.5,1,M
354,C1415,48788,48869,2017-07-01 07:08:43,2017-07-01 08:29:43,28.2324040121951,113.082727670732,27.6666666666667,2.14262900888311,4,310.333333333333,82,D
355,C1415,48871,48972,2017-07-01 08:31:43,2017-07-01 10:12:43,28.2344313529412,113.082185735294,14,0.226613086413654,2,14,102,D
356,C1415,48975,48975,2017-07-01 10:15:43,2017-07-01 10:15:43,28.23265,113.08273,7,0.293841992465693,3,7,1,M
357,C1415,48982,48982,2017-07-01 10:22:43,2017-07-01 10:22:43,28.227518,113.075678,17.5,1.66824985066305,7,264.5,1,M
358,C1415,48987,48987,2017-07-01 10:27:43,2017-07-01 10:27:43,28.227675,113.057227,29.5,2.17381034255965,5,116.333333333333,1,M
359,C1415,49030,49031,2017-07-01 11:10:43,2017-07-01 11:11:43,28.2407895,112.8447055,61.3571428571429,42.0031003290512,43,239.552264808362,2,M
360,C1415,49040,49040,2017-07-01 11:20:43,2017-07-01 11:20:43,28.248689,112.778689,47.875,6.5800100625934,9,242.982142857143,1,M
361,C1415,49052,49052,2017-07-01 11:32:43,2017-07-01 11:32:43,28.268628,112.705761,42.5454545454546,7.99040584360898,12,588.672727272727,1,M
362,C1415,49054,49056,2017-07-01 11:34:43,2017-07-01 11:36:43,28.2697616666667,112.702731,14,0.354628402373145,2,14,3,M
363,C1415,49091,49093,2017-07-01 12:18:13,2017-07-01 12:20:13,28.5273943333333,112.448704333333,61.8529411764706,40.88729411467,41.5,296.371657754011,5.5,M
364,C1415,49182,49182,2017-07-01 13:50:13,2017-07-01 13:50:13,29.065271,111.57669,75.8636363636364,112.562520622208,90,64.0041797283177,1,M
365,C1415,49184,49184,2017-07-01 13:52:13,2017-07-01 13:52:13,29.06452,111.578704,17,0.497355982163153,2,17,1,M
366,C1415,49195,49195,2017-07-01 14:03:13,2017-07-01 14:03:13,29.049081,111.656108,52.2,8.64397670467946,11,406.622222222222,1,M
367,C1415,49197,49197,2017-07-01 14:05:13,2017-07-01 14:05:13,29.044625,111.661963,27,1.14906520981085,2,27,1,M
368,C1415,49204,49309,2017-07-01 14:12:13,2017-07-01 15:57:13,29.0422818490566,111.664133915094,7,0.8877204032743,7,7,106,D
369,C1415,49311,50289,2017-07-01 15:59:13,2017-07-02 08:22:43,29.0403596077631,111.665288305414,13,0.222652612959703,2,13,984.5,M
370,C1415,50292,50311,2017-07-02 08:25:43,2017-07-02 08:46:13,29.04279475,111.6639418,6,0.313760704647901,3,2,21.5,D
371,C1415,50316,50316,2017-07-02 08:51:13,2017-07-02 08:51:13,29.056517,111.655236,24.5,1.77163025874487,5,163,1,M
372,C1415,50321,50323,2017-07-02 08:56:13,2017-07-02 08:58:13,29.055081,111.639793333333,20.75,1.85098559724884,5,376.25,3,M
373,C1415,50331,50331,2017-07-02 09:06:13,2017-07-02 09:06:13,29.065674,111.576412,54.5714285714286,6.39477894187912,8,295.285714285714,1,M
374,C1415,50421,50421,2017-07-02 10:36:13,2017-07-02 10:36:13,28.495292,112.312374,72.0898876404494,108.615029723354,90,35.3100102145046,1,M
375,C1415,50438,50438,2017-07-02 10:53:13,2017-07-02 10:53:13,28.463748,112.485665,72.25,21.1659478209967,17,51.1333333333333,1,M
376,C1415,50469,50470,2017-07-02 11:28:43,2017-07-02 11:29:43,28.247429,112.778677,70.5666666666667,41.4462475938451,35.5,76.7367816091954,2,M
377,C1415,50478,50482,2017-07-02 11:37:43,2017-07-02 11:41:43,28.2405774,112.8441118,57.8571428571429,6.56782711169896,8,124.47619047619,5,M
378,C1415,50488,50490,2017-07-02 11:47:43,2017-07-02 11:49:43,28.193104,112.8561,66.4,5.56225895125937,6,311.8,3,M
379,C1415,50515,50515,2017-07-02 12:19:13,2017-07-02 12:19:13,28.169592,113.047198,69.4166666666667,35.3021911460903,29.5,98.3405797101449,1,M
380,C1415,50520,50556,2017-07-02 12:24:13,2017-07-02 13:00:13,28.1685971081081,113.056683216216,22.75,1.71079633980443,5,148.916666666667,36,D
381,C1415,50557,50705,2017-07-04 08:59:07,2017-07-04 16:42:09,28.168652442953,113.056689060403,0,0,0,0,463.033333333333,M
382,C1415,50706,50839,2017-07-20 14:25:00,2017-07-20 17:14:36,28.1686193656716,113.056567432836,0,0,0,0,169.6,D
383,C1415,50840,50867,2017-07-24 16:05:56,2017-07-24 16:32:56,28.1685664642857,113.056727428571,0,0,0,0,27,D
