VehicleID,StopID,StartRow,StartTime,StopRow,EndTime,Latitude,Longitude,Distance from previous stop,Average Speed from Previous stop,stopDuration,TimeDIffbtwStops
C1415,1,1,2017-08-01 07:22:52,39,2017-08-01 08:02:26,28.16858030769231,113.05658143589743,0,0,2374.0,0
C1415,2,47,2017-08-01 08:11:56,47,2017-08-01 08:12:56,28.17583,113.069043,521,28.571428571428573,60.0,570
C1415,3,53,2017-08-01 08:17:56,53,2017-08-01 08:18:56,28.160974,113.062903,-499,19.0,60.0,300
C1415,4,61,2017-08-01 08:25:56,61,2017-08-01 08:26:56,28.162185,113.128604,801,56.142857142857146,60.0,420
C1415,5,64,2017-08-01 08:28:56,64,2017-08-01 08:29:56,28.174658,113.129957,-385,44.0,60.0,120
C1415,6,66,2017-08-01 08:30:56,68,2017-08-01 08:33:56,28.18011766666667,113.13049733333334,-48,34.0,180.0,60
C1415,7,112,2017-08-01 09:16:56,114,2017-08-01 09:19:56,28.172846000000003,112.880455,221,62.51162790697674,180.0,2580
C1415,8,121,2017-08-01 09:25:56,123,2017-08-01 09:28:56,28.240758666666668,112.84461033333332,-571,58.666666666666664,180.0,360
C1415,9,133,2017-08-01 09:37:56,136,2017-08-01 09:41:56,28.2487115,112.77924875,88,45.333333333333336,240.0,540
C1415,10,147,2017-08-01 09:51:56,147,2017-08-01 09:52:56,28.277556,112.68517,68,60.6,60.0,600
C1415,11,152,2017-08-01 09:56:56,203,2017-08-01 10:48:56,28.276803692307684,112.67510811538455,132,16.5,3120.0,240
C1415,12,205,2017-08-01 10:49:56,209,2017-08-01 10:54:56,28.278003599999998,112.67333880000001,-144,5.0,300.0,60
C1415,13,212,2017-08-01 10:56:56,325,2017-08-01 12:51:56,28.277124491228058,112.67290411403508,-70,8.0,6900.0,120
C1415,14,327,2017-08-01 12:52:56,438,2017-08-01 14:44:56,28.277611133928577,112.67411453571431,-31,7.0,6720.0,60
C1415,15,440,2017-08-01 14:45:56,667,2017-08-01 18:32:26,28.278170096491223,112.67120862719302,38,9.0,13590.0,60
C1415,1,8,2017-04-08 00:07:21,8,2017-04-08 00:08:21,29.03705,110.220036,0,0,60.0,0
C1415,2,13,2017-04-08 00:12:21,13,2017-04-08 00:13:21,29.010788,110.16868999999998,-50,73.0,60.0,240
C1415,3,33,2017-04-08 00:32:21,35,2017-04-08 00:35:21,28.943667,109.943287,-95,71.05263157894737,180.0,1140
C1415,4,49,2017-04-08 00:48:21,50,2017-04-08 00:50:21,28.889682,109.818303,41,66.07692307692308,120.0,780
C1415,5,57,2017-04-08 00:56:21,57,2017-04-08 00:57:21,28.962135,109.778094,-88,70.33333333333333,60.0,360
C1415,6,65,2017-04-08 01:04:21,68,2017-04-08 01:10:21,29.0344565,109.72141675,192,69.14285714285714,360.0,420
C1415,7,76,2017-04-08 01:17:21,77,2017-04-08 01:19:21,29.113144,109.639921,-192,55.142857142857146,120.0,420
C1415,8,83,2017-04-08 01:24:21,83,2017-04-08 01:25:21,29.164288,109.632719,-303,56.6,60.0,300
C1415,9,85,2017-04-08 01:26:21,506,2017-04-08 08:33:21,29.164783052132695,109.63293060900469,-52,5.0,25620.0,60
C1415,10,516,2017-04-08 08:42:21,517,2017-04-08 08:44:21,29.237936,109.645918,511,56.111111111111114,120.0,540
C1415,11,526,2017-04-08 08:52:21,526,2017-04-08 08:53:21,29.318748,109.575705,-542,70.25,60.0,480
C1415,12,528,2017-04-08 08:54:21,531,2017-04-08 08:58:21,29.332489,109.566855,0,50.0,240.0,60
C1415,13,534,2017-04-08 09:00:21,536,2017-04-08 09:03:21,29.371613,109.529206,0,64.5,180.0,120
C1415,14,550,2017-04-08 09:16:21,552,2017-04-08 09:19:21,29.518471333333334,109.46908566666667,501,73.0,180.0,780
C1415,15,581,2017-04-08 10:07:21,581,2017-04-08 10:08:21,29.919483000000003,109.43773600000002,-501,67.0,60.0,2880
C1415,16,584,2017-04-08 10:10:21,584,2017-04-08 10:11:21,29.959775,109.419551,551,59.5,60.0,120
C1415,17,611,2017-04-08 10:49:21,611,2017-04-08 10:50:21,30.309444,109.533284,-348,71.42307692307692,60.0,2280
C1415,18,620,2017-04-08 10:58:21,620,2017-04-08 10:59:21,30.333735,109.49438700000002,19,33.875,60.0,480
C1415,19,624,2017-04-08 11:04:21,624,2017-04-08 11:05:21,30.323708,109.475565,1235,29.333333333333332,60.0,300
C1415,20,627,2017-04-08 11:07:21,627,2017-04-08 11:08:21,30.326144,109.46532,-1051,30.5,60.0,120
C1415,21,634,2017-04-08 11:14:21,634,2017-04-08 11:15:21,30.299429,109.471978,-37,35.666666666666664,60.0,360
C1415,22,636,2017-04-08 11:16:21,1400,2017-04-09 00:00:21,30.298807338562067,109.47075074771223,-317,6.0,45840.0,60
C1415,1,1,2017-04-09 00:00:21,1435,2017-04-10 00:00:51,30.29879340696867,109.47077240696863,0,0,30.0,0
C1415,1,1,2017-06-09 00:00:10,299,2017-06-09 04:48:20,41.19623923745816,123.12636996655509,0,0,17290.0,0
C1415,2,307,2017-06-09 04:56:00,307,2017-06-09 04:56:50,41.180841,123.17078,632,47.714285714285715,50.0,460
C1415,3,326,2017-06-09 05:13:30,611,2017-06-09 09:41:10,41.2542054055944,123.18613985664327,-576,34.55555555555556,16060.0,1000
C1415,4,613,2017-06-09 09:42:00,613,2017-06-09 09:42:50,41.254907,123.189947,90,32.0,50.0,50
C1415,5,618,2017-06-09 09:46:10,618,2017-06-09 09:47:00,41.240517,123.186981,63,29.0,50.0,200
C1415,6,621,2017-06-09 09:48:40,621,2017-06-09 09:49:30,41.239581,123.173359,187,38.5,50.0,100
C1415,7,628,2017-06-09 09:55:40,628,2017-06-09 09:56:30,41.200287,123.173819,-138,43.5,50.0,370
C1415,8,633,2017-06-09 10:00:00,633,2017-06-09 10:00:50,41.180981,123.170456,108,41.0,50.0,210
C1415,9,639,2017-06-09 10:06:00,653,2017-06-09 10:19:00,41.197311666666664,123.12763626666666,-276,48.4,780.0,310
C1415,10,684,2017-06-09 10:48:20,691,2017-06-09 10:55:50,41.39419425,123.24985137500002,-36,67.23333333333333,450.0,1760
C1415,11,743,2017-06-09 11:43:10,768,2017-06-09 12:05:00,41.7438019230769,123.56346761538461,6,74.52941176470588,1310.0,2840
C1415,12,929,2017-06-09 14:23:40,1405,2017-06-09 21:02:10,42.72750097274629,124.63312790985331,-13,72.3625,23910.0,8320
C1415,13,1436,2017-06-09 21:27:30,1436,2017-06-09 21:28:20,42.770898,124.943469,-18,64.83333333333333,50.0,1520
C1415,14,1447,2017-06-09 21:38:50,1447,2017-06-09 21:39:40,42.805199,125.012605,401,44.8,50.0,630
C1415,15,1474,2017-06-09 22:01:20,1617,2017-06-10 00:00:30,42.89051174305556,125.13752256250002,-386,42.57692307692308,7150.0,1300
C1415,1,1,2017-06-08 00:00:10,458,2017-06-08 06:22:40,38.23372750436679,116.4146633995634,0,0,22950.0,0
C1415,2,538,2017-06-08 07:28:30,544,2017-06-08 07:34:20,38.67896914285715,116.881111,65,73.35443037974683,350.0,3950
C1415,3,604,2017-06-08 08:24:40,605,2017-06-08 08:26:20,38.9363865,117.41637399999999,207,72.45762711864407,100.0,3020
C1415,4,662,2017-06-08 09:19:50,663,2017-06-08 09:21:30,39.2814415,117.8361225,-62,69.76785714285714,100.0,3210
C1415,5,687,2017-06-08 09:42:20,714,2017-06-08 10:05:40,39.22575089285714,118.03895867857145,-146,64.04347826086956,1400.0,1250
C1415,6,718,2017-06-08 10:08:10,730,2017-06-08 10:19:00,39.22639876923078,118.05235646153845,7,18.333333333333332,650.0,150
C1415,7,756,2017-06-08 10:39:50,789,2017-06-08 11:24:40,39.31735420588236,118.29634582352942,122,69.48,2690.0,1250
C1415,8,937,2017-06-08 13:32:40,939,2017-06-08 13:35:10,40.014811333333334,119.70734266666666,-161,77.1360544217687,150.0,7680
C1415,9,1037,2017-06-08 14:59:50,1066,2017-06-08 15:25:00,40.5962883,120.6355566,950,74.6701030927835,1510.0,5080
C1415,10,1189,2017-06-08 17:21:00,1193,2017-06-08 17:26:20,41.243398199999994,121.9509176,-891,71.47540983606558,320.0,6960
C1415,11,1258,2017-06-08 18:27:10,1305,2017-06-08 19:07:10,41.48214872916667,122.68457929166668,-29,68.8125,2400.0,3650
C1415,12,1316,2017-06-08 19:15:30,1316,2017-06-08 19:16:20,41.437091,122.768498,731,60.0,50.0,500
C1415,13,1351,2017-06-08 19:48:20,1351,2017-06-08 19:49:10,41.227907,123.087197,-155,66.11764705882354,50.0,1920
C1415,14,1356,2017-06-08 19:53:40,1381,2017-06-08 20:17:50,41.19622761538463,123.12693196153849,500,61.0,1450.0,270
C1415,15,1384,2017-06-08 20:19:30,1604,2017-06-09 00:00:20,41.196247343891415,123.12631892760196,-1119,13.5,13250.0,100
C1415,1,1,2017-04-27 07:00:33,46,2017-04-27 07:46:53,28.1690325652174,113.05686910869565,0,0,2780.0,0
C1415,2,48,2017-04-27 07:47:53,48,2017-04-27 07:48:53,28.171587,113.057036,222,5.0,60.0,60
C1415,3,63,2017-04-27 08:05:23,63,2017-04-27 08:06:23,28.185376,113.157947,-35,52.07142857142857,60.0,990
C1415,4,105,2017-04-27 08:49:53,107,2017-04-27 08:52:53,28.24085633333333,112.84468700000001,-121,69.82926829268293,180.0,2610
C1415,5,114,2017-04-27 08:58:53,117,2017-04-27 09:02:53,28.24869725,112.77951924999999,359,63.5,240.0,360
C1415,6,128,2017-04-27 09:12:53,128,2017-04-27 09:13:53,28.277625,112.685029,-243,60.0,60.0,600
C1415,7,130,2017-04-27 09:14:53,130,2017-04-27 09:15:53,28.27465,112.681929,-7,32.0,60.0,60
C1415,8,134,2017-04-27 09:18:53,137,2017-04-27 09:22:53,28.27708875,112.67518875,48,33.0,240.0,180
C1415,9,139,2017-04-27 09:23:53,603,2017-04-27 17:07:53,28.277715393548387,112.67338694193559,-205,6.0,27840.0,60
C1415,10,607,2017-04-27 17:10:53,610,2017-04-27 17:14:53,28.276564,112.6715805,78,7.0,240.0,180
C1415,11,613,2017-04-27 17:16:53,763,2017-04-27 19:46:53,28.27761791390729,112.67314199337746,-36,7.0,9000.0,120
C1415,1,101,2017-06-22 01:23:24,481,2017-06-22 06:40:54,27.222028309711273,112.48598420734915,0,0,19050.0,0
C1415,2,533,2017-06-22 07:27:24,542,2017-06-22 07:35:44,27.663431100000004,112.75838329999999,304,73.27450980392157,500.0,2790
C1415,3,592,2017-06-22 08:16:34,592,2017-06-22 08:17:24,28.112033,112.747067,247,76.18367346938776,50.0,2450
C1415,4,595,2017-06-22 08:19:04,596,2017-06-22 08:20:44,28.139654,112.748735,209,75.0,100.0,100
C1415,5,598,2017-06-22 08:21:34,598,2017-06-22 08:22:23,28.163681,112.752374,-555,80.0,49.0,50
C1415,6,613,2017-06-22 08:35:44,613,2017-06-22 08:36:34,28.277618,112.685121,-206,71.57142857142857,50.0,801
C1415,7,619,2017-06-22 08:40:44,809,2017-06-22 11:23:34,28.276963795811504,112.67519229319373,71,27.2,9770.0,250
C1415,8,811,2017-06-22 11:24:24,1041,2017-06-22 14:43:34,28.278113489177485,112.67269443290037,46,16.0,11950.0,50
C1415,9,1043,2017-06-22 14:44:24,1043,2017-06-22 14:45:14,28.277455,112.675211,-16,15.0,50.0,50
C1415,10,1045,2017-06-22 14:46:04,1047,2017-06-22 14:48:34,28.275271333333336,112.67443266666665,34,12.0,150.0,50
C1415,11,1050,2017-06-22 14:50:14,1050,2017-06-22 14:51:04,28.275193,112.683621,184,40.0,50.0,100
C1415,12,1061,2017-06-22 14:59:24,1061,2017-06-22 15:00:14,28.247736,112.778789,294,71.9,50.0,500
C1415,13,1073,2017-06-22 15:12:34,1073,2017-06-22 15:17:04,28.193608,112.85592,-426,67.81818181818181,270.0,740
C1415,14,1101,2017-06-22 15:43:54,1102,2017-06-22 15:45:34,28.169623500000004,113.0471035,-124,68.62962962962963,100.0,1610
C1415,15,1104,2017-06-22 15:46:24,1107,2017-06-22 15:49:44,28.17178425,113.056283,462,65.0,200.0,50
C1415,16,1110,2017-06-22 15:51:24,1147,2017-06-22 16:22:14,28.168755131578948,113.05673005263161,-486,11.0,1850.0,100
C1415,1,1,2017-06-20 20:54:46,27,2017-06-20 21:19:04,28.16900100000001,113.05666985185186,0,0,1458.0,0
C1415,2,29,2017-06-20 21:19:54,32,2017-06-20 21:23:14,28.171864,113.0569345,143,11.0,200.0,50
C1415,3,36,2017-06-20 21:25:44,36,2017-06-20 21:26:34,28.170097,113.046927,-5,40.0,50.0,150
C1415,,,,,,,,,,,0
C1415,1,60,2017-04-30 01:01:23,60,2017-04-30 01:02:23,41.062119,121.286046,0,0,60.0,0
C1415,2,63,2017-04-30 01:04:23,506,2017-04-30 08:28:23,41.06267652027032,121.28814690540553,-62,5.0,26640.0,120
C1415,3,543,2017-04-30 09:04:23,544,2017-04-30 09:06:23,41.224326,121.70711599999998,-93,67.38888888888889,120.0,2160
C1415,4,654,2017-04-30 11:00:23,696,2017-04-30 11:43:23,41.87476555813954,122.77556472093025,6,68.8440366972477,2580.0,6840
C1415,5,745,2017-04-30 12:36:53,912,2017-04-30 15:29:53,42.201801434523794,123.24766940476192,63,62.958333333333336,10380.0,3210
C1415,6,1000,2017-04-30 17:03:53,1006,2017-04-30 17:18:53,42.866049428571436,123.81298957142856,13,67.88505747126437,900.0,5640
C1415,7,1046,2017-04-30 18:05:53,1048,2017-04-30 18:08:53,43.085765666666674,124.39419333333335,587,69.33333333333333,180.0,2820
C1415,8,1056,2017-04-30 18:15:53,1056,2017-04-30 18:16:53,43.136337,124.438498,-330,62.42857142857143,60.0,420
C1415,9,1061,2017-04-30 18:20:53,1063,2017-04-30 18:23:53,43.15462333333334,124.41655433333334,-118,43.25,180.0,240
C1415,10,1065,2017-04-30 18:24:53,1401,2017-05-01 00:00:53,43.15476530860534,124.41735588130553,-215,6.0,20160.0,60
C1415,1,1,2017-04-18 15:56:04,26,2017-04-18 16:04:44,29.162208653846147,111.64049069230768,0,0,520.0,0
C1415,2,36,2017-04-18 16:07:44,37,2017-04-18 16:08:24,29.159727500000002,111.63562150000001,48,17.88888888888889,40.0,180
C1415,3,42,2017-04-18 16:09:44,49,2017-04-18 16:12:24,29.157740124999997,111.63591599999998,-14,9.0,160.0,80
C1415,4,80,2017-04-18 16:22:24,80,2017-04-18 16:22:44,29.125387,111.62592,-21,27.233333333333334,20.0,600
C1415,5,377,2017-04-18 18:02:14,406,2017-04-18 18:12:24,28.527999133333335,112.44700143333334,42,75.09797297297297,610.0,5970
C1415,6,493,2017-04-18 18:44:34,495,2017-04-18 18:45:34,28.280211999999995,112.655885,-19,67.62790697674419,60.0,1930
C1415,7,498,2017-04-18 18:46:14,498,2017-04-18 18:46:34,28.278631,112.655605,-5,18.5,20.0,40
C1415,8,511,2017-04-18 18:50:34,836,2017-04-18 20:42:24,28.270376871165645,112.66558915337444,-27,25.333333333333332,6710.0,240
C1415,9,878,2017-04-18 20:57:14,880,2017-04-18 20:58:14,28.247849000000002,112.77885133333332,37,54.41463414634146,60.0,890
C1415,10,943,2017-04-18 21:18:54,943,2017-04-18 21:19:14,28.253868,112.925768,25,49.11290322580645,20.0,1240
C1415,11,980,2017-04-18 21:35:54,1031,2017-04-18 21:53:14,28.25097257692307,113.01327217307686,0,52.05555555555556,1040.0,1000
C1415,12,1054,2017-04-18 22:00:34,1060,2017-04-18 22:02:54,28.212058285714285,113.01381114285714,-47,35.45454545454545,140.0,440
C1415,13,1063,2017-04-18 22:03:34,1065,2017-04-18 22:04:34,28.211990333333336,113.01802966666666,36,30.0,60.0,40
C1415,14,1069,2017-04-18 22:05:34,1071,2017-04-18 22:06:34,28.212130666666667,113.02500833333333,29,37.0,60.0,60
C1415,15,1078,2017-04-18 22:08:34,1079,2017-04-18 22:09:14,28.207698999999998,113.029375,61,24.666666666666668,40.0,120
C1415,16,1082,2017-04-18 22:09:54,1082,2017-04-18 22:10:14,28.20506,113.029648,-79,25.0,20.0,40
C1415,17,1084,2017-04-18 22:10:34,1105,2017-04-18 22:17:54,28.205063454545453,113.03036668181818,-44,6.0,440.0,20
C1415,18,1107,2017-04-18 22:18:14,1166,2017-04-18 22:38:14,28.205298583333363,113.03162720000002,11,15.0,1200.0,20
C1415,19,1168,2017-04-18 22:38:34,1200,2017-04-18 22:49:34,28.20550118181818,113.03099845454544,-3,8.0,660.0,20
C1415,20,1202,2017-04-18 22:49:54,1203,2017-04-18 22:50:34,28.2052295,113.0297755,24,7.0,40.0,20
C1415,21,1208,2017-04-18 22:51:54,1209,2017-04-18 22:52:34,28.201586499999998,113.0292235,-35,17.25,40.0,80
C1415,22,1212,2017-04-18 22:53:14,1212,2017-04-18 22:53:34,28.200945,113.026351,141,18.0,20.0,40
C1415,23,1214,2017-04-18 22:53:54,1223,2017-04-18 22:57:14,28.200671900000003,113.02135530000001,-65,12.0,200.0,20
C1415,24,1233,2017-04-18 23:00:14,1235,2017-04-18 23:01:14,28.185537333333333,113.01972166666667,22,31.0,60.0,180
C1415,25,1239,2017-04-18 23:02:14,1241,2017-04-18 23:03:14,28.180086,113.01951433333333,-1,33.666666666666664,60.0,60
C1415,26,1244,2017-04-18 23:03:54,1246,2017-04-18 23:04:54,28.177331,113.019495,-84,23.0,60.0,40
C1415,27,1267,2017-04-18 23:11:34,1269,2017-04-18 23:12:34,28.171748666666662,113.05575366666666,-16,34.25,60.0,400
C1415,28,1271,2017-04-18 23:12:54,1271,2017-04-18 23:13:14,28.171788,113.057079,96,16.0,20.0,20
C1415,29,1274,2017-04-18 23:13:54,1276,2017-04-18 23:14:54,28.169120666666668,113.05682033333333,-41,21.5,60.0,40
C1415,30,1278,2017-04-18 23:15:14,1384,2017-04-18 23:50:34,28.168874831775717,113.05670001869156,-39,5.0,2120.0,20
C1415,1,59,2017-06-21 00:48:24,60,2017-06-21 00:50:04,26.044418500000003,113.00848900000001,0,0,100.0,0
C1415,2,62,2017-06-21 00:50:54,62,2017-06-21 00:51:44,26.045684,113.008845,-275,21.0,50.0,50
C1415,3,73,2017-06-21 01:00:04,85,2017-06-21 01:10:54,26.03532776923076,112.96861415384618,111,42.7,650.0,500
C1415,4,131,2017-06-21 01:52:44,133,2017-06-21 01:55:14,25.792645000000004,113.01113200000002,-142,50.53333333333333,150.0,2510
C1415,5,135,2017-06-21 01:56:04,137,2017-06-21 01:58:34,25.79317366666667,113.01423133333333,34,18.0,150.0,50
C1415,6,139,2017-06-21 01:59:24,754,2017-06-21 10:34:44,25.793339600649364,113.0135524383119,-62,5.0,30920.0,50
C1415,7,756,2017-06-21 10:35:34,761,2017-06-21 10:40:34,25.792843333333334,113.01272833333333,39,7.0,300.0,50
C1415,8,764,2017-06-21 10:42:14,806,2017-06-21 11:18:04,25.792892674418596,113.01262402325584,-36,8.5,2150.0,100
C1415,9,808,2017-06-21 11:18:54,1131,2017-06-21 15:48:54,25.79294231481482,113.01236689506179,-10,5.0,16200.0,50
C1415,10,1133,2017-06-21 15:49:44,1133,2017-06-21 15:50:34,25.793311,113.013868,62,9.0,50.0,50
C1415,11,1135,2017-06-21 15:51:24,1137,2017-06-21 15:53:54,25.793274,113.013853,-65,10.0,150.0,50
C1415,12,1139,2017-06-21 15:54:44,1584,2017-06-21 22:06:24,25.7934892982063,113.0136180358745,15,5.0,22300.0,50
C1415,13,1586,2017-06-21 22:07:14,1586,2017-06-21 22:08:04,25.792606,113.011091,205,12.0,50.0,50
C1415,14,1588,2017-06-21 22:08:54,1588,2017-06-21 22:09:44,25.792676,113.010054,-124,5.0,50.0,50
C1415,,,,,,,,,,,0
C1415,1,1,2017-04-21 14:38:19,4,2017-04-21 14:41:19,28.168847500000002,113.05651875,0,0,180.0,0
C1415,1,57,2017-05-08 00:56:23,57,2017-05-08 00:57:23,29.873392,114.18048,0,0,60.0,0
C1415,2,105,2017-05-08 01:44:23,106,2017-05-08 01:46:23,29.6192875,113.706057,-348,68.97872340425532,120.0,2820
C1415,3,132,2017-05-08 02:11:23,404,2017-05-08 06:44:23,29.476089816849807,113.5061867509158,16,66.08,16380.0,1500
C1415,4,529,2017-05-08 08:50:23,529,2017-05-08 08:51:23,28.234,113.058758,-249,74.34677419354838,60.0,7560
C1415,5,531,2017-05-08 08:52:23,531,2017-05-08 08:53:23,28.235103,113.056393,138,12.0,60.0,60
C1415,6,534,2017-05-08 08:55:23,534,2017-05-08 08:56:23,28.237401,113.061817,45,15.0,60.0,120
C1415,7,536,2017-05-08 08:57:23,536,2017-05-08 08:58:23,28.240575,113.062697,-132,6.0,60.0,60
C1415,8,539,2017-05-08 09:00:23,539,2017-05-08 09:01:23,28.245379,113.063582,40,14.0,60.0,120
C1415,9,541,2017-05-08 09:02:23,542,2017-05-08 09:04:23,28.248979,113.065947,88,9.0,120.0,60
C1415,10,545,2017-05-08 09:06:23,625,2017-05-08 10:27:23,28.253450074074077,113.06226739506177,-1,14.0,4860.0,120
C1415,11,627,2017-05-08 10:28:23,901,2017-05-08 15:03:23,28.25423338181818,113.06091252727288,-86,6.0,16500.0,60
C1415,12,905,2017-05-08 15:06:23,905,2017-05-08 15:07:23,28.249415000000006,113.053071,321,22.333333333333332,60.0,180
C1415,13,907,2017-05-08 15:08:23,908,2017-05-08 15:10:23,28.241025999999998,113.053399,128,28.0,120.0,60
C1415,14,910,2017-05-08 15:11:23,910,2017-05-08 15:12:23,28.23396,113.052933,-203,52.0,60.0,60
C1415,15,912,2017-05-08 15:13:23,912,2017-05-08 15:14:23,28.233377,113.058838,-6,40.0,60.0,60
C1415,16,920,2017-05-08 15:21:23,920,2017-05-08 15:22:23,28.169716,113.047133,130,68.14285714285714,60.0,420
C1415,17,923,2017-05-08 15:24:23,924,2017-05-08 15:26:23,28.171607,113.0564435,-455,31.5,120.0,120
C1415,18,926,2017-05-08 15:27:23,1030,2017-05-08 17:11:23,28.168607847619057,113.05670864761906,104,24.0,6240.0,60
C1415,1,1,2017-06-06 15:21:10,87,2017-06-06 15:50:10,28.27645518390805,112.67205082758616,0,0,1740.0,0
C1415,2,92,2017-06-06 15:51:30,92,2017-06-06 15:51:50,28.277765,112.674047,47,10.0,20.0,80
C1415,3,94,2017-06-06 15:52:10,97,2017-06-06 15:53:30,28.277608999999998,112.6750445,-14,8.0,80.0,20
C1415,4,114,2017-06-06 15:58:50,219,2017-06-06 16:34:10,28.27816349999999,112.65712837735848,17,21.625,2120.0,320
C1415,5,222,2017-06-06 16:34:50,270,2017-06-06 16:51:10,28.2790933877551,112.65591571428573,-29,19.0,980.0,40
C1415,6,272,2017-06-06 16:51:30,272,2017-06-06 16:51:50,28.280164000000006,112.656296,72,15.0,20.0,20
C1415,7,491,2017-06-06 18:09:50,529,2017-06-06 18:22:50,28.798111179487176,111.94895923076922,-37,73.69724770642202,780.0,4680
C1415,8,592,2017-06-06 18:46:40,695,2017-06-06 19:21:30,28.943157846153852,111.7652256057693,29,71.09677419354838,2090.0,1430
C1415,9,864,2017-06-06 20:17:30,903,2017-06-06 20:30:50,29.49359152500001,111.77764857499999,-30,67.63690476190476,800.0,3360
C1415,10,1016,2017-06-06 21:08:10,1024,2017-06-06 21:11:10,29.85513977777778,111.87228744444444,6,66.91071428571429,180.0,2240
C1415,11,1239,2017-06-06 22:32:50,1313,2017-06-06 22:57:50,30.555544853333334,112.20528267999993,-6,68.95327102803738,1500.0,4900
C1415,12,1381,2017-06-06 23:20:10,1381,2017-06-06 23:20:30,30.788437,112.230445,155,70.08955223880596,20.0,1340
C1415,,,,,,,,,,,0
C1415,1,1,2017-05-04 00:00:23,1432,2017-05-05 00:00:53,39.68058481145257,116.42101240432936,0,0,30.0,0
C1415,1,86,2017-06-16 01:17:36,112,2017-06-16 01:40:06,34.456707925925926,113.8057265925926,0,0,1350.0,0
C1415,2,347,2017-06-16 05:00:06,372,2017-06-16 05:21:46,32.25900092307693,114.15105065384614,-51,75.91452991452991,1300.0,12000
C1415,3,416,2017-06-16 05:57:36,421,2017-06-16 06:02:36,31.932311833333333,114.28185266666668,296,67.55813953488372,300.0,2150
C1415,4,477,2017-06-16 06:48:16,477,2017-06-16 06:49:06,31.496448,114.100099,-267,68.45454545454545,50.0,2740
C1415,5,479,2017-06-16 06:49:56,636,2017-06-16 09:01:36,31.49581575949368,114.10007081645574,-20,5.0,7900.0,50
C1415,6,792,2017-06-16 11:11:26,792,2017-06-16 11:12:16,30.148363,114.26731399999998,37,74.33548387096774,50.0,7790
C1415,7,795,2017-06-16 11:13:56,795,2017-06-16 11:14:46,30.146502,114.267746,7,8.0,50.0,100
C1415,8,797,2017-06-16 11:15:36,797,2017-06-16 11:16:26,30.145424,114.26815,-50,7.0,50.0,50
C1415,9,800,2017-06-16 11:18:06,800,2017-06-16 11:18:56,30.142863,114.269175,0,14.5,50.0,100
C1415,10,802,2017-06-16 11:19:46,803,2017-06-16 11:21:26,30.142103,114.26951249999999,-32,6.0,100.0,50
C1415,11,872,2017-06-16 12:18:06,900,2017-06-16 12:42:16,29.74188837931035,113.89484137931035,522,69.83823529411765,1450.0,3400
C1415,12,923,2017-06-16 13:00:26,923,2017-06-16 13:01:16,29.619167,113.705745,-510,75.86363636363636,50.0,1090
C1415,13,1069,2017-06-16 15:16:26,1069,2017-06-16 15:17:16,28.315354,113.083334,275,76.88275862068966,50.0,8110
C1415,14,1071,2017-06-16 15:18:06,1076,2017-06-16 15:23:06,28.315155166666667,113.08253483333333,-312,5.0,300.0,50
C1415,15,1107,2017-06-16 15:49:16,1107,2017-06-16 15:50:06,28.240753,112.845195,100,69.2,50.0,1570
C1415,16,1109,2017-06-16 15:50:56,1112,2017-06-16 15:54:16,28.240811,112.84467925,-99,10.0,200.0,50
C1415,17,1123,2017-06-16 16:02:36,1123,2017-06-16 16:03:26,28.24873,112.77871,31,46.4,50.0,500
C1415,18,1132,2017-06-16 16:12:56,1132,2017-06-16 16:13:46,28.277636,112.685025,171,55.625,50.0,570
C1415,19,1136,2017-06-16 16:16:16,1137,2017-06-16 16:17:56,28.2737185,112.6751855,187,36.0,100.0,150
C1415,20,1139,2017-06-16 16:18:46,1161,2017-06-16 16:37:56,28.27661504347826,112.67505852173912,-182,17.0,1150.0,50
C1415,21,1163,2017-06-16 16:38:46,1163,2017-06-16 16:39:36,28.277433,112.675216,-175,12.0,50.0,50
C1415,22,1166,2017-06-16 16:41:16,1281,2017-06-16 18:20:36,28.278173258620683,112.67297834482756,-34,7.5,5960.0,100
C1415,23,1283,2017-06-16 18:21:26,1283,2017-06-16 18:22:16,28.277608,112.674595,103,7.0,50.0,50
C1415,24,1285,2017-06-16 18:23:06,1285,2017-06-16 18:23:56,28.276798,112.675038,-34,5.0,50.0,50
C1415,25,1287,2017-06-16 18:24:46,1290,2017-06-16 18:28:06,28.275440000000003,112.6744935,-57,5.0,200.0,50
C1415,26,1294,2017-06-16 18:30:36,1373,2017-06-16 19:37:16,28.279770324999998,112.68377056250002,563,48.666666666666664,4000.0,150
C1415,27,1376,2017-06-16 19:38:56,1417,2017-06-16 20:13:56,28.274946571428558,112.68199909523807,-346,13.5,2100.0,100
C1415,28,1430,2017-06-16 20:23:56,1432,2017-06-16 20:26:26,28.247885999999998,112.77925133333333,427,60.5,150.0,600
C1415,29,1442,2017-06-16 20:33:56,1442,2017-06-16 20:34:46,28.240652,112.844221,-616,53.55555555555556,50.0,450
C1415,30,1449,2017-06-16 20:39:46,1451,2017-06-16 20:42:16,28.193435000000004,112.85595,-51,71.33333333333333,150.0,300
C1415,31,1485,2017-06-16 21:10:56,1486,2017-06-16 21:12:36,28.169567,113.047028,231,68.33333333333333,100.0,1720
C1415,32,1491,2017-06-16 21:15:56,1506,2017-06-16 21:28:26,28.168904500000007,113.0567325,-88,24.75,750.0,200
C1415,1,1,2017-04-12 00:00:01,512,2017-04-12 07:45:11,30.08804386523439,111.79742167578121,0,0,27910.0,0
C1415,2,552,2017-04-12 08:17:41,552,2017-04-12 08:18:31,29.886651,111.90495,342,66.8974358974359,50.0,1950
C1415,3,644,2017-04-12 09:37:21,645,2017-04-12 09:39:01,29.1309355,111.6841435,227,70.34065934065934,100.0,4730
C1415,4,651,2017-04-12 09:43:11,654,2017-04-12 09:46:31,29.125679,111.62567225,-6,67.0,200.0,250
C1415,5,657,2017-04-12 09:48:11,657,2017-04-12 09:49:01,29.124825,111.620457,-469,18.0,50.0,100
C1415,6,672,2017-04-12 10:00:41,927,2017-04-12 13:33:51,29.16215656250003,111.64054913281247,-36,25.0,12790.0,700
C1415,1,1,2017-05-05 00:00:23,822,2017-05-05 13:42:23,39.68060764111922,116.42102044403897,0,0,49320.0,0
C1415,2,933,2017-05-05 15:32:23,933,2017-05-05 15:33:23,40.340387,116.825087,21,66.5909090909091,60.0,6600
C1415,3,938,2017-05-05 15:37:23,939,2017-05-05 15:39:23,40.355704,116.82841400000001,661,33.5,120.0,240
C1415,4,944,2017-05-05 15:43:23,945,2017-05-05 15:45:23,40.358769,116.814792,-668,32.0,120.0,240
C1415,5,947,2017-05-05 15:46:23,956,2017-05-05 15:56:23,40.35880620000001,116.81223989999998,8,7.0,600.0,60
C1415,6,958,2017-05-05 15:57:23,1136,2017-05-05 18:56:23,40.35956962569832,116.81476834078208,-12,6.0,10740.0,60
C1415,7,1140,2017-05-05 18:59:23,1437,2017-05-06 00:00:53,40.35873607718122,116.81230403020129,23,9.0,18090.0,180
C1415,1,1,2017-05-07 00:00:23,413,2017-05-07 06:53:23,34.11985537530265,114.10588530750596,0,0,24780.0,0
C1415,2,619,2017-05-07 10:19:53,624,2017-05-07 10:25:53,31.934553166666664,114.28311533333333,316,76.97560975609755,360.0,12390
C1415,3,626,2017-05-07 10:26:53,626,2017-05-07 10:27:53,31.933635,114.282552,-203,5.0,60.0,60
C1415,4,628,2017-05-07 10:28:53,633,2017-05-07 10:34:53,31.933131666666668,114.28211499999999,-102,6.0,360.0,60
C1415,5,635,2017-05-07 10:35:53,637,2017-05-07 10:38:53,31.932390666666667,114.281673,47,12.0,180.0,60
C1415,6,684,2017-05-07 11:24:53,741,2017-05-07 12:22:53,31.496878931034484,114.1006077068966,297,67.93478260869566,3480.0,2760
C1415,7,850,2017-05-07 14:10:53,850,2017-05-07 14:11:53,30.358233,114.15776,-285,74.11111111111111,60.0,6480
C1415,8,852,2017-05-07 14:12:53,852,2017-05-07 14:13:53,30.358815000000003,114.156574,-1,16.0,60.0,60
C1415,9,855,2017-05-07 14:15:53,856,2017-05-07 14:17:53,30.367020500000002,114.15705700000001,102,40.5,120.0,120
C1415,10,861,2017-05-07 14:21:53,1107,2017-05-07 18:28:53,30.38069070445343,114.17503174898769,-43,36.5,14820.0,240
C1415,11,1109,2017-05-07 18:29:53,1111,2017-05-07 18:32:53,30.380819000000002,114.17581666666666,-96,8.0,180.0,60
C1415,12,1114,2017-05-07 18:34:53,1163,2017-05-07 19:24:53,30.380936180000003,114.17563905999998,43,13.5,3000.0,120
C1415,13,1165,2017-05-07 19:25:53,1171,2017-05-07 19:32:53,30.381023285714285,114.17486871428572,-32,20.0,420.0,60
C1415,14,1178,2017-05-07 19:38:53,1178,2017-05-07 19:39:53,30.36331,114.153483,305,25.166666666666668,60.0,360
C1415,15,1180,2017-05-07 19:40:53,1180,2017-05-07 19:41:53,30.358022,114.157519,-7,26.0,60.0,60
C1415,16,1212,2017-05-07 20:12:53,1212,2017-05-07 20:13:53,30.633491,114.051934,-59,70.03225806451613,60.0,1860
C1415,17,1215,2017-05-07 20:15:53,1215,2017-05-07 20:18:53,30.626789,114.060621,279,40.5,180.0,120
C1415,18,1217,2017-05-07 20:19:53,1218,2017-05-07 20:21:53,30.630595999999997,114.05595,-432,20.0,120.0,60
C1415,19,1220,2017-05-07 20:22:53,1404,2017-05-07 23:27:53,30.630603951351347,114.0562188324325,-100,5.0,11100.0,60
C1415,,,,,,,,,,,0
C1415,1,1,2017-06-15 00:00:06,681,2017-06-15 09:27:36,38.020018773861935,114.66025816152705,0,0,34050.0,0
C1415,2,683,2017-06-15 09:28:26,683,2017-06-15 09:29:16,38.020014,114.661895,99,10.0,50.0,50
C1415,3,685,2017-06-15 09:30:06,795,2017-06-15 11:02:26,38.019993981981976,114.66229704504512,-87,5.0,5540.0,50
C1415,4,797,2017-06-15 11:03:16,997,2017-06-15 13:50:46,38.02005067661694,114.66193514427853,1,6.0,10050.0,50
C1415,5,999,2017-06-15 13:51:36,1013,2017-06-15 14:04:06,38.019584066666674,114.66178553333334,21,5.0,750.0,50
C1415,6,1015,2017-06-15 14:04:56,1017,2017-06-15 14:07:26,38.019564666666675,114.66176866666667,-4,8.0,150.0,50
C1415,7,1019,2017-06-15 14:08:16,1310,2017-06-15 18:11:36,38.02006436643837,114.66030520547945,49,17.0,14600.0,50
C1415,8,1312,2017-06-15 18:12:26,1313,2017-06-15 18:14:06,38.0199425,114.6596255,-31,9.0,100.0,50
C1415,9,1324,2017-06-15 18:22:26,1324,2017-06-15 18:23:16,38.038003,114.678952,286,22.5,50.0,500
C1415,10,1337,2017-06-15 18:33:16,1337,2017-06-15 18:34:06,38.038674,114.73618,-123,35.166666666666664,50.0,600
C1415,11,1352,2017-06-15 18:45:46,1358,2017-06-15 18:51:36,37.96629228571429,114.75200557142855,-130,63.42857142857143,350.0,700
C1415,12,1360,2017-06-15 18:52:26,1369,2017-06-15 19:00:46,37.96409719999999,114.7518889,44,24.0,500.0,50
C1415,13,1558,2017-06-15 21:46:26,1584,2017-06-15 22:08:56,36.38308948148149,114.42033400000003,27,73.74468085106383,1350.0,9940
C1415,14,1603,2017-06-15 22:23:56,1604,2017-06-15 22:25:36,36.235093500000005,114.389172,-76,67.0,100.0,900
C1415,,,,,,,,,,,0
C1415,1,1,2017-04-10 00:00:21,1440,2017-04-11 00:00:21,30.29879767499999,109.47072410347204,0,0,0.0,0
C1415,1,1,2017-04-11 00:00:21,982,2017-04-11 16:23:31,30.29892240325864,109.47073142362522,0,0,58990.0,0
C1415,2,986,2017-04-11 16:26:01,986,2017-04-11 16:26:51,30.298856,109.472026,113,16.666666666666668,50.0,150
C1415,3,995,2017-04-11 16:33:31,995,2017-04-11 16:34:21,30.319826000000006,109.458539,116,19.375,50.0,400
C1415,4,1000,2017-04-11 16:37:41,1001,2017-04-11 16:39:21,30.323828,109.474936,-124,29.25,100.0,200
C1415,5,1003,2017-04-11 16:40:11,1005,2017-04-11 16:42:41,30.322396666666666,109.48199433333333,100,17.0,150.0,50
C1415,6,1018,2017-04-11 16:52:41,1018,2017-04-11 16:53:31,30.309152,109.533521,-173,39.833333333333336,50.0,600
C1415,7,1041,2017-04-11 17:11:51,1041,2017-04-11 17:12:41,30.439018,109.614364,-32,60.68181818181818,50.0,1100
C1415,8,1053,2017-04-11 17:21:51,1056,2017-04-11 17:25:11,30.490724,109.703851,364,65.36363636363636,200.0,550
C1415,9,1059,2017-04-11 17:26:51,1059,2017-04-11 17:27:41,30.465184000000004,109.749617,91,64.0,50.0,100
C1415,10,1073,2017-04-11 17:38:31,1094,2017-04-11 17:56:51,30.495274409090904,109.84629031818184,-54,56.53846153846154,1100.0,650
C1415,11,1097,2017-04-11 17:58:31,1097,2017-04-11 17:59:21,30.509406,109.854947,344,57.5,50.0,100
C1415,12,1130,2017-04-11 18:26:01,1131,2017-04-11 18:27:41,30.653171,110.096105,-274,63.59375,100.0,1600
C1415,13,1134,2017-04-11 18:29:21,1138,2017-04-11 18:33:31,30.644153000000006,110.124412,-22,52.0,250.0,100
C1415,14,1140,2017-04-11 18:39:21,1143,2017-04-11 18:45:41,30.626669,110.199876,2632,55.0,380.0,350
C1415,15,1145,2017-04-11 18:46:31,1176,2017-04-11 19:31:41,30.608804406249984,110.27589950000001,-3071,13.0,2710.0,50
C1415,16,1185,2017-04-11 19:39:51,1187,2017-04-11 19:42:21,30.616679,110.332443,704,49.375,150.0,490
C1415,17,1191,2017-04-11 19:44:51,1194,2017-04-11 19:48:11,30.621881,110.400928,-179,67.0,200.0,150
C1415,18,1197,2017-04-11 19:49:51,1197,2017-04-11 19:50:41,30.616798,110.453984,-161,69.0,50.0,100
C1415,19,1200,2017-04-11 19:52:21,1200,2017-04-11 19:53:11,30.619392,110.479425,-220,64.0,50.0,100
C1415,20,1225,2017-04-11 20:13:11,1237,2017-04-11 20:24:01,30.628438000000003,110.67345,-22,54.291666666666664,650.0,1200
C1415,21,1245,2017-04-11 20:29:51,1245,2017-04-11 20:30:41,30.604414,110.829066,213,65.42857142857143,50.0,350
C1415,22,1251,2017-04-11 20:34:51,1263,2017-04-11 20:45:41,30.602257076923088,110.90780569230768,-30,64.6,650.0,250
C1415,23,1270,2017-04-11 20:50:41,1271,2017-04-11 20:52:21,30.57862,111.037415,104,66.33333333333333,100.0,300
C1415,24,1276,2017-04-11 20:55:41,1287,2017-04-11 21:05:41,30.57293883333333,111.07552575000001,-396,44.5,600.0,200
C1415,25,1293,2017-04-11 21:09:51,1293,2017-04-11 21:10:41,30.56016,111.116412,445,60.2,50.0,250
C1415,26,1297,2017-04-11 21:13:11,1297,2017-04-11 21:14:01,30.556523,111.1509,-304,66.66666666666667,50.0,150
C1415,27,1304,2017-04-11 21:19:01,1305,2017-04-11 21:20:41,30.550185,111.209612,443,56.5,100.0,300
C1415,28,1309,2017-04-11 21:23:11,1311,2017-04-11 21:25:41,30.532683000000002,111.24854799999999,-34,62.666666666666664,150.0,150
C1415,29,1313,2017-04-11 21:26:31,1314,2017-04-11 21:28:11,30.541218,111.282806,85,63.0,100.0,50
C1415,30,1317,2017-04-11 21:29:51,1317,2017-04-11 21:30:41,30.548911,111.311106,-658,58.5,50.0,100
C1415,31,1398,2017-04-11 22:39:51,1399,2017-04-11 22:41:31,30.088420500000005,111.796604,3,69.7875,100.0,4150
C1415,32,1401,2017-04-11 22:42:21,1495,2017-04-12 00:00:41,30.08801038947367,111.79751865263154,19,5.0,4700.0,50
C1415,1,1,2017-07-04 08:59:07,149,2017-07-04 16:42:09,28.168652442953036,113.05668906040272,0,0,27782.0,0
C1415,1,1,2017-06-14 00:00:06,1729,2017-06-15 00:00:46,38.02000876402557,114.6602630855989,0,0,40.0,0
C1415,1,1,2017-05-06 00:00:23,413,2017-05-06 06:53:23,40.35875559322036,116.8125645496368,0,0,24780.0,0
C1415,2,415,2017-05-06 06:54:23,487,2017-05-06 08:07:23,40.358727465753425,116.81437269863014,40,13.0,4380.0,60
C1415,3,492,2017-05-06 08:11:23,492,2017-05-06 08:12:23,40.355697,116.82801299999998,347,24.25,60.0,240
C1415,4,497,2017-05-06 08:16:23,497,2017-05-06 08:17:23,40.340776,116.825299,-351,31.25,60.0,240
C1415,5,632,2017-05-06 10:31:23,632,2017-05-06 10:32:23,39.502521,116.288313,-10,66.08955223880596,60.0,8040
C1415,6,655,2017-05-06 10:54:23,659,2017-05-06 10:59:23,39.2733382,116.2846078,-14,69.81818181818181,300.0,1320
C1415,7,661,2017-05-06 11:00:23,680,2017-05-06 11:20:23,39.27273070000001,116.28445395000003,34,11.0,1200.0,60
C1415,8,721,2017-05-06 12:00:23,764,2017-05-06 12:44:23,38.85564859090909,116.17452084090907,15,71.975,2640.0,2400
C1415,9,1040,2017-05-06 17:18:53,1041,2017-05-06 17:20:53,36.2644535,115.11080050000001,27,71.03636363636363,120.0,16470
C1415,10,1047,2017-05-06 17:25:53,1053,2017-05-06 17:32:53,36.22798542857143,115.12583442857144,-22,49.4,420.0,300
C1415,11,1079,2017-05-06 17:57:53,1081,2017-05-06 18:00:53,36.00690766666666,115.06865799999999,-44,64.84,180.0,1500
C1415,12,1125,2017-05-06 18:43:53,1181,2017-05-06 19:40:53,35.64641354385966,114.90544247368422,18,60.2093023255814,3420.0,2580
C1415,13,1351,2017-05-06 22:29:53,1442,2017-05-07 00:00:53,34.11989202173914,114.10582575000005,-2,69.44970414201184,5460.0,10140
C1415,1,1,2017-05-02 00:00:23,792,2017-05-02 13:49:53,43.15478102525249,124.41729902272714,0,0,49770.0,0
C1415,2,796,2017-05-02 13:52:53,796,2017-05-02 13:53:53,43.14294,124.432754,538,38.0,60.0,180
C1415,3,799,2017-05-02 13:55:53,799,2017-05-02 13:56:53,43.135917,124.438016,-43,20.0,60.0,120
C1415,4,1018,2017-05-02 17:36:53,1022,2017-05-02 17:41:53,42.1042602,121.68849500000002,-77,70.47247706422019,300.0,13200
C1415,5,1124,2017-05-02 19:26:23,1154,2017-05-02 19:57:23,41.063466258064516,121.28572138709676,-306,75.7128712871287,1860.0,6270
C1415,6,1286,2017-05-02 22:14:23,1290,2017-05-02 22:19:23,40.0687804,119.86408100000001,-50,72.13740458015268,300.0,8220
C1415,7,1360,2017-05-02 23:28:23,1392,2017-05-03 00:00:23,39.91742239393938,118.89290127272727,610,74.6086956521739,1920.0,4140
C1415,1,1,2017-06-10 00:00:10,1726,2017-06-11 00:00:20,42.890497725376605,125.13755288760133,0,0,10.0,0
C1415,1,1,2017-04-29 00:00:23,368,2017-04-29 06:08:23,35.44348220108694,114.69443547282592,0,0,22080.0,0
C1415,2,447,2017-04-29 07:26:23,448,2017-04-29 07:28:23,36.207781,115.141639,487,75.15384615384616,120.0,4680
C1415,3,452,2017-04-29 07:37:23,453,2017-04-29 07:39:23,36.230959,115.1259685,772,44.333333333333336,120.0,540
C1415,4,559,2017-04-29 09:27:53,586,2017-04-29 09:55:53,37.34455782142857,115.56262728571426,-1048,74.63809523809523,1680.0,6510
C1415,5,635,2017-04-29 10:43:53,654,2017-04-29 11:03:53,37.76279765000001,115.74760934999998,63,67.33333333333333,1200.0,2880
C1415,6,696,2017-04-29 11:44:53,769,2017-04-29 12:58:53,38.00009043243245,115.90539547297296,-94,67.8780487804878,4440.0,2460
C1415,7,885,2017-04-29 14:53:53,887,2017-04-29 14:56:53,38.67924433333334,116.88157000000001,315,69.8,180.0,6900
C1415,8,937,2017-04-29 15:47:53,964,2017-04-29 16:15:53,38.936643071428556,117.41690732142857,-210,71.42857142857143,1680.0,3060
C1415,9,1033,2017-04-29 17:24:53,1034,2017-04-29 17:26:53,39.4019015,117.9553155,-232,69.25,120.0,4140
C1415,10,1081,2017-04-29 18:12:53,1140,2017-04-29 19:12:53,39.31702486666664,118.29613858333332,69,64.97826086956522,3600.0,2760
C1415,11,1280,2017-04-29 21:31:53,1280,2017-04-29 21:32:53,40.015526,119.693231,-93,70.44604316546763,60.0,8340
C1415,12,1283,2017-04-29 21:34:53,1283,2017-04-29 21:35:53,40.015584,119.699239,193,19.0,60.0,120
C1415,13,1287,2017-04-29 21:38:53,1299,2017-04-29 21:51:53,40.01481884615385,119.7064609230769,-80,8.666666666666666,780.0,180
C1415,14,1345,2017-04-29 22:36:53,1379,2017-04-29 23:11:53,40.277799971428564,120.22163291428569,186,70.71111111111111,2100.0,2700
C1415,15,1420,2017-04-29 23:51:53,1421,2017-04-29 23:53:53,40.595969499999995,120.6355215,94,74.65,120.0,2400
C1415,,,,,,,,,,,0
C1415,1,1,2017-04-28 00:04:23,430,2017-04-28 07:22:53,29.493274046511605,111.77820653023262,0,0,26310.0,0
C1415,2,468,2017-04-28 07:59:53,480,2017-04-28 08:12:53,29.85489746153846,111.87219800000001,556,67.16216216216216,780.0,2220
C1415,3,504,2017-04-28 08:40:23,507,2017-04-28 08:44:23,30.019606000000003,112.12622525,-409,68.17391304347827,240.0,1650
C1415,4,650,2017-04-28 11:06:23,677,2017-04-28 11:34:23,31.564879285714284,112.2793145714286,-46,75.8169014084507,1680.0,8520
C1415,5,710,2017-04-28 12:06:23,741,2017-04-28 12:38:23,31.868901468750014,112.07662249999998,663,73.21875,1920.0,1920
C1415,6,781,2017-04-28 13:18:23,782,2017-04-28 13:20:23,32.309548500000005,112.102246,-614,74.35897435897436,120.0,2400
C1415,7,819,2017-04-28 13:56:23,819,2017-04-28 13:57:23,32.651253000000004,112.30322,368,75.69444444444444,60.0,2160
C1415,8,956,2017-04-28 16:17:40,1053,2017-04-28 17:55:53,33.69052162244897,113.4816445714286,-466,70.71323529411765,5893.0,8417
C1415,9,1092,2017-04-28 18:33:53,1124,2017-04-28 19:06:53,33.96243763636366,113.81778815151517,43,72.23684210526316,1980.0,2280
C1415,10,1156,2017-04-28 19:37:53,1163,2017-04-28 19:45:53,34.119749875,114.10738525,298,67.12903225806451,480.0,1860
C1415,11,1301,2017-04-28 22:02:53,1419,2017-04-29 00:00:53,35.443359168067225,114.69440907563023,-29,72.45255474452554,7080.0,8220
C1415,1,1,2017-07-01 06:37:43,10,2017-07-01 06:47:43,28.168738400000002,113.05659840000001,0,0,600.0,0
C1415,2,15,2017-07-01 06:51:43,15,2017-07-01 06:52:43,28.161066,113.063066,514,33.25,60.0,240
C1415,3,21,2017-07-01 06:57:43,21,2017-07-01 06:58:43,28.194401,113.073612,-325,51.0,60.0,300
C1415,4,25,2017-07-01 07:01:43,25,2017-07-01 07:02:43,28.208086,113.078908,375,32.666666666666664,60.0,180
C1415,5,28,2017-07-01 07:04:43,28,2017-07-01 07:05:43,28.221157,113.079612,82,24.5,60.0,120
C1415,6,32,2017-07-01 07:08:43,113,2017-07-01 08:30:43,28.232404012195126,113.08272767073178,-414,27.666666666666668,4920.0,180
C1415,7,115,2017-07-01 08:31:43,216,2017-07-01 10:13:43,28.234431352941208,113.08218573529412,-96,14.0,6120.0,60
C1415,8,218,2017-07-01 10:14:43,219,2017-07-01 10:16:43,28.2335025,113.08244450000001,-107,7.0,120.0,60
C1415,9,221,2017-07-01 10:17:43,221,2017-07-01 10:18:43,28.232478000000004,113.079954,102,28.0,60.0,60
C1415,10,223,2017-07-01 10:19:43,223,2017-07-01 10:20:43,28.233851,113.079831,-57,23.0,60.0,60
C1415,11,226,2017-07-01 10:22:43,226,2017-07-01 10:23:43,28.227518,113.075678,284,17.5,60.0,120
C1415,12,231,2017-07-01 10:27:43,231,2017-07-01 10:28:43,28.227675,113.057227,-323,29.5,60.0,240
C1415,13,274,2017-07-01 11:10:43,275,2017-07-01 11:12:43,28.240789500000005,112.8447055,261,61.357142857142854,120.0,2520
C1415,14,284,2017-07-01 11:20:43,284,2017-07-01 11:21:43,28.248689,112.778689,-23,47.875,60.0,480
C1415,15,296,2017-07-01 11:32:43,296,2017-07-01 11:33:43,28.268628000000003,112.705761,-126,42.54545454545455,60.0,660
C1415,16,298,2017-07-01 11:34:43,300,2017-07-01 11:37:43,28.269761666666668,112.70273100000001,8,14.0,180.0,60
C1415,17,335,2017-07-01 12:18:13,337,2017-07-01 12:21:13,28.527394333333334,112.44870433333334,1510,61.85294117647059,180.0,2430
C1415,18,426,2017-07-01 13:50:13,426,2017-07-01 13:51:13,29.065271000000006,111.57669,-1389,75.86363636363636,60.0,5340
C1415,19,428,2017-07-01 13:52:13,428,2017-07-01 13:53:13,29.06452,111.578704,-94,17.0,60.0,60
C1415,20,439,2017-07-01 14:03:13,439,2017-07-01 14:04:13,29.049081,111.656108,-36,52.2,60.0,600
C1415,21,441,2017-07-01 14:05:13,441,2017-07-01 14:06:13,29.044625,111.661963,284,27.0,60.0,60
C1415,22,444,2017-07-01 14:08:13,445,2017-07-01 14:10:13,29.0437985,111.6639385,-410,12.0,120.0,120
C1415,23,447,2017-07-01 14:11:13,553,2017-07-01 15:58:13,29.04227925233645,111.664133728972,24,7.0,6420.0,60
C1415,24,555,2017-07-01 15:59:13,1036,2017-07-02 00:00:13,29.040352290456443,111.6652425062242,91,13.0,28860.0,60
C1415,1,1,2017-06-11 00:00:10,1724,2017-06-12 00:00:20,42.89048446229698,125.13756548259862,0,0,10.0,0
C1415,1,1,2017-05-03 00:00:23,522,2017-05-03 08:43:23,39.9174392068966,118.89274449808435,0,0,31380.0,0
C1415,2,657,2017-05-03 10:57:23,657,2017-05-03 10:58:23,39.79542,117.005742,718,74.91791044776119,60.0,8040
C1415,3,669,2017-05-03 11:09:23,669,2017-05-03 11:10:23,39.799033,116.917321,-695,43.63636363636363,60.0,660
C1415,4,672,2017-05-03 11:12:23,673,2017-05-03 11:14:23,39.798991,116.91507849999999,16,6.5,120.0,120
C1415,5,675,2017-05-03 11:15:23,676,2017-05-03 11:17:23,39.798987499999996,116.9136325,-9,6.0,120.0,60
C1415,6,678,2017-05-03 11:18:23,680,2017-05-03 11:21:23,39.798958666666664,116.91203833333334,32,6.0,180.0,60
C1415,7,682,2017-05-03 11:22:23,686,2017-05-03 11:27:23,39.798960400000006,116.9095992,-43,6.0,300.0,60
C1415,8,688,2017-05-03 11:28:23,692,2017-05-03 11:33:23,39.7988208,116.90520980000001,87,8.0,300.0,60
C1415,9,694,2017-05-03 11:34:23,699,2017-05-03 11:40:23,39.798973999999994,116.90103466666666,-20,5.0,360.0,60
C1415,10,745,2017-05-03 12:24:53,745,2017-05-03 12:25:53,39.681416,116.451788,193,69.24444444444444,60.0,2670
C1415,11,747,2017-05-03 12:26:53,747,2017-05-03 12:27:53,39.68382800000001,116.45078999999998,-203,22.0,60.0,60
C1415,12,753,2017-05-03 12:32:53,1436,2017-05-04 00:00:53,39.68055177923982,116.4210134517547,90,45.0,41280.0,300
C1415,1,1,2017-05-01 00:00:23,1436,2017-05-02 00:00:23,43.154749268802114,124.41732910376034,0,0,0.0,0
C1415,1,304,2017-06-13 04:16:50,305,2017-06-13 04:18:30,40.06857500000001,119.8640475,0,0,100.0,0
C1415,2,358,2017-06-13 05:04:00,637,2017-06-13 09:10:10,39.82474877142851,119.32293721428573,59,76.21153846153847,14770.0,2730
C1415,3,713,2017-06-13 10:15:10,759,2017-06-13 10:54:30,39.330393510638295,118.73801278723403,454,76.49333333333334,2360.0,3900
C1415,4,801,2017-06-13 11:31:50,842,2017-06-13 12:06:50,39.31826142857143,118.29538271428567,830,63.90243902439025,2100.0,2240
C1415,5,844,2017-06-13 12:07:40,850,2017-06-13 12:13:30,39.31810528571429,118.29332485714285,-1336,21.0,350.0,50
C1415,6,876,2017-06-13 12:35:20,886,2017-06-13 12:44:30,39.22687681818183,118.0548690909091,306,65.6,550.0,1310
C1415,7,1021,2017-06-13 14:56:50,1022,2017-06-13 15:01:20,38.679762,116.880177,-142,68.04477611940298,270.0,7940
C1415,8,1105,2017-06-13 16:13:03,1169,2017-06-13 17:18:03,38.235022353846155,116.41406886153845,2216,70.34146341463415,3900.0,4303
C1415,9,1217,2017-06-13 18:07:33,1297,2017-06-13 19:27:26,38.001046209876556,115.90502645679008,-1805,67.59574468085107,4793.0,2970
C1415,10,1371,2017-06-13 20:28:16,1450,2017-06-13 21:34:56,38.0237309375,115.19670351250004,-472,61.986301369863014,4000.0,3650
C1415,11,1497,2017-06-13 22:14:36,1503,2017-06-13 22:21:06,38.03913,114.73621414285715,637,62.69565217391305,390.0,2380
C1415,12,1505,2017-06-13 22:21:56,1505,2017-06-13 22:22:46,38.035139,114.733655,-430,17.0,50.0,50
C1415,13,1519,2017-06-13 22:33:46,1519,2017-06-13 22:34:36,38.023916,114.669746,66,41.15384615384615,50.0,660
C1415,14,1524,2017-06-13 22:37:56,1531,2017-06-13 22:44:36,38.020203375,114.658994625,-393,28.75,400.0,200
C1415,15,1533,2017-06-13 22:45:26,1622,2017-06-14 00:00:26,38.01999237777776,114.66026371111116,19,5.0,4500.0,50
C1415,1,1,2017-07-02 00:00:13,497,2017-07-02 08:23:43,29.040366704225328,111.66533272233393,0,0,30210.0,0
C1415,2,500,2017-07-02 08:25:43,519,2017-07-02 08:47:13,29.042794750000006,111.66394180000002,8,6.0,1290.0,120
C1415,3,524,2017-07-02 08:51:13,524,2017-07-02 08:52:13,29.056517,111.65523600000002,332,24.5,60.0,240
C1415,4,529,2017-07-02 08:56:13,531,2017-07-02 08:59:13,29.055081,111.63979333333333,-318,20.75,180.0,240
C1415,5,539,2017-07-02 09:06:13,539,2017-07-02 09:07:13,29.065674,111.576412,296,54.57142857142857,60.0,420
C1415,6,629,2017-07-02 10:36:13,629,2017-07-02 10:37:13,28.495292,112.312374,292,72.08988764044943,60.0,5340
C1415,7,646,2017-07-02 10:53:13,646,2017-07-02 10:54:13,28.463748,112.485665,1,72.25,60.0,960
C1415,8,677,2017-07-02 11:28:43,678,2017-07-02 11:30:43,28.247429000000004,112.77867699999999,-552,70.56666666666666,120.0,2070
C1415,9,686,2017-07-02 11:37:43,690,2017-07-02 11:42:43,28.240577400000006,112.8441118,156,57.857142857142854,300.0,420
C1415,10,696,2017-07-02 11:47:43,698,2017-07-02 11:50:43,28.193104,112.85610000000001,347,66.4,180.0,300
C1415,11,723,2017-07-02 12:19:13,723,2017-07-02 12:20:13,28.169592,113.047198,-227,69.41666666666667,60.0,1710
C1415,12,728,2017-07-02 12:24:13,764,2017-07-02 13:00:13,28.168597108108106,113.05668321621619,-296,22.75,2160.0,240
C1415,1,1,2017-06-12 00:00:10,823,2017-06-12 11:28:00,42.89050107897936,125.13756288942868,0,0,41270.0,0
C1415,2,825,2017-06-12 11:28:50,1493,2017-06-12 20:48:00,42.89048558594915,125.13754535426015,8,5.0,33550.0,50
C1415,3,1511,2017-06-12 21:06:30,1511,2017-06-12 21:07:20,42.805243,125.012645,1499,47.35294117647059,50.0,1110
C1415,4,1601,2017-06-12 22:25:20,1601,2017-06-12 22:26:10,42.516304,123.995815,-1285,78.92134831460675,50.0,4680
C1415,5,1603,2017-06-12 22:27:00,1609,2017-06-12 22:32:50,42.514862428571426,123.9963532857143,-94,7.0,350.0,50
C1415,,,,,,,,,,,0
C1415,1,1,2017-04-27 19:47:23,86,2017-04-27 20:30:23,28.27761306976745,112.6731398139535,0,0,2580.0,0
C1415,2,89,2017-04-27 20:31:23,90,2017-04-27 20:32:23,28.277446,112.675239,96,12.5,60.0,60
C1415,3,101,2017-04-27 20:37:23,101,2017-04-27 20:37:53,28.280078000000003,112.656287,34,26.1,30.0,300
C1415,4,426,2017-04-27 23:19:53,488,2017-04-27 23:50:53,29.49332255555556,111.7775976984127,-79,69.44753086419753,1860.0,9720
C1415,1,1,2017-06-05 18:09:14,418,2017-06-06 00:00:20,28.168715772727282,113.05667725837338,0,0,21066.0,0
C1415,1,1,2017-04-07 18:01:21,112,2017-04-07 19:05:51,28.276611776785717,112.67172369642859,0,0,3870.0,0
C1415,2,117,2017-04-07 19:07:51,118,2017-04-07 19:08:51,28.2775375,112.67481000000001,58,9.5,60.0,120
C1415,3,128,2017-04-07 19:13:21,128,2017-04-07 19:13:51,28.280226000000006,112.65642,-22,30.0,30.0,270
C1415,4,436,2017-04-07 21:47:21,437,2017-04-07 21:48:21,29.356918,111.260825,-36,77.12052117263843,60.0,9210
C1415,5,498,2017-04-07 22:17:21,509,2017-04-07 22:23:21,29.370694416666666,110.939103,71,74.35,360.0,1740
C1415,6,511,2017-04-07 22:23:51,553,2017-04-07 22:45:21,29.370573511627914,110.93871579069766,-45,5.0,1290.0,30
C1415,7,613,2017-04-07 23:17:21,613,2017-04-07 23:17:51,29.210571,110.665144,-26,64.2542372881356,30.0,1920
C1415,8,642,2017-04-07 23:31:51,643,2017-04-07 23:32:51,29.140906,110.524057,0,66.53571428571429,60.0,840
C1415,9,645,2017-04-07 23:33:21,645,2017-04-07 23:33:51,29.146128000000004,110.513567,0,45.0,30.0,30
C1415,10,651,2017-04-07 23:36:21,652,2017-04-07 23:37:21,29.144070000000006,110.481554,0,71.2,60.0,150
C1415,11,658,2017-04-07 23:39:51,660,2017-04-07 23:41:21,29.16346,110.44746100000002,0,80.0,90.0,150
C1415,12,686,2017-04-07 23:53:51,689,2017-04-07 23:55:51,29.143862,110.310488,0,58.36,120.0,750
C1415,,,,,,,,,,,0
C1415,1,1,2017-07-20 14:25:00,134,2017-07-20 17:14:36,28.168619365671635,113.05656743283585,0,0,10176.0,0
C1415,1,1,2017-06-06 00:00:10,799,2017-06-06 06:39:40,28.168700052565743,113.05670411138945,0,0,23970.0,0
C1415,2,809,2017-06-06 06:44:10,809,2017-06-06 06:44:40,28.161041,113.063159,217,35.333333333333336,30.0,270
C1415,3,818,2017-06-06 06:48:40,818,2017-06-06 06:49:10,28.172748,113.056836,199,36.125,30.0,240
C1415,4,890,2017-06-06 07:24:40,896,2017-06-06 07:28:10,28.173906999999993,112.88029700000001,-54,60.859154929577464,210.0,2130
C1415,5,908,2017-06-06 07:33:40,909,2017-06-06 07:34:40,28.2408565,112.84443399999999,-51,60.63636363636363,60.0,330
C1415,6,941,2017-06-06 07:52:00,942,2017-06-06 07:53:00,28.2775995,112.684986,-156,55.74193548387097,60.0,1040
C1415,7,951,2017-06-06 07:57:10,1152,2017-06-06 09:38:10,28.277018099009886,112.67518342574259,-136,29.375,6060.0,250
C1415,8,1156,2017-06-06 09:39:40,1156,2017-06-06 09:40:10,28.278054,112.673378,27,8.0,30.0,90
C1415,9,1159,2017-06-06 09:41:10,1212,2017-06-06 10:08:10,28.277368481481474,112.67306514814817,10,13.0,1620.0,60
C1415,10,1214,2017-06-06 10:08:38,1215,2017-06-06 10:09:40,28.278095999999998,112.673313,-35,7.0,62.0,28
C1415,11,1219,2017-06-06 10:12:10,1219,2017-06-06 10:12:40,28.277414,112.67311200000002,123,14.333333333333334,30.0,150
C1415,12,1222,2017-06-06 10:13:40,1299,2017-06-06 10:52:40,28.277819358974355,112.67377337179488,-97,7.0,2340.0,60
C1415,13,1302,2017-06-06 10:53:40,1404,2017-06-06 11:45:10,28.278376067961158,112.67234635922328,-19,6.5,3090.0,60
C1415,14,1408,2017-06-06 11:46:40,1836,2017-06-06 15:20:40,28.276541675990654,112.67200333100224,-7,14.333333333333334,12840.0,90
C1415,1,81,2017-06-07 01:07:10,470,2017-06-07 06:33:20,31.869198207692293,112.07608868205142,0,0,19570.0,0
C1415,2,520,2017-06-07 07:14:20,521,2017-06-07 07:16:00,32.30962,112.102259,-127,72.55102040816327,100.0,2460
C1415,3,711,2017-06-07 10:03:10,747,2017-06-07 10:34:00,33.69007335135134,113.4818326756757,-67,75.54497354497354,1850.0,10030
C1415,4,792,2017-06-07 11:12:50,828,2017-06-07 11:48:10,33.96242997297298,113.8178565945946,23,70.6590909090909,2120.0,2330
C1415,5,862,2017-06-07 12:15:40,878,2017-06-07 12:31:10,34.119697235294126,114.10748047058824,72,72.0909090909091,930.0,1650
C1415,6,1000,2017-06-07 14:16:40,1030,2017-06-07 14:42:30,35.082265322580646,114.58122706451614,7,70.56198347107438,1550.0,6330
C1415,7,1162,2017-06-07 16:39:50,1170,2017-06-07 16:47:20,36.20726388888889,115.14203866666665,342,70.97709923664122,450.0,7040
C1415,8,1244,2017-06-07 17:52:20,1244,2017-06-07 17:53:10,36.815227,115.213309,-462,65.3013698630137,50.0,3900
C1415,9,1261,2017-06-07 18:06:30,1289,2017-06-07 18:31:00,36.93098634482758,115.30882931034486,76,64.75,1470.0,800
C1415,10,1314,2017-06-07 18:54:00,1362,2017-06-07 19:34:50,37.13127591836734,115.45752073469387,154,67.04166666666667,2450.0,1380
C1415,11,1541,2017-06-07 22:05:30,1541,2017-06-07 22:06:20,38.233592,116.413209,187,71.36516853932584,50.0,9040
C1415,12,1543,2017-06-07 22:07:10,1679,2017-06-08 00:00:50,38.23368060583942,116.41459045255472,-369,5.0,6820.0,50
C1415,1,1,2017-07-24 16:05:56,28,2017-07-24 16:32:56,28.168566464285725,113.05672742857143,0,0,1620.0,0
