StopID,VehicleID,StartRow,StopRow,StartTime,EndTime,Latitude,Longitude,Average Speed before stop,Distance from previous stop(in kms),Time travelled before stop,Speed Variance,Duration
0,C1415,0.0,111.0,2017-04-07 18:01:21,2017-04-07 19:05:21,28.27661177678572,112.67172369642859,0.0,0.0,0.0,0.0,64.5
1,C1415,116.0,117.0,2017-04-07 19:07:51,2017-04-07 19:08:21,28.2775375,112.67481000000001,9.5,0.42079417701425464,2.5,21.666666666666668,1.0
2,C1415,127.0,127.0,2017-04-07 19:13:21,2017-04-07 19:13:21,28.28022600000001,112.65642,30.0,2.4809608092010973,5.0,267.5,0.5
3,C1415,435.0,436.0,2017-04-07 21:47:21,2017-04-07 21:47:51,29.356918,111.260825,77.12052117263843,196.6846587931886,154.0,88.91679972749144,1.0
4,C1415,497.0,508.0,2017-04-07 22:17:21,2017-04-07 22:22:51,29.370694416666662,110.939103,74.35,37.37240276304788,29.5,137.24830508474577,6.0
5,C1415,510.0,552.0,2017-04-07 22:23:51,2017-04-07 22:44:51,29.370573511627914,110.93871579069764,5.0,0.057044825116027896,1.0,5.0,21.5
6,C1415,612.0,612.0,2017-04-07 23:17:21,2017-04-07 23:17:21,29.210571,110.665144,64.2542372881356,33.86624823307021,32.5,172.33080070134426,0.5
7,C1415,641.0,642.0,2017-04-07 23:31:51,2017-04-07 23:32:21,29.140906,110.52405700000001,66.53571428571429,16.260061615792356,14.5,73.22089947089947,1.0
8,C1415,650.0,651.0,2017-04-07 23:36:21,2017-04-07 23:36:51,29.14407000000001,110.481554,71.2,4.387784668047016,4.0,64.2,1.0
9,C1415,657.0,659.0,2017-04-07 23:39:51,2017-04-07 23:40:51,29.163459999999997,110.44746100000002,80.0,4.218814363533742,3.0,38.5,1.5
10,C1415,685.0,688.0,2017-04-07 23:53:51,2017-04-07 23:55:21,29.143862,110.31048799999999,58.36,14.00238287410981,13.0,138.24,2.0
11,C1415,706.0,706.0,2017-04-08 00:07:21,2017-04-08 00:07:21,29.03705,110.22003600000001,71.41176470588235,16.469110802340197,12.0,73.25735294117646,1.0
12,C1415,711.0,711.0,2017-04-08 00:12:21,2017-04-08 00:12:21,29.010788,110.16868999999998,73.0,6.377737481142461,5.0,95.33333333333333,1.0
13,C1415,731.0,733.0,2017-04-08 00:32:21,2017-04-08 00:34:21,28.943666999999994,109.94328700000001,71.05263157894737,24.051760020700662,20.0,124.71929824561403,3.0
14,C1415,747.0,748.0,2017-04-08 00:48:21,2017-04-08 00:49:21,28.889682,109.818303,66.07692307692308,16.84349452445738,14.0,133.24358974358975,2.0
15,C1415,755.0,755.0,2017-04-08 00:56:21,2017-04-08 00:56:21,28.962134999999996,109.778094,70.33333333333333,9.162010016343983,7.0,146.66666666666666,1.0
16,C1415,763.0,766.0,2017-04-08 01:04:21,2017-04-08 01:07:21,29.034456499999997,109.72141675,69.14285714285714,9.293091068954151,8.0,94.80952380952381,4.0
17,C1415,774.0,775.0,2017-04-08 01:17:21,2017-04-08 01:18:21,29.113144000000002,109.639921,55.142857142857146,11.653504302023137,10.0,94.47619047619047,2.0
18,C1415,781.0,781.0,2017-04-08 01:24:21,2017-04-08 01:24:21,29.164288,109.632719,56.6,6.335407096580712,6.0,638.3,1.0
19,C1415,1214.0,1215.0,2017-04-08 08:42:21,2017-04-08 08:43:21,29.237935999999998,109.645918,56.111111111111114,9.54579077056933,438.0,332.3611111111111,2.0
20,C1415,1224.0,1224.0,2017-04-08 08:52:21,2017-04-08 08:52:21,29.318748,109.575705,70.25,11.502412301600963,9.0,107.64285714285714,1.0
21,C1415,1248.0,1250.0,2017-04-08 09:16:21,2017-04-08 09:18:21,29.518471333333327,109.46908566666667,73.0,27.439010311106923,24.0,38.5,3.0
22,C1415,1279.0,1279.0,2017-04-08 10:07:21,2017-04-08 10:07:21,29.919483000000003,109.43773600000002,67.0,50.019893953477876,49.0,131.77777777777777,2.5
23,C1415,1282.0,1282.0,2017-04-08 10:10:21,2017-04-08 10:10:21,29.959775,109.419551,59.5,4.893584702354235,3.0,12.5,1.0
24,C1415,1309.0,1309.0,2017-04-08 10:49:21,2017-04-08 10:49:21,30.309444,109.53328400000001,71.42307692307692,44.91488469363115,39.0,79.69384615384615,1.0
25,C1415,1318.0,1318.0,2017-04-08 10:58:21,2017-04-08 10:58:21,30.333734999999997,109.49438700000002,33.875,5.294485024290746,9.0,276.4107142857143,1.0
26,C1415,1322.0,1322.0,2017-04-08 11:04:21,2017-04-08 11:04:21,30.323708,109.47556499999999,29.333333333333332,3.2227076371101204,6.0,217.33333333333334,3.0
27,C1415,1325.0,1325.0,2017-04-08 11:07:21,2017-04-08 11:07:21,30.326144,109.46531999999999,30.5,2.4806741957725897,3.0,180.5,1.0
28,C1415,1332.0,1332.0,2017-04-08 11:14:21,2017-04-08 11:14:21,30.299428999999996,109.47197800000001,35.666666666666664,4.073952637428902,7.0,42.666666666666664,1.0
29,C1415,1334.0,2767.0,2017-04-08 11:16:21,2017-04-09 11:14:51,30.298810961645753,109.4707700927475,6.0,0.5765736863625525,2.0,6.0,1438.5
30,C1415,2768.0,4207.0,2017-04-09 11:15:51,2017-04-10 11:15:21,30.298785672916644,109.47074191458336,0.0,0.0,0.0,0.0,1439.5
31,C1415,4208.0,5646.0,2017-04-10 11:16:21,2017-04-11 11:14:51,30.29882658582347,109.47072156914518,0.0,0.0,0.0,0.0,1438.5
32,C1415,5647.0,5954.0,2017-04-11 11:15:51,2017-04-11 16:22:41,30.29905870129871,109.47075304545447,0.0,0.0,0.0,0.0,306.8333333333333
33,C1415,5958.0,5958.0,2017-04-11 16:26:01,2017-04-11 16:26:01,30.298856,109.472026,16.666666666666668,0.8713764496744598,3.3333333333333335,85.33333333333333,0.8333333333333334
34,C1415,5967.0,5967.0,2017-04-11 16:33:31,2017-04-11 16:33:31,30.31982600000001,109.45853899999999,19.375,2.9196344757565775,7.5,46.55357142857143,0.8333333333333334
35,C1415,5972.0,5973.0,2017-04-11 16:37:41,2017-04-11 16:38:31,30.323828,109.474936,29.25,2.123119614758156,4.166666666666667,224.25,1.6666666666666667
36,C1415,5975.0,5977.0,2017-04-11 16:40:11,2017-04-11 16:41:51,30.322396666666666,109.48199433333333,17.0,0.30756944108619455,1.6666666666666667,17.0,2.5
37,C1415,5990.0,5990.0,2017-04-11 16:52:41,2017-04-11 16:52:41,30.309152,109.533521,39.833333333333336,7.821744677795334,10.833333333333334,271.78787878787875,0.8333333333333334
38,C1415,6013.0,6013.0,2017-04-11 17:11:51,2017-04-11 17:11:51,30.439018,109.614364,60.68181818181818,17.494013081572888,19.166666666666668,117.75108225108225,0.8333333333333334
39,C1415,6025.0,6028.0,2017-04-11 17:21:51,2017-04-11 17:24:21,30.490724,109.703851,65.36363636363636,10.867632748829504,10.0,29.054545454545455,3.3333333333333335
40,C1415,6031.0,6031.0,2017-04-11 17:26:51,2017-04-11 17:26:51,30.465184000000004,109.74961699999999,64.0,5.285215439039958,2.5,0.0,0.8333333333333334
41,C1415,6045.0,6066.0,2017-04-11 17:38:31,2017-04-11 17:56:01,30.495274409090904,109.84629031818184,56.53846153846154,11.323884170631827,11.666666666666666,13.935897435897436,18.333333333333332
42,C1415,6069.0,6069.0,2017-04-11 17:58:31,2017-04-11 17:58:31,30.509406,109.854947,57.5,1.8001599784767732,2.5,840.5,0.8333333333333334
43,C1415,6102.0,6103.0,2017-04-11 18:26:01,2017-04-11 18:26:51,30.653171,110.09610500000001,63.59375,29.58953690191574,27.5,17.668346774193548,1.6666666666666667
44,C1415,6106.0,6110.0,2017-04-11 18:29:21,2017-04-11 18:32:41,30.64415300000001,110.124412,52.0,2.8898914697835734,2.5,2.0,4.166666666666667
45,C1415,6112.0,6115.0,2017-04-11 18:39:21,2017-04-11 18:44:51,30.626669,110.199876,55.0,7.53709028248313,6.666666666666667,55.0,11.333333333333334
46,C1415,6157.0,6159.0,2017-04-11 19:39:51,2017-04-11 19:41:31,30.616678999999994,110.332443,49.375,13.191862800031512,55.0,289.125,4.0
47,C1415,6163.0,6166.0,2017-04-11 19:44:51,2017-04-11 19:47:21,30.621881,110.40092800000001,67.0,6.583731665829692,3.3333333333333335,4.0,3.3333333333333335
48,C1415,6169.0,6169.0,2017-04-11 19:49:51,2017-04-11 19:49:51,30.616798,110.453984,69.0,5.151622004349189,2.5,2.0,0.8333333333333334
49,C1415,6172.0,6172.0,2017-04-11 19:52:21,2017-04-11 19:52:21,30.619391999999998,110.479425,64.0,2.838804217812266,2.5,18.0,0.8333333333333334
50,C1415,6197.0,6209.0,2017-04-11 20:13:11,2017-04-11 20:23:11,30.628438000000003,110.67345,54.291666666666664,19.028461692222304,20.833333333333332,65.51992753623189,10.833333333333334
51,C1415,6217.0,6217.0,2017-04-11 20:29:51,2017-04-11 20:29:51,30.604414000000002,110.829066,65.42857142857143,15.235138372767393,6.666666666666667,10.285714285714285,0.8333333333333334
52,C1415,6223.0,6235.0,2017-04-11 20:34:51,2017-04-11 20:44:51,30.602257076923088,110.90780569230768,64.6,5.612725827072861,5.0,17.3,10.833333333333334
53,C1415,6242.0,6243.0,2017-04-11 20:50:41,2017-04-11 20:51:31,30.57862,111.037415,66.33333333333333,9.54000510052797,5.833333333333333,135.86666666666667,1.6666666666666667
54,C1415,6248.0,6259.0,2017-04-11 20:55:41,2017-04-11 21:04:51,30.57293883333333,111.07552575000001,44.5,3.8323275993894184,4.166666666666667,573.6666666666666,10.0
55,C1415,6265.0,6265.0,2017-04-11 21:09:51,2017-04-11 21:09:51,30.560159999999996,111.11641200000001,60.2,4.1802682621313725,5.0,53.7,0.8333333333333334
56,C1415,6269.0,6269.0,2017-04-11 21:13:11,2017-04-11 21:13:11,30.556523,111.1509,66.66666666666667,3.8449677847758896,3.3333333333333335,22.333333333333332,0.8333333333333334
57,C1415,6276.0,6277.0,2017-04-11 21:19:01,2017-04-11 21:19:51,30.550185,111.209612,56.5,6.218472885967497,5.833333333333333,8.3,1.6666666666666667
58,C1415,6281.0,6283.0,2017-04-11 21:23:11,2017-04-11 21:24:51,30.532683000000002,111.24854799999999,62.666666666666664,4.305393930693984,3.3333333333333335,44.333333333333336,2.5
59,C1415,6285.0,6286.0,2017-04-11 21:26:31,2017-04-11 21:27:21,30.541218,111.28280600000001,63.0,3.4591452187422718,1.6666666666666667,63.0,1.6666666666666667
60,C1415,6289.0,6289.0,2017-04-11 21:29:51,2017-04-11 21:29:51,30.548911,111.31110600000001,58.5,2.848120586653491,2.5,0.5,0.8333333333333334
61,C1415,6370.0,6371.0,2017-04-11 22:39:51,2017-04-11 22:40:41,30.088420500000005,111.796604,69.7875,81.91008290568422,70.0,75.05553797468355,1.6666666666666667
62,C1415,7018.0,7018.0,2017-04-12 08:17:41,2017-04-12 08:17:41,29.886651,111.90495,66.8974358974359,36.31392428973208,577.0,64.83130904183535,0.8333333333333334
63,C1415,7110.0,7111.0,2017-04-12 09:37:21,2017-04-12 09:38:11,29.1309355,111.6841435,70.34065934065934,93.25510908930524,79.66666666666667,34.42710622710623,1.6666666666666667
64,C1415,7117.0,7120.0,2017-04-12 09:43:11,2017-04-12 09:45:41,29.125678999999998,111.62567225,67.0,6.548308568017973,5.0,72.5,3.3333333333333335
65,C1415,7123.0,7123.0,2017-04-12 09:48:11,2017-04-12 09:48:11,29.124825,111.620457,18.0,0.5296901281780401,2.5,72.0,0.8333333333333334
66,C1415,7138.0,7393.0,2017-04-12 10:00:41,2017-04-12 13:33:51,29.16215656250003,111.64054913281247,25.0,5.230487540434525,12.5,200.30769230769232,213.16666666666666
67,C1415,7394.0,7419.0,2017-04-18 15:56:04,2017-04-18 16:04:24,29.162208653846147,111.64049069230768,0.0,0.0,0.0,0.0,8.333333333333334
68,C1415,7429.0,7430.0,2017-04-18 16:07:44,2017-04-18 16:08:04,29.159727500000002,111.63562149999998,17.88888888888889,0.876014956316733,3.3333333333333335,18.61111111111111,0.6666666666666666
69,C1415,7435.0,7442.0,2017-04-18 16:09:44,2017-04-18 16:12:04,29.157740124999997,111.63591599999998,9.0,0.2553519046728981,1.6666666666666667,12.666666666666666,2.6666666666666665
70,C1415,7473.0,7473.0,2017-04-18 16:22:24,2017-04-18 16:22:24,29.125387,111.62592,27.233333333333334,4.649181332076381,10.333333333333334,155.0126436781609,0.3333333333333333
71,C1415,7770.0,7799.0,2017-04-18 18:02:14,2017-04-18 18:12:04,28.527999133333335,112.44700143333334,75.09797297297297,125.4402489633065,99.83333333333333,77.55308062299588,10.166666666666666
72,C1415,7886.0,7888.0,2017-04-18 18:44:34,2017-04-18 18:45:14,28.280211999999995,112.65588500000001,67.62790697674419,36.48437390309166,32.5,99.95403556771547,1.0
73,C1415,7891.0,7891.0,2017-04-18 18:46:14,2017-04-18 18:46:14,28.278631,112.65560500000001,18.5,0.17816837492830107,1.0,0.5,0.3333333333333333
74,C1415,7904.0,8229.0,2017-04-18 18:50:34,2017-04-18 20:42:04,28.270376871165645,112.66558915337444,25.333333333333332,1.8311529082049303,4.333333333333333,115.51515151515152,111.83333333333333
75,C1415,8271.0,8273.0,2017-04-18 20:57:14,2017-04-18 20:57:54,28.247849000000002,112.77885133333332,54.41463414634146,12.750376177018133,15.166666666666666,329.14878048780486,1.0
76,C1415,8336.0,8336.0,2017-04-18 21:18:54,2017-04-18 21:18:54,28.253868,112.92576799999999,49.11290322580645,16.983946920731324,21.0,97.4132734003173,0.3333333333333333
77,C1415,8373.0,8424.0,2017-04-18 21:35:54,2017-04-18 21:52:54,28.25097257692307,113.01327217307686,52.05555555555556,14.642560708781774,17.0,82.28253968253968,17.333333333333332
78,C1415,8447.0,8453.0,2017-04-18 22:00:34,2017-04-18 22:02:34,28.212058285714285,113.01381114285714,35.45454545454545,4.403638080542761,7.666666666666667,109.87878787878788,2.3333333333333335
79,C1415,8456.0,8458.0,2017-04-18 22:03:34,2017-04-18 22:04:14,28.211990333333333,113.01802966666668,30.0,0.4065207916525875,1.0,0.0,1.0
80,C1415,8462.0,8464.0,2017-04-18 22:05:34,2017-04-18 22:06:14,28.212130666666667,113.02500833333333,37.0,0.6834786094315708,1.3333333333333333,49.0,1.0
81,C1415,8471.0,8472.0,2017-04-18 22:08:34,2017-04-18 22:08:54,28.207698999999998,113.029375,24.666666666666668,0.9248847762651651,2.3333333333333335,124.26666666666667,0.6666666666666666
82,C1415,8475.0,8475.0,2017-04-18 22:09:54,2017-04-18 22:09:54,28.205059999999996,113.029648,25.0,0.30427165302897047,1.0,8.0,0.3333333333333333
83,C1415,8477.0,8498.0,2017-04-18 22:10:34,2017-04-18 22:17:34,28.205063454545463,113.03036668181818,6.0,0.1381182111533179,0.6666666666666666,6.0,7.333333333333333
84,C1415,8501.0,8559.0,2017-04-18 22:18:34,2017-04-18 22:37:54,28.20529661016952,113.03162472881358,15.0,0.1555465604486038,1.0,15.0,19.666666666666668
85,C1415,8561.0,8593.0,2017-04-18 22:38:34,2017-04-18 22:49:14,28.20550118181818,113.03099845454544,8.0,0.05995230035027643,0.6666666666666666,8.0,11.0
86,C1415,8595.0,8596.0,2017-04-18 22:49:54,2017-04-18 22:50:14,28.205229499999998,113.0297755,7.0,0.0910429034803486,0.6666666666666666,7.0,0.6666666666666666
87,C1415,8601.0,8602.0,2017-04-18 22:51:54,2017-04-18 22:52:14,28.201586499999998,113.0292235,17.25,0.4311828129022052,1.6666666666666667,54.916666666666664,0.6666666666666666
88,C1415,8605.0,8605.0,2017-04-18 22:53:14,2017-04-18 22:53:14,28.200945,113.026351,18.0,0.3134387642276723,1.0,72.0,0.3333333333333333
89,C1415,8607.0,8616.0,2017-04-18 22:53:54,2017-04-18 22:56:54,28.200671900000003,113.02135530000001,12.0,0.35254588235361645,0.6666666666666666,12.0,3.3333333333333335
90,C1415,8626.0,8628.0,2017-04-18 23:00:14,2017-04-18 23:00:54,28.185537333333333,113.01972166666667,31.0,1.689189623999738,3.3333333333333335,129.25,1.0
91,C1415,8632.0,8634.0,2017-04-18 23:02:14,2017-04-18 23:02:54,28.180086,113.01951433333333,33.666666666666664,0.6068061619375693,1.3333333333333333,90.33333333333333,1.0
92,C1415,8637.0,8639.0,2017-04-18 23:03:54,2017-04-18 23:04:34,28.177331,113.01949499999999,23.0,0.3073246092677088,1.0,18.0,1.0
93,C1415,8660.0,8662.0,2017-04-18 23:11:34,2017-04-18 23:12:14,28.171748666666662,113.05575366666666,34.25,4.040189700727154,7.0,221.8815789473684,1.0
94,C1415,8664.0,8664.0,2017-04-18 23:12:54,2017-04-18 23:12:54,28.171788,113.057079,16.0,0.13030021762279884,0.6666666666666666,16.0,0.3333333333333333
95,C1415,8667.0,8669.0,2017-04-18 23:13:54,2017-04-18 23:14:34,28.169120666666668,113.05682033333335,21.5,0.38479622706237854,1.0,60.5,1.0
96,C1415,8671.0,8777.0,2017-04-18 23:15:14,2017-04-18 23:50:34,28.168874831775717,113.05670001869156,5.0,0.0833374985090076,0.6666666666666666,5.0,35.333333333333336
97,C1415,8778.0,8781.0,2017-04-21 14:38:19,2017-04-21 14:41:19,28.168847500000002,113.05651875,0.0,0.0,0.0,0.0,3.0
98,C1415,8782.0,8827.0,2017-04-27 07:00:33,2017-04-27 07:45:53,28.1690325652174,113.05686910869565,0.0,0.0,0.0,0.0,45.333333333333336
99,C1415,8829.0,8829.0,2017-04-27 07:47:53,2017-04-27 07:47:53,28.171587,113.05703600000001,5.0,0.25410660103146687,2.0,5.0,1.0
100,C1415,8844.0,8844.0,2017-04-27 08:05:23,2017-04-27 08:05:23,28.185376,113.157947,52.07142857142857,11.92109479512886,17.5,247.91758241758242,1.0
101,C1415,8886.0,8888.0,2017-04-27 08:49:53,2017-04-27 08:51:53,28.24085633333333,112.84468700000001,69.82926829268293,49.632059884418304,44.5,64.89512195121951,3.0
102,C1415,8895.0,8898.0,2017-04-27 08:58:53,2017-04-27 09:01:53,28.24869725,112.77951924999999,63.5,6.47119511324863,7.0,58.7,4.0
103,C1415,8909.0,8909.0,2017-04-27 09:12:53,2017-04-27 09:12:53,28.277625,112.685029,60.0,10.044044118568527,11.0,196.44444444444446,1.0
104,C1415,8915.0,8918.0,2017-04-27 09:18:53,2017-04-27 09:21:53,28.277088749999997,112.67518875,33.0,1.871666263127642,6.0,127.0,4.0
105,C1415,8921.0,9384.0,2017-04-27 09:24:53,2017-04-27 17:06:53,28.277714519396547,112.67338715301734,6.0,0.2684819601725307,3.0,6.0,463.0
106,C1415,9388.0,9391.0,2017-04-27 17:10:53,2017-04-27 17:13:53,28.276564,112.67158050000002,7.0,0.38695861989084007,4.0,0.0,4.0
107,C1415,9394.0,9630.0,2017-04-27 17:16:53,2017-04-27 20:29:53,28.277616156118146,112.6731412025316,7.0,0.2950151433592739,3.0,2.0,194.0
108,C1415,9633.0,9634.0,2017-04-27 20:31:23,2017-04-27 20:31:53,28.277445999999998,112.675239,12.5,0.22194147585421548,1.5,84.5,1.0
109,C1415,9645.0,9645.0,2017-04-27 20:37:23,2017-04-27 20:37:23,28.280078000000003,112.656287,26.1,2.3325361747884563,5.5,64.32222222222222,0.5
110,C1415,9970.0,10462.0,2017-04-27 23:19:53,2017-04-28 07:21:53,29.49328024543608,111.77812872819476,69.44753086419753,189.2412586820867,162.5,75.89507128387417,482.5
111,C1415,10500.0,10512.0,2017-04-28 07:59:53,2017-04-28 08:11:53,29.854897461538464,111.87219800000001,67.16216216216216,42.018812776851135,38.0,162.08408408408408,13.0
112,C1415,10536.0,10539.0,2017-04-28 08:40:23,2017-04-28 08:43:23,30.019606000000003,112.12622525,68.17391304347827,31.47679249002999,28.5,107.1501976284585,4.0
113,C1415,10682.0,10709.0,2017-04-28 11:06:23,2017-04-28 11:33:23,31.564879285714284,112.27931457142859,75.8169014084507,180.51033243509283,143.0,110.84566976326042,28.0
114,C1415,10742.0,10773.0,2017-04-28 12:06:23,2017-04-28 12:37:23,31.868901468750014,112.07662249999998,73.21875,39.43712326536595,33.0,71.46673387096774,32.0
115,C1415,10813.0,10814.0,2017-04-28 13:18:23,2017-04-28 13:19:23,32.3095485,112.102246,74.35897435897436,50.06194793079251,41.0,160.13090418353576,2.0
116,C1415,10851.0,10851.0,2017-04-28 13:56:23,2017-04-28 13:56:23,32.651253000000004,112.30322,75.69444444444444,45.50602557185906,37.0,83.18968253968254,1.0
117,C1415,10988.0,11085.0,2017-04-28 16:17:40,2017-04-28 17:54:53,33.69052162244897,113.4816445714286,70.71323529411765,167.1000573386448,141.28333333333333,54.79863834422658,98.0
118,C1415,11124.0,11156.0,2017-04-28 18:33:53,2017-04-28 19:05:53,33.96243763636366,113.81778815151517,72.23684210526316,46.2502165446263,39.0,159.699146514936,33.0
119,C1415,11188.0,11195.0,2017-04-28 19:37:53,2017-04-28 19:44:53,34.119749875,114.10738525,67.12903225806451,34.928368989071004,32.0,96.4494623655914,8.0
120,C1415,11333.0,11818.0,2017-04-28 22:02:53,2017-04-29 06:07:23,35.44345198559669,114.69442897736606,72.45255474452554,166.66187116339563,138.0,73.44074710176041,485.5
121,C1415,11897.0,11898.0,2017-04-29 07:26:23,2017-04-29 07:27:23,36.207781,115.141639,75.15384615384616,98.10062174864092,79.0,27.482517482517483,2.0
122,C1415,11903.0,11903.0,2017-04-29 07:38:23,2017-04-29 07:38:23,36.230961,115.12596599999999,44.333333333333336,2.9504588525820976,11.0,752.3333333333334,1.0
123,C1415,12009.0,12036.0,2017-04-29 09:27:53,2017-04-29 09:54:53,37.34455782142857,115.56262728571426,74.63809523809523,136.17993757010575,109.5,56.42545787545787,28.0
124,C1415,12085.0,12104.0,2017-04-29 10:43:53,2017-04-29 11:02:53,37.76279765000001,115.74760934999998,67.33333333333333,54.18601534118248,49.0,69.46099290780141,20.0
125,C1415,12146.0,12219.0,2017-04-29 11:44:53,2017-04-29 12:57:53,38.000090432432444,115.90539547297296,67.8780487804878,46.808953868678785,42.0,133.45975609756098,74.0
126,C1415,12335.0,12337.0,2017-04-29 14:53:53,2017-04-29 14:55:53,38.67924433333334,116.88157,69.8,134.25413471242905,116.0,86.26666666666667,3.0
127,C1415,12387.0,12414.0,2017-04-29 15:47:53,2017-04-29 16:14:53,38.936643071428556,117.41690732142857,71.42857142857143,60.81350041243727,52.0,56.25,28.0
128,C1415,12483.0,12484.0,2017-04-29 17:24:53,2017-04-29 17:25:53,39.401901499999994,117.95531550000001,69.25,80.0722902490406,70.0,105.32462686567165,2.0
129,C1415,12531.0,12590.0,2017-04-29 18:12:53,2017-04-29 19:11:53,39.31702486666664,118.29613858333332,64.97826086956522,49.851851722471686,47.0,192.06618357487923,60.0
130,C1415,12730.0,12730.0,2017-04-29 21:31:53,2017-04-29 21:31:53,40.015526,119.69323100000001,70.44604316546763,163.8032128505604,140.0,92.71264727348556,1.0
131,C1415,12733.0,12733.0,2017-04-29 21:34:53,2017-04-29 21:34:53,40.015584000000004,119.69923899999999,19.0,0.5414010638158966,3.0,2.0,1.0
132,C1415,12737.0,12749.0,2017-04-29 21:38:53,2017-04-29 21:50:53,40.01481884615385,119.7064609230769,8.666666666666666,0.7493269475668719,4.0,12.333333333333332,13.0
133,C1415,12795.0,12829.0,2017-04-29 22:36:53,2017-04-29 23:10:53,40.277799971428564,120.22163291428569,70.71111111111111,53.35787836725546,46.0,130.43737373737375,35.0
134,C1415,12870.0,12871.0,2017-04-29 23:51:53,2017-04-29 23:52:53,40.595969499999995,120.63552150000001,74.65,50.50735055355612,41.0,54.13076923076923,2.0
135,C1415,12939.0,12939.0,2017-04-30 01:01:23,2017-04-30 01:01:23,41.062119,121.286046,68.28358208955224,78.01516141258173,68.5,203.08502939846224,1.0
136,C1415,12942.0,13385.0,2017-04-30 01:04:23,2017-04-30 08:27:23,41.06267652027032,121.28814690540553,5.0,0.37101914989438256,3.0,0.0,444.0
137,C1415,13422.0,13423.0,2017-04-30 09:04:23,2017-04-30 09:05:23,41.224326,121.70711599999998,67.38888888888889,39.831966670174545,37.0,134.30158730158732,2.0
138,C1415,13533.0,13575.0,2017-04-30 11:00:23,2017-04-30 11:42:23,41.87476555813954,122.77556472093026,68.8440366972477,131.78901960951566,115.0,88.13285762827047,43.0
139,C1415,13624.0,13791.0,2017-04-30 12:36:53,2017-04-30 15:28:53,42.201801434523794,123.24766940476192,62.958333333333336,56.57870623890439,54.5,122.97695035460993,173.0
140,C1415,13879.0,13885.0,2017-04-30 17:03:53,2017-04-30 17:17:53,42.866049428571436,123.81298957142856,67.88505747126437,106.91946449363454,95.0,105.87035551991447,15.0
141,C1415,13925.0,13927.0,2017-04-30 18:05:53,2017-04-30 18:07:53,43.085765666666674,124.39419333333335,69.33333333333333,54.38172280911322,48.0,131.01754385964912,3.0
142,C1415,13935.0,13935.0,2017-04-30 18:15:53,2017-04-30 18:15:53,43.136337,124.438498,62.42857142857143,6.958268977654292,8.0,73.28571428571429,1.0
143,C1415,13940.0,13942.0,2017-04-30 18:20:53,2017-04-30 18:22:53,43.15462333333334,124.41655433333334,43.25,3.061795460652953,5.0,42.916666666666664,3.0
144,C1415,13945.0,15384.0,2017-04-30 18:25:53,2017-05-01 18:24:23,43.154754870138966,124.41733610972196,6.0,0.19417226447722702,3.0,6.0,1438.5
145,C1415,15385.0,16507.0,2017-05-01 18:25:23,2017-05-02 13:48:53,43.15476892074803,124.41730660195871,0.0,0.0,0.0,0.0,1163.5
146,C1415,16511.0,16511.0,2017-05-02 13:52:53,2017-05-02 13:52:53,43.14294,124.432754,38.0,1.8359463811203436,4.0,171.0,1.0
147,C1415,16514.0,16514.0,2017-05-02 13:55:53,2017-05-02 13:55:53,43.135917,124.43801599999999,20.0,1.440700958586208,3.0,162.0,1.0
148,C1415,16733.0,16737.0,2017-05-02 17:36:53,2017-05-02 17:40:53,42.1042602,121.68849500000002,70.47247706422019,260.25696518236253,221.0,52.27804084048535,5.0
149,C1415,16839.0,16869.0,2017-05-02 19:26:23,2017-05-02 19:56:23,41.063466258064516,121.28572138709676,75.7128712871287,131.0941618592919,105.5,77.30673267326733,31.0
150,C1415,17001.0,17005.0,2017-05-02 22:14:23,2017-05-02 22:18:23,40.0687804,119.86408100000001,72.13740458015268,166.497147461215,138.0,120.61174398120963,5.0
151,C1415,17075.0,17628.0,2017-05-02 23:28:23,2017-05-03 08:42:23,39.917438198556006,118.89275362815889,74.6086956521739,86.49864715913195,70.0,40.71227621483376,555.0
152,C1415,17763.0,17763.0,2017-05-03 10:57:23,2017-05-03 10:57:23,39.79542,117.005742,74.91791044776119,168.60444693047006,135.0,24.963135450566714,1.0
153,C1415,17775.0,17775.0,2017-05-03 11:09:23,2017-05-03 11:09:23,39.799033,116.917321,43.63636363636363,8.306576682601664,12.0,817.2545454545455,1.0
154,C1415,17779.0,17779.0,2017-05-03 11:13:23,2017-05-03 11:13:23,39.798974,116.914612,6.5,0.2551113204512714,4.0,0.5,1.0
155,C1415,17782.0,17782.0,2017-05-03 11:16:23,2017-05-03 11:16:23,39.798988,116.91349199999999,6.0,0.17552547220309553,3.0,6.0,1.0
156,C1415,17784.0,17786.0,2017-05-03 11:18:23,2017-05-03 11:20:23,39.798958666666664,116.91203833333333,6.0,0.1211898006830871,2.0,6.0,3.0
157,C1415,17789.0,17792.0,2017-05-03 11:23:23,2017-05-03 11:26:23,39.7989655,116.90935474999999,6.0,0.19319090287008303,3.0,6.0,4.0
158,C1415,17794.0,17798.0,2017-05-03 11:28:23,2017-05-03 11:32:23,39.7988208,116.90520980000001,8.0,0.2099644884674745,2.0,8.0,5.0
159,C1415,17800.0,17805.0,2017-05-03 11:34:23,2017-05-03 11:39:23,39.798973999999994,116.90103466666666,5.0,0.19872925369648084,2.0,5.0,6.0
160,C1415,17851.0,17851.0,2017-05-03 12:24:53,2017-05-03 12:24:53,39.681416,116.451788,69.24444444444444,50.72723497565984,45.5,156.73434343434343,1.0
161,C1415,17859.0,19294.0,2017-05-03 12:32:53,2017-05-04 12:31:23,39.68056609192215,116.42101528272987,45.0,4.01982345789863,8.0,471.5,1438.5
162,C1415,19295.0,20725.0,2017-05-04 12:32:23,2017-05-05 12:31:23,39.68060260517125,116.4210171027255,0.0,0.0,0.0,0.0,1439.0
163,C1415,20726.0,20795.0,2017-05-05 12:32:23,2017-05-05 13:41:23,39.68055068571429,116.42096187142862,0.0,0.0,0.0,0.0,69.0
164,C1415,20906.0,20906.0,2017-05-05 15:32:23,2017-05-05 15:32:23,40.340387,116.82508700000001,66.5909090909091,121.64569663524281,111.0,247.52835696413678,1.0
165,C1415,20911.0,20912.0,2017-05-05 15:37:23,2017-05-05 15:38:23,40.355704,116.82841400000001,33.5,2.1121565708543413,5.0,327.0,2.0
166,C1415,20932.0,21109.0,2017-05-05 15:58:23,2017-05-05 18:55:23,40.35956883707865,116.81476790449433,6.0,1.9323153565645623,20.0,6.0,178.0
167,C1415,21113.0,21823.0,2017-05-05 18:59:23,2017-05-06 06:52:23,40.35874741350203,116.81245535864966,9.0,0.3543281900932494,4.0,1.0,714.0
168,C1415,21902.0,21902.0,2017-05-06 08:11:23,2017-05-06 08:11:23,40.355697,116.82801299999998,24.25,1.6511618966378239,79.0,76.25,1.0
169,C1415,21907.0,21907.0,2017-05-06 08:16:23,2017-05-06 08:16:23,40.340776,116.825299,31.25,2.1695447169867426,5.0,215.58333333333334,1.0
170,C1415,22042.0,22042.0,2017-05-06 10:31:23,2017-05-06 10:31:23,39.502521,116.28831299999999,66.08955223880596,147.0912224762004,135.0,143.2550779934912,1.0
171,C1415,22065.0,22069.0,2017-05-06 10:54:23,2017-05-06 10:58:23,39.2733382,116.2846078,69.81818181818181,25.996150755924273,23.0,241.4891774891775,5.0
172,C1415,22131.0,22174.0,2017-05-06 12:00:23,2017-05-06 12:43:23,38.85564859090909,116.17452084090907,71.975,48.594269512186,62.0,205.30705128205128,44.0
173,C1415,22450.0,22451.0,2017-05-06 17:18:53,2017-05-06 17:19:53,36.2644535,115.11080050000001,71.03636363636363,327.81006760667884,275.5,30.589913735899138,2.0
174,C1415,22457.0,22463.0,2017-05-06 17:25:53,2017-05-06 17:31:53,36.22798542857143,115.12583442857144,49.4,4.285895993815157,6.0,512.3,7.0
175,C1415,22489.0,22491.0,2017-05-06 17:57:53,2017-05-06 17:59:53,36.00690766666666,115.06865800000001,64.84,27.04130242798059,26.0,262.14,3.0
176,C1415,22535.0,22591.0,2017-05-06 18:43:53,2017-05-06 19:39:53,35.64641354385966,114.90544247368422,60.2093023255814,43.5150290295262,44.0,217.69324473975638,57.0
177,C1415,22761.0,23264.0,2017-05-06 22:29:53,2017-05-07 06:52:23,34.11986203571429,114.10587444642867,69.44970414201184,196.974198593572,170.0,43.84418145956607,503.5
178,C1415,23470.0,23475.0,2017-05-07 10:19:53,2017-05-07 10:24:53,31.934553166666664,114.28311533333333,76.97560975609755,266.879841424269,207.5,38.75920612147298,6.0
179,C1415,23477.0,23477.0,2017-05-07 10:26:53,2017-05-07 10:26:53,31.933635,114.282552,5.0,0.11611840213897191,2.0,5.0,1.0
180,C1415,23535.0,23592.0,2017-05-07 11:24:53,2017-05-07 12:21:53,31.49687893103448,114.1006077068966,67.93478260869566,53.00805350074252,58.0,112.99565217391304,58.0
181,C1415,23701.0,23701.0,2017-05-07 14:10:53,2017-05-07 14:10:53,30.358233000000002,114.15776000000001,74.11111111111111,133.85554712051595,109.0,113.09034267912773,1.0
182,C1415,23707.0,23707.0,2017-05-07 14:16:53,2017-05-07 14:16:53,30.368517999999998,114.158446,40.5,1.4480272613857985,6.0,60.5,1.0
183,C1415,23712.0,23958.0,2017-05-07 14:21:53,2017-05-07 18:27:53,30.38069070445343,114.17503174898772,36.5,2.5828801382569457,5.0,363.6666666666667,247.0
184,C1415,23965.0,24014.0,2017-05-07 18:34:53,2017-05-07 19:23:53,30.38093618,114.17563905999998,13.5,0.5121009043319048,7.0,0.5,50.0
185,C1415,24029.0,24029.0,2017-05-07 19:38:53,2017-05-07 19:38:53,30.36331,114.15348300000001,25.166666666666668,3.030302876949646,15.0,298.96666666666664,1.0
186,C1415,24031.0,24031.0,2017-05-07 19:40:53,2017-05-07 19:40:53,30.358022,114.157519,26.0,1.0544787567897602,2.0,26.0,1.0
187,C1415,24063.0,24063.0,2017-05-07 20:12:53,2017-05-07 20:12:53,30.633490999999996,114.051934,70.03225806451613,36.2451983495252,32.0,82.76559139784946,1.0
188,C1415,24066.0,24066.0,2017-05-07 20:15:53,2017-05-07 20:15:53,30.626789000000002,114.060621,40.5,1.485724751177932,3.0,40.5,1.0
189,C1415,24072.0,24255.0,2017-05-07 20:23:53,2017-05-07 23:26:53,30.630601543478257,114.05621448913051,5.0,1.6346221178981535,8.0,5.0,184.0
190,C1415,24346.0,24346.0,2017-05-08 00:56:23,2017-05-08 00:56:23,29.873392,114.18048,67.62222222222222,100.81023863357696,89.5,170.5972534332085,1.0
191,C1415,24394.0,24395.0,2017-05-08 01:44:23,2017-05-08 01:45:23,29.6192875,113.706057,68.97872340425532,56.480726919223166,48.0,48.84736355226642,2.0
192,C1415,24421.0,24693.0,2017-05-08 02:11:23,2017-05-08 06:43:23,29.47608981684981,113.5061867509158,66.08,27.532804930067147,26.0,86.32666666666667,273.0
193,C1415,24818.0,24818.0,2017-05-08 08:50:23,2017-05-08 08:50:23,28.234,113.05875800000001,74.34677419354838,156.89265382270798,127.0,102.39096511932861,1.0
194,C1415,24820.0,24820.0,2017-05-08 08:52:23,2017-05-08 08:52:23,28.235103000000002,113.056393,12.0,0.4139913592631251,2.0,12.0,1.0
195,C1415,24823.0,24823.0,2017-05-08 08:55:23,2017-05-08 08:55:23,28.237401000000002,113.06181699999999,15.0,0.8603853537252739,3.0,72.0,1.0
196,C1415,24825.0,24825.0,2017-05-08 08:57:23,2017-05-08 08:57:23,28.240575,113.062697,6.0,0.5735011553612388,2.0,6.0,1.0
197,C1415,24828.0,24828.0,2017-05-08 09:00:23,2017-05-08 09:00:23,28.245378999999996,113.06358200000001,14.0,0.6197925399792789,3.0,2.0,1.0
198,C1415,24830.0,24831.0,2017-05-08 09:02:23,2017-05-08 09:03:23,28.248979,113.065947,9.0,0.664919036316277,2.0,9.0,2.0
199,C1415,24834.0,24914.0,2017-05-08 09:06:23,2017-05-08 10:26:23,28.253450074074077,113.06226739506178,14.0,0.7487631602377329,3.0,98.0,81.0
200,C1415,24916.0,25190.0,2017-05-08 10:28:23,2017-05-08 15:02:23,28.25423338181818,113.06091252727288,6.0,0.12681719623682838,2.0,6.0,275.0
201,C1415,25194.0,25194.0,2017-05-08 15:06:23,2017-05-08 15:06:23,28.24941500000001,113.053071,22.333333333333332,1.2859841877452858,4.0,37.33333333333333,1.0
202,C1415,25196.0,25197.0,2017-05-08 15:08:23,2017-05-08 15:09:23,28.241025999999998,113.05339900000001,28.0,1.372980971672533,2.0,28.0,2.0
203,C1415,25201.0,25201.0,2017-05-08 15:13:23,2017-05-08 15:13:23,28.233377,113.058838,40.0,1.3812051820746443,4.0,40.0,1.0
204,C1415,25209.0,25209.0,2017-05-08 15:21:23,2017-05-08 15:21:23,28.169715999999998,113.047133,68.14285714285714,8.502022847257843,8.0,207.80952380952382,1.0
205,C1415,25212.0,25213.0,2017-05-08 15:24:23,2017-05-08 15:25:23,28.171607,113.0564435,31.5,1.4567182206562406,3.0,480.5,2.0
206,C1415,26546.0,26546.0,2017-06-06 06:44:10,2017-06-06 06:44:10,28.161040999999997,113.06315900000001,35.333333333333336,3.79024903446063,41238.78333333333,412.75,0.5
207,C1415,26555.0,26555.0,2017-06-06 06:48:40,2017-06-06 06:48:40,28.172748,113.056836,36.125,2.8435770627755446,4.5,249.55357142857142,0.5
208,C1415,26627.0,26633.0,2017-06-06 07:24:40,2017-06-06 07:27:40,28.173906999999993,112.88029700000001,60.859154929577464,36.33614591302474,36.0,250.1513078470825,3.5
209,C1415,26645.0,26646.0,2017-06-06 07:33:40,2017-06-06 07:34:10,28.2408565,112.84443399999999,60.63636363636363,9.043318764527664,6.0,106.85454545454546,1.0
210,C1415,26678.0,26679.0,2017-06-06 07:52:00,2017-06-06 07:52:30,28.2775995,112.68498600000001,55.74193548387097,16.58389715351033,17.833333333333332,245.13118279569892,1.0
211,C1415,26688.0,26889.0,2017-06-06 07:57:10,2017-06-06 09:37:40,28.277018099009886,112.67518342574259,29.375,1.8778889158723489,4.666666666666667,127.41071428571429,101.0
212,C1415,26893.0,26893.0,2017-06-06 09:39:40,2017-06-06 09:39:40,28.278053999999997,112.673378,8.0,0.3062172877476439,2.0,3.0,0.5
213,C1415,26896.0,26949.0,2017-06-06 09:41:10,2017-06-06 10:07:40,28.277368481481474,112.67306514814817,13.0,0.3308732431422502,1.5,18.0,27.0
214,C1415,26956.0,26956.0,2017-06-06 10:12:10,2017-06-06 10:12:10,28.277414,112.67311200000002,14.333333333333334,0.39145704450247476,4.5,89.33333333333333,1.5
215,C1415,26959.0,27036.0,2017-06-06 10:13:40,2017-06-06 10:52:10,28.277819358974355,112.67377337179488,7.0,0.28886813991791077,1.5,0.0,39.0
216,C1415,27039.0,27141.0,2017-06-06 10:53:40,2017-06-06 11:44:40,28.278376067961158,112.67234635922328,6.5,0.14224203860717274,1.5,4.5,51.5
217,C1415,27145.0,27660.0,2017-06-06 11:46:40,2017-06-06 15:49:50,28.27652709302323,112.6720113391473,14.333333333333334,0.4139323086548195,2.0,86.33333333333334,243.66666666666666
218,C1415,27665.0,27665.0,2017-06-06 15:51:30,2017-06-06 15:51:30,28.277765000000002,112.674047,10.0,0.3154987631816165,1.6666666666666667,12.666666666666666,0.3333333333333333
219,C1415,27667.0,27670.0,2017-06-06 15:52:10,2017-06-06 15:53:10,28.277608999999998,112.6750445,8.0,0.12395996160240938,0.6666666666666666,8.0,1.3333333333333333
220,C1415,27687.0,27792.0,2017-06-06 15:58:50,2017-06-06 16:33:50,28.27816349999999,112.65712837735848,21.625,2.1045161654914026,5.666666666666667,58.65,35.333333333333336
221,C1415,27795.0,27843.0,2017-06-06 16:34:50,2017-06-06 16:50:50,28.2790933877551,112.65591571428575,19.0,0.17411971377711058,1.0,98.0,16.333333333333332
222,C1415,27845.0,27845.0,2017-06-06 16:51:30,2017-06-06 16:51:30,28.28016400000001,112.656296,15.0,0.12534956138921843,0.6666666666666666,15.0,0.3333333333333333
223,C1415,28064.0,28102.0,2017-06-06 18:09:50,2017-06-06 18:22:30,28.798111179487158,111.94895923076922,73.69724770642202,96.67820758759626,78.33333333333333,154.30423202130808,13.0
224,C1415,28165.0,28268.0,2017-06-06 18:46:40,2017-06-06 19:21:10,28.943157846153852,111.7652256057693,71.09677419354838,28.732427964785234,24.166666666666668,187.8593336858805,34.833333333333336
225,C1415,28437.0,28476.0,2017-06-06 20:17:30,2017-06-06 20:30:30,29.49359152500001,111.77764857499999,67.63690476190476,63.92075085768816,56.333333333333336,173.7535999429712,13.333333333333334
226,C1415,28589.0,28597.0,2017-06-06 21:08:10,2017-06-06 21:10:50,29.85513977777778,111.87228744444442,66.91071428571429,42.17419616661818,37.666666666666664,129.54150579150578,3.0
227,C1415,28812.0,28886.0,2017-06-06 22:32:50,2017-06-06 22:57:30,30.555544853333334,112.20528267999997,68.95327102803738,95.37034805097582,82.0,72.49545873371068,25.0
228,C1415,28954.0,28954.0,2017-06-06 23:20:10,2017-06-06 23:20:10,30.788437,112.23044499999999,70.08955223880596,26.32735590751112,22.666666666666668,151.65852555404794,0.3333333333333333
229,C1415,29157.0,29546.0,2017-06-07 01:07:10,2017-06-07 06:32:30,31.869198207692293,112.07608868205142,70.91584158415841,130.80627995220414,107.0,59.082434362839265,326.1666666666667
230,C1415,29596.0,29597.0,2017-06-07 07:14:20,2017-06-07 07:15:10,32.30962,112.102259,72.55102040816327,50.0351022006982,41.833333333333336,182.3358843537415,1.6666666666666667
231,C1415,29787.0,29823.0,2017-06-07 10:03:10,2017-06-07 10:33:10,33.69007335135134,113.4818326756757,75.54497354497354,212.0699215147484,168.0,48.05780704716875,30.833333333333332
232,C1415,29868.0,29904.0,2017-06-07 11:12:50,2017-06-07 11:42:50,33.96242997297298,113.8178565945946,70.6590909090909,46.310997196516624,39.666666666666664,209.16014799154334,30.833333333333332
233,C1415,29938.0,29954.0,2017-06-07 12:15:40,2017-06-07 12:30:20,34.119697235294126,114.10748047058824,72.0909090909091,34.91944025351541,32.833333333333336,131.64772727272728,15.5
234,C1415,30076.0,30106.0,2017-06-07 14:16:40,2017-06-07 14:41:40,35.082265322580646,114.58122706451614,70.56198347107438,124.84384484409463,106.33333333333333,66.74820936639118,25.833333333333332
235,C1415,30238.0,30246.0,2017-06-07 16:39:50,2017-06-07 16:46:30,36.20726388888889,115.14203866666665,70.97709923664122,140.1639304161592,118.16666666666667,54.06870229007634,7.5
236,C1415,30320.0,30320.0,2017-06-07 17:52:20,2017-06-07 17:52:20,36.815227,115.21330900000001,65.3013698630137,71.01660122279758,65.83333333333333,50.21347031963471,0.8333333333333334
237,C1415,30337.0,30365.0,2017-06-07 18:06:30,2017-06-07 18:30:10,36.93098634482758,115.30882931034486,64.75,16.092780874717942,14.166666666666666,125.66666666666667,24.5
238,C1415,30390.0,30438.0,2017-06-07 18:54:00,2017-06-07 19:34:00,37.13127591836734,115.45752073469387,67.04166666666667,26.345026549221142,23.833333333333332,127.2590579710145,40.833333333333336
239,C1415,30617.0,30617.0,2017-06-07 22:05:30,2017-06-07 22:05:30,38.233592,116.41320900000001,71.36516853932584,180.10884710638103,151.5,30.56081381324192,0.8333333333333334
240,C1415,30619.0,31212.0,2017-06-07 22:07:10,2017-06-08 06:21:50,38.2337167828283,116.41464659259276,5.0,0.5364910782995421,1.6666666666666667,5.0,495.5
241,C1415,31292.0,31298.0,2017-06-08 07:28:30,2017-06-08 07:33:30,38.67896914285715,116.881111,73.35443037974683,80.97210235483881,66.66666666666667,130.1291788380396,5.833333333333333
242,C1415,31358.0,31359.0,2017-06-08 08:24:40,2017-06-08 08:25:30,38.9363865,117.41637400000002,72.45762711864407,60.878778237171055,51.166666666666664,81.25248392752776,1.6666666666666667
243,C1415,31416.0,31417.0,2017-06-08 09:19:50,2017-06-08 09:20:40,39.2814415,117.8361225,69.76785714285714,62.81235763027094,54.333333333333336,94.47240259740259,1.6666666666666667
244,C1415,31441.0,31468.0,2017-06-08 09:42:20,2017-06-08 10:04:50,39.22575089285715,118.03895867857145,64.04347826086956,22.750002858483885,21.666666666666668,245.86166007905138,23.333333333333332
245,C1415,31472.0,31484.0,2017-06-08 10:08:10,2017-06-08 10:18:10,39.22639876923078,118.05235646153845,18.333333333333332,1.0499542899930216,3.3333333333333335,296.3333333333333,10.833333333333334
246,C1415,31510.0,31543.0,2017-06-08 10:39:50,2017-06-08 11:23:50,39.31735420588236,118.29634582352939,69.48,24.48069887971457,21.666666666666668,213.34333333333333,44.833333333333336
247,C1415,31691.0,31693.0,2017-06-08 13:32:40,2017-06-08 13:34:20,40.014811333333334,119.70734266666666,77.1360544217687,165.41302762855952,128.83333333333334,100.83067747647004,2.5
248,C1415,31791.0,31820.0,2017-06-08 14:59:50,2017-06-08 15:24:10,40.5962883,120.63555660000002,74.6701030927835,104.68032892045696,85.5,72.76503436426117,27.0
249,C1415,31943.0,31947.0,2017-06-08 17:21:00,2017-06-08 17:25:30,41.2433982,121.9509176,71.47540983606558,138.9852219988355,116.83333333333333,80.05310933477848,5.333333333333333
250,C1415,32012.0,32059.0,2017-06-08 18:27:10,2017-06-08 19:06:20,41.48214872916666,122.68457929166668,68.8125,70.05236169584612,61.666666666666664,122.78968253968254,40.0
251,C1415,32070.0,32070.0,2017-06-08 19:15:30,2017-06-08 19:15:30,41.437090999999995,122.768498,60.0,8.75297620709054,9.166666666666666,522.0,0.8333333333333334
252,C1415,32105.0,32105.0,2017-06-08 19:48:20,2017-06-08 19:48:20,41.227907,123.087197,66.11764705882354,37.108960040901,32.833333333333336,11.985739750445633,0.8333333333333334
253,C1415,32110.0,32135.0,2017-06-08 19:53:40,2017-06-08 20:17:00,41.19622761538463,123.12693196153849,61.0,5.474009101060515,5.333333333333333,16.666666666666668,25.166666666666668
254,C1415,32665.0,32665.0,2017-06-09 04:56:00,2017-06-09 04:56:00,41.180841,123.17078000000001,47.714285714285715,5.2317520901062124,519.0,325.5714285714286,2.6666666666666665
255,C1415,32684.0,32969.0,2017-06-09 05:13:30,2017-06-09 09:39:10,41.25420540559441,123.18613985664327,34.55555555555556,10.385011768397876,17.5,224.26143790849673,266.5
256,C1415,32976.0,32976.0,2017-06-09 09:46:10,2017-06-09 09:46:10,41.240517,123.186981,29.0,2.0269267447489563,7.0,62.0,0.8333333333333334
257,C1415,32979.0,32979.0,2017-06-09 09:48:40,2017-06-09 09:48:40,41.239581,123.173359,38.5,1.354611512225088,2.5,112.5,0.8333333333333334
258,C1415,32986.0,32986.0,2017-06-09 09:55:40,2017-06-09 09:55:40,41.200287,123.173819,43.5,4.767961680323645,7.0,30.7,0.8333333333333334
259,C1415,32991.0,32991.0,2017-06-09 10:00:00,2017-06-09 10:00:00,41.180981,123.170456,41.0,2.45558517384109,4.333333333333333,114.66666666666667,0.8333333333333334
260,C1415,32997.0,33011.0,2017-06-09 10:06:00,2017-06-09 10:18:10,41.197311666666664,123.12763626666666,48.4,4.837677562639856,6.0,422.8,13.0
261,C1415,33042.0,33049.0,2017-06-09 10:48:20,2017-06-09 10:55:00,41.39419425,123.24985137500002,67.23333333333333,33.54530064325086,30.166666666666668,357.84022988505745,7.5
262,C1415,33101.0,33126.0,2017-06-09 11:43:10,2017-06-09 12:04:10,41.743801923076916,123.56346761538461,74.52941176470588,58.81619663309115,48.166666666666664,216.73411764705884,21.833333333333332
263,C1415,33287.0,33763.0,2017-06-09 14:23:40,2017-06-09 21:01:20,42.7275009727463,124.63312790985331,72.3625,166.7906493483977,139.5,85.61619496855346,398.5
264,C1415,33794.0,33794.0,2017-06-09 21:27:30,2017-06-09 21:27:30,42.770897999999995,124.943469,64.83333333333333,27.58108280768809,26.166666666666668,255.52298850574712,0.8333333333333334
265,C1415,33805.0,33805.0,2017-06-09 21:38:50,2017-06-09 21:38:50,42.805199,125.01260500000001,44.8,7.979859177815652,11.333333333333334,274.84444444444443,0.8333333333333334
266,C1415,33832.0,35556.0,2017-06-09 22:01:20,2017-06-10 22:00:20,42.89049853971008,125.13755084695644,42.57692307692308,16.15614142635044,22.5,288.25384615384615,1439.0
267,C1415,35557.0,37280.0,2017-06-10 22:01:10,2017-06-11 22:00:10,42.890485004060345,125.13756529118322,0.0,0.0,0.0,0.0,1439.0
268,C1415,37281.0,38246.0,2017-06-11 22:01:00,2017-06-12 11:27:10,42.890500229813604,125.13756093374754,0.0,0.0,0.0,0.0,806.1666666666666
269,C1415,38934.0,38934.0,2017-06-12 21:06:30,2017-06-12 21:06:30,42.805243,125.01264499999999,47.35294117647059,15.639265366980826,579.3333333333334,401.36764705882354,2.6666666666666665
270,C1415,39024.0,39024.0,2017-06-12 22:25:20,2017-06-12 22:25:20,42.516304,123.995815,78.92134831460675,103.23828778702307,78.83333333333333,228.34601634320734,0.8333333333333334
271,C1415,39026.0,39032.0,2017-06-12 22:27:00,2017-06-12 22:32:00,42.514862428571426,123.99635328571428,7.0,0.4214422299701363,1.6666666666666667,7.0,5.833333333333333
272,C1415,39437.0,39438.0,2017-06-13 04:16:50,2017-06-13 04:17:40,40.06857500000001,119.8640475,81.33415841584159,468.7007910699537,344.8333333333333,40.3074159152888,1.6666666666666667
273,C1415,39491.0,39770.0,2017-06-13 05:04:00,2017-06-13 09:09:20,39.82474877142851,119.32293721428573,76.21153846153847,57.779759586285294,46.333333333333336,119.15045248868778,246.16666666666666
274,C1415,39846.0,39892.0,2017-06-13 10:15:10,2017-06-13 10:53:40,39.330393510638295,118.73801278723403,76.49333333333334,83.99591618034468,65.83333333333333,103.25333333333333,39.333333333333336
275,C1415,39934.0,39975.0,2017-06-13 11:31:50,2017-06-13 12:06:00,39.31826142857143,118.29538271428567,63.90243902439025,38.57067393085444,38.166666666666664,191.29024390243904,36.833333333333336
276,C1415,40009.0,40019.0,2017-06-13 12:35:20,2017-06-13 12:43:40,39.22687681818182,118.0548690909091,65.6,24.160877523272262,29.333333333333332,21.75,9.166666666666666
277,C1415,40154.0,40155.0,2017-06-13 14:56:50,2017-06-13 14:57:40,38.679762,116.880177,68.04477611940298,148.4988334973233,133.16666666666666,15.381438671305128,1.6666666666666667
278,C1415,40238.0,40302.0,2017-06-13 16:13:03,2017-06-13 17:17:03,38.235022353846155,116.41406886153847,70.34146341463415,82.44521602382459,75.38333333333334,33.881963264077086,68.21666666666667
279,C1415,40350.0,40430.0,2017-06-13 18:07:33,2017-06-13 19:26:36,38.001046209876556,115.9050264567901,67.59574468085107,53.43189540335519,50.5,105.07215541165587,82.55
280,C1415,40504.0,40583.0,2017-06-13 20:28:16,2017-06-13 21:34:06,38.0237309375,115.19670351250004,61.986301369863014,63.28409024591538,61.666666666666664,89.43036529680366,66.66666666666667
281,C1415,40630.0,40636.0,2017-06-13 22:14:36,2017-06-13 22:20:16,38.03913,114.73621414285715,62.69565217391305,41.46295190066588,40.5,63.016425120772944,7.166666666666667
282,C1415,40638.0,40638.0,2017-06-13 22:21:56,2017-06-13 22:21:56,38.035139,114.733655,17.0,0.5414941058370417,1.6666666666666667,17.0,0.8333333333333334
283,C1415,40652.0,40652.0,2017-06-13 22:33:46,2017-06-13 22:33:46,38.023916,114.66974599999999,41.15384615384615,7.608960312648977,11.833333333333334,397.14102564102564,0.8333333333333334
284,C1415,40657.0,40664.0,2017-06-13 22:37:56,2017-06-13 22:43:46,38.020203375,114.658994625,28.75,1.6908504359757506,4.166666666666667,468.9166666666667,6.666666666666667
285,C1415,40666.0,42391.0,2017-06-13 22:45:26,2017-06-14 22:44:06,38.02000703939765,114.6602641100813,5.0,0.1141042785904538,1.6666666666666667,5.0,1438.6666666666667
286,C1415,42392.0,43164.0,2017-06-14 22:44:56,2017-06-15 09:26:46,38.0200195562742,114.66025651875798,0.0,0.0,0.0,0.0,641.8333333333334
287,C1415,43166.0,43166.0,2017-06-15 09:28:26,2017-06-15 09:28:26,38.020014,114.661895,10.0,0.14186701611232191,1.6666666666666667,10.0,0.8333333333333334
288,C1415,43482.0,43496.0,2017-06-15 13:51:36,2017-06-15 14:03:16,38.019584066666674,114.66178553333334,5.0,0.4156715127181806,263.1666666666667,5.0,12.5
289,C1415,43499.0,43500.0,2017-06-15 14:05:46,2017-06-15 14:06:36,38.0197835,114.66179249999999,8.0,0.17445482343459137,2.5,8.0,1.6666666666666667
290,C1415,43807.0,43807.0,2017-06-15 18:22:26,2017-06-15 18:22:26,38.038003,114.678952,22.5,4.194919993271262,255.83333333333334,100.27777777777777,0.8333333333333334
291,C1415,43820.0,43820.0,2017-06-15 18:33:16,2017-06-15 18:33:16,38.038674,114.73618,35.166666666666664,6.108072400109359,10.833333333333334,304.1515151515151,0.8333333333333334
292,C1415,43835.0,43841.0,2017-06-15 18:45:46,2017-06-15 18:50:46,37.96629228571429,114.7520055714286,63.42857142857143,12.61372389242698,12.5,293.95604395604397,5.833333333333333
293,C1415,44041.0,44067.0,2017-06-15 21:46:26,2017-06-15 22:08:06,36.38308948148149,114.42033400000003,73.74468085106383,204.94391937659927,175.66666666666666,86.22323358743884,22.5
294,C1415,44086.0,44087.0,2017-06-15 22:23:56,2017-06-15 22:24:46,36.235093500000005,114.389172,67.0,16.967085359916247,15.833333333333334,429.7647058823529,1.6666666666666667
295,C1415,44261.0,44287.0,2017-06-16 01:17:36,2017-06-16 01:39:16,34.456707925925926,113.8057265925926,74.08670520231213,207.68700897434488,172.83333333333334,133.97499663933326,22.5
296,C1415,44522.0,44547.0,2017-06-16 05:00:06,2017-06-16 05:20:56,32.25900092307693,114.15105065384614,75.91452991452991,255.2730504075145,200.83333333333334,84.89395106562489,21.666666666666668
297,C1415,44591.0,44596.0,2017-06-16 05:57:36,2017-06-16 06:01:46,31.932311833333333,114.28185266666668,67.55813953488372,40.59009372957782,36.666666666666664,228.77630121816168,5.0
298,C1415,44652.0,44652.0,2017-06-16 06:48:16,2017-06-16 06:48:16,31.496447999999997,114.100099,68.45454545454545,52.82492315228739,46.5,245.43771043771045,0.8333333333333334
299,C1415,44654.0,44811.0,2017-06-16 06:49:56,2017-06-16 09:00:46,31.49581575949368,114.10007081645574,5.0,0.2070883936997501,1.6666666666666667,5.0,131.66666666666666
300,C1415,44967.0,44967.0,2017-06-16 11:11:26,2017-06-16 11:11:26,30.148363,114.26731399999998,74.33548387096774,162.56944179569783,130.66666666666666,142.0685379136992,0.8333333333333334
301,C1415,44970.0,44970.0,2017-06-16 11:13:56,2017-06-16 11:13:56,30.146502,114.267746,8.0,0.32328143017593336,2.5,18.0,0.8333333333333334
302,C1415,44972.0,44972.0,2017-06-16 11:15:36,2017-06-16 11:15:36,30.145424,114.26815,7.0,0.24561704502397055,1.6666666666666667,7.0,0.8333333333333334
303,C1415,44975.0,44975.0,2017-06-16 11:18:06,2017-06-16 11:18:06,30.142863000000002,114.269175,14.5,0.37065306559066064,2.5,60.5,0.8333333333333334
304,C1415,45047.0,45075.0,2017-06-16 12:18:06,2017-06-16 12:41:26,29.74188837931035,113.89484137931035,69.83823529411765,66.71488417917915,60.0,354.9435908691835,24.166666666666668
305,C1415,45098.0,45098.0,2017-06-16 13:00:26,2017-06-16 13:00:26,29.619166999999997,113.705745,75.86363636363636,23.354781847986217,19.0,243.64718614718615,0.8333333333333334
306,C1415,45244.0,45244.0,2017-06-16 15:16:26,2017-06-16 15:16:26,28.315354,113.08333400000001,76.88275862068966,174.82544132447455,136.0,63.4375478927203,0.8333333333333334
307,C1415,45282.0,45282.0,2017-06-16 15:49:16,2017-06-16 15:49:16,28.240753,112.84519499999999,69.2,31.001511869579,32.833333333333336,208.16551724137932,0.8333333333333334
308,C1415,45298.0,45298.0,2017-06-16 16:02:36,2017-06-16 16:02:36,28.24873,112.77871,46.4,6.731729543182614,13.333333333333334,278.0444444444444,0.8333333333333334
309,C1415,45307.0,45307.0,2017-06-16 16:12:56,2017-06-16 16:12:56,28.277635999999998,112.685025,55.625,10.02619642976093,10.333333333333334,427.4107142857143,0.8333333333333334
310,C1415,45311.0,45312.0,2017-06-16 16:16:16,2017-06-16 16:17:06,28.2737185,112.6751855,36.0,1.5476090490073142,3.3333333333333335,67.0,1.6666666666666667
311,C1415,45314.0,45336.0,2017-06-16 16:18:46,2017-06-16 16:37:06,28.27661504347825,112.67505852173912,17.0,0.3662303007978697,1.6666666666666667,17.0,19.166666666666668
312,C1415,45458.0,45458.0,2017-06-16 18:21:26,2017-06-16 18:21:26,28.277608,112.674595,7.0,0.6440996795767654,104.33333333333333,7.0,0.8333333333333334
313,C1415,45460.0,45460.0,2017-06-16 18:23:06,2017-06-16 18:23:06,28.276798,112.67503799999999,5.0,0.27431344345822706,1.6666666666666667,5.0,0.8333333333333334
314,C1415,45469.0,45548.0,2017-06-16 18:30:36,2017-06-16 19:36:26,28.279770324999998,112.68377056250002,48.666666666666664,1.7875549996080635,7.5,329.3333333333333,66.66666666666667
315,C1415,45551.0,45592.0,2017-06-16 19:38:56,2017-06-16 20:13:06,28.274946571428558,112.6819990952381,13.5,0.5789839760373543,2.5,144.5,35.0
316,C1415,45605.0,45607.0,2017-06-16 20:23:56,2017-06-16 20:25:36,28.247885999999998,112.77925133333333,60.5,10.160578272560073,10.833333333333334,632.2727272727273,2.5
317,C1415,45617.0,45617.0,2017-06-16 20:33:56,2017-06-16 20:33:56,28.240652,112.84422099999999,53.55555555555556,6.735583659973062,8.333333333333334,462.02777777777777,0.8333333333333334
318,C1415,45624.0,45626.0,2017-06-16 20:39:46,2017-06-16 20:41:26,28.193434999999997,112.85595,71.33333333333333,5.5396603213919935,5.833333333333333,159.86666666666665,2.5
319,C1415,45660.0,45661.0,2017-06-16 21:10:56,2017-06-16 21:11:46,28.169567,113.04702800000001,68.33333333333333,35.994920985908294,29.5,110.79166666666667,1.6666666666666667
320,C1415,45666.0,45681.0,2017-06-16 21:15:56,2017-06-16 21:28:26,28.168904500000007,113.05673249999998,24.75,1.3406151191777291,4.166666666666667,170.25,12.5
321,C1415,45682.0,45708.0,2017-06-20 20:54:46,2017-06-20 21:18:14,28.16900100000001,113.05666985185186,0.0,0.0,0.0,0.0,23.466666666666665
322,C1415,45710.0,45713.0,2017-06-20 21:19:54,2017-06-20 21:22:24,28.171864,113.0569345,11.0,0.31693005149143405,1.6666666666666667,11.0,3.3333333333333335
323,C1415,45717.0,45717.0,2017-06-20 21:25:44,2017-06-20 21:25:44,28.170097,113.046927,40.0,1.275834972504787,3.3333333333333335,7.0,0.8333333333333334
324,C1415,45958.0,45959.0,2017-06-21 00:48:24,2017-06-21 00:49:14,26.044418500000006,113.008489,76.17916666666666,256.6779445308089,202.66666666666666,48.64140516039051,1.6666666666666667
325,C1415,45972.0,45984.0,2017-06-21 01:00:04,2017-06-21 01:10:04,26.03532776923076,112.96861415384616,42.7,5.607829435791902,10.833333333333334,326.4555555555555,10.833333333333334
326,C1415,46030.0,46032.0,2017-06-21 01:52:44,2017-06-21 01:54:24,25.792645000000004,113.01113200000002,50.53333333333333,36.08192536983198,42.666666666666664,225.79999999999998,2.5
327,C1415,46035.0,46036.0,2017-06-21 01:56:54,2017-06-21 01:57:44,25.793107499999998,113.01440549999998,18.0,0.3861149972485721,2.5,18.0,1.6666666666666667
328,C1415,46655.0,46660.0,2017-06-21 10:35:34,2017-06-21 10:39:44,25.792843333333334,113.01272833333333,7.0,0.5565700535399083,517.8333333333334,7.0,5.0
329,C1415,46663.0,46705.0,2017-06-21 10:42:14,2017-06-21 11:17:14,25.792892674418596,113.01262402325584,8.5,0.19403419646501593,2.5,0.5,35.833333333333336
330,C1415,47032.0,47032.0,2017-06-21 15:49:44,2017-06-21 15:49:44,25.793311,113.01386799999999,9.0,0.5099295462586706,272.5,9.0,0.8333333333333334
331,C1415,47039.0,47483.0,2017-06-21 15:55:34,2017-06-21 22:05:34,25.79349062022475,113.01361815955062,5.0,0.1832268566105866,5.833333333333333,5.0,370.8333333333333
332,C1415,47485.0,47485.0,2017-06-21 22:07:14,2017-06-21 22:07:14,25.792606,113.011091,12.0,0.2932694432431538,1.6666666666666667,12.0,0.8333333333333334
333,C1415,47487.0,47487.0,2017-06-21 22:08:54,2017-06-21 22:08:54,25.792676,113.010054,5.0,0.36863793654700633,1.6666666666666667,5.0,0.8333333333333334
334,C1415,47710.0,48090.0,2017-06-22 01:23:24,2017-06-22 06:40:04,27.222028309711273,112.48598420734915,68.71171171171171,219.65744900519206,194.5,235.99796176266764,317.5
335,C1415,48142.0,48151.0,2017-06-22 07:27:24,2017-06-22 07:34:54,27.663431100000004,112.75838329999999,73.27450980392157,57.17534004144169,47.333333333333336,147.72313725490196,8.333333333333334
336,C1415,48201.0,48201.0,2017-06-22 08:16:34,2017-06-22 08:16:34,28.112033,112.74706699999999,76.18367346938776,52.393202552708736,41.666666666666664,102.4030612244898,0.8333333333333334
337,C1415,48204.0,48205.0,2017-06-22 08:19:04,2017-06-22 08:19:54,28.139653999999997,112.74873500000001,75.0,3.787479066722097,2.5,72.0,1.6666666666666667
338,C1415,48222.0,48222.0,2017-06-22 08:35:44,2017-06-22 08:35:44,28.277618,112.685121,71.57142857142857,20.22795443325161,15.833333333333334,344.4175824175824,0.8333333333333334
339,C1415,48228.0,48418.0,2017-06-22 08:40:44,2017-06-22 11:22:44,28.276963795811515,112.67519229319373,27.2,1.742906435032527,5.0,215.2,162.83333333333334
340,C1415,48420.0,48650.0,2017-06-22 11:24:24,2017-06-22 14:42:44,28.278113489177482,112.67269443290037,16.0,0.3076774467082616,1.6666666666666667,16.0,199.16666666666666
341,C1415,48652.0,48652.0,2017-06-22 14:44:24,2017-06-22 14:44:24,28.277455,112.675211,15.0,0.2560355950389989,1.6666666666666667,15.0,0.8333333333333334
342,C1415,48654.0,48656.0,2017-06-22 14:46:04,2017-06-22 14:47:44,28.275271333333336,112.67443266666668,12.0,0.3140726958579981,1.6666666666666667,12.0,2.5
343,C1415,48659.0,48659.0,2017-06-22 14:50:14,2017-06-22 14:50:14,28.275192999999998,112.683621,40.0,1.300023573599608,2.5,18.0,0.8333333333333334
344,C1415,48670.0,48670.0,2017-06-22 14:59:24,2017-06-22 14:59:24,28.247736,112.77878899999999,71.9,10.349648759283001,9.166666666666666,174.76666666666665,0.8333333333333334
345,C1415,48682.0,48682.0,2017-06-22 15:12:34,2017-06-22 15:12:34,28.193608,112.85592,67.81818181818181,11.954909077063862,13.166666666666666,293.1636363636364,0.8333333333333334
346,C1415,48710.0,48711.0,2017-06-22 15:43:54,2017-06-22 15:44:44,28.169623500000007,113.04710349999999,68.62962962962963,34.96729110135522,31.333333333333332,218.01139601139602,1.6666666666666667
347,C1415,48713.0,48716.0,2017-06-22 15:46:24,2017-06-22 15:48:54,28.17178425,113.056283,65.0,0.929596349588878,1.6666666666666667,65.0,3.3333333333333335
348,C1415,48719.0,48756.0,2017-06-22 15:51:24,2017-06-22 16:22:14,28.168755131578948,113.05673005263161,11.0,0.3757584905478666,2.5,50.0,30.833333333333332
349,C1415,48757.0,48766.0,2017-07-01 06:37:43,2017-07-01 06:46:43,28.168738400000002,113.05659840000001,0.0,0.0,0.0,0.0,9.0
350,C1415,48771.0,48771.0,2017-07-01 06:51:43,2017-07-01 06:51:43,28.161065999999998,113.06306599999999,33.25,2.4215359075281073,5.0,328.9166666666667,1.0
351,C1415,48777.0,48777.0,2017-07-01 06:57:43,2017-07-01 06:57:43,28.194401,113.07361200000001,51.0,4.3914438575700405,6.0,108.5,1.0
352,C1415,48781.0,48781.0,2017-07-01 07:01:43,2017-07-01 07:01:43,28.208085999999998,113.07890800000001,32.666666666666664,1.8117117689433715,4.0,74.33333333333333,1.0
353,C1415,48784.0,48784.0,2017-07-01 07:04:43,2017-07-01 07:04:43,28.221157,113.07961200000001,24.5,2.0215017670322437,3.0,684.5,1.0
354,C1415,48788.0,48869.0,2017-07-01 07:08:43,2017-07-01 08:29:43,28.232404012195126,113.08272767073178,27.666666666666668,2.142629008883106,4.0,310.3333333333333,82.0
355,C1415,48871.0,48972.0,2017-07-01 08:31:43,2017-07-01 10:12:43,28.234431352941208,113.08218573529412,14.0,0.22661308641365424,2.0,14.0,102.0
356,C1415,48975.0,48975.0,2017-07-01 10:15:43,2017-07-01 10:15:43,28.23265,113.08273,7.0,0.2938419924656927,3.0,7.0,1.0
357,C1415,48982.0,48982.0,2017-07-01 10:22:43,2017-07-01 10:22:43,28.227518,113.075678,17.5,1.6682498506630536,7.0,264.5,1.0
358,C1415,48987.0,48987.0,2017-07-01 10:27:43,2017-07-01 10:27:43,28.227675,113.057227,29.5,2.1738103425596544,5.0,116.33333333333333,1.0
359,C1415,49030.0,49031.0,2017-07-01 11:10:43,2017-07-01 11:11:43,28.240789500000005,112.8447055,61.357142857142854,42.00310032905121,43.0,239.55226480836237,2.0
360,C1415,49040.0,49040.0,2017-07-01 11:20:43,2017-07-01 11:20:43,28.248689000000002,112.77868899999999,47.875,6.580010062593395,9.0,242.98214285714286,1.0
361,C1415,49052.0,49052.0,2017-07-01 11:32:43,2017-07-01 11:32:43,28.268628000000003,112.70576100000001,42.54545454545455,7.990405843608983,12.0,588.6727272727273,1.0
362,C1415,49054.0,49056.0,2017-07-01 11:34:43,2017-07-01 11:36:43,28.269761666666668,112.70273099999999,14.0,0.35462840237314497,2.0,14.0,3.0
363,C1415,49091.0,49093.0,2017-07-01 12:18:13,2017-07-01 12:20:13,28.527394333333334,112.44870433333334,61.85294117647059,40.887294114670006,41.5,296.3716577540107,5.5
364,C1415,49182.0,49182.0,2017-07-01 13:50:13,2017-07-01 13:50:13,29.06527100000001,111.57668999999999,75.86363636363636,112.56252062220835,90.0,64.00417972831767,1.0
365,C1415,49184.0,49184.0,2017-07-01 13:52:13,2017-07-01 13:52:13,29.06452,111.578704,17.0,0.4973559821631535,2.0,17.0,1.0
366,C1415,49195.0,49195.0,2017-07-01 14:03:13,2017-07-01 14:03:13,29.049081,111.656108,52.2,8.643976704679456,11.0,406.6222222222222,1.0
367,C1415,49197.0,49197.0,2017-07-01 14:05:13,2017-07-01 14:05:13,29.044625,111.66196299999999,27.0,1.149065209810846,2.0,27.0,1.0
368,C1415,49204.0,49309.0,2017-07-01 14:12:13,2017-07-01 15:57:13,29.042281849056604,111.66413391509438,7.0,0.8877204032743004,7.0,7.0,106.0
369,C1415,49311.0,50289.0,2017-07-01 15:59:13,2017-07-02 08:22:43,29.040359607763058,111.66528830541388,13.0,0.2226526129597027,2.0,13.0,984.5
370,C1415,50292.0,50311.0,2017-07-02 08:25:43,2017-07-02 08:46:13,29.042794750000006,111.66394180000002,6.0,0.3137607046479006,3.0,2.0,21.5
371,C1415,50316.0,50316.0,2017-07-02 08:51:13,2017-07-02 08:51:13,29.056517,111.65523600000002,24.5,1.7716302587448696,5.0,163.0,1.0
372,C1415,50321.0,50323.0,2017-07-02 08:56:13,2017-07-02 08:58:13,29.055081,111.63979333333333,20.75,1.8509855972488427,5.0,376.25,3.0
373,C1415,50331.0,50331.0,2017-07-02 09:06:13,2017-07-02 09:06:13,29.065673999999998,111.576412,54.57142857142857,6.394778941879122,8.0,295.2857142857143,1.0
374,C1415,50421.0,50421.0,2017-07-02 10:36:13,2017-07-02 10:36:13,28.495292,112.312374,72.08988764044943,108.61502972335443,90.0,35.310010214504594,1.0
375,C1415,50438.0,50438.0,2017-07-02 10:53:13,2017-07-02 10:53:13,28.463748,112.485665,72.25,21.165947820996703,17.0,51.13333333333333,1.0
376,C1415,50469.0,50470.0,2017-07-02 11:28:43,2017-07-02 11:29:43,28.247429000000004,112.77867699999999,70.56666666666666,41.446247593845065,35.5,76.7367816091954,2.0
377,C1415,50478.0,50482.0,2017-07-02 11:37:43,2017-07-02 11:41:43,28.2405774,112.8441118,57.857142857142854,6.56782711169896,8.0,124.47619047619048,5.0
378,C1415,50488.0,50490.0,2017-07-02 11:47:43,2017-07-02 11:49:43,28.193103999999995,112.85610000000001,66.4,5.562258951259371,6.0,311.8,3.0
379,C1415,50515.0,50515.0,2017-07-02 12:19:13,2017-07-02 12:19:13,28.169591999999998,113.047198,69.41666666666667,35.302191146090266,29.5,98.34057971014492,1.0
380,C1415,50520.0,50556.0,2017-07-02 12:24:13,2017-07-02 13:00:13,28.168597108108106,113.05668321621619,22.75,1.710796339804428,5.0,148.91666666666666,36.0
381,C1415,50557.0,50705.0,2017-07-04 08:59:07,2017-07-04 16:42:09,28.168652442953036,113.05668906040272,0.0,0.0,0.0,0.0,463.03333333333336
382,C1415,50706.0,50839.0,2017-07-20 14:25:00,2017-07-20 17:14:36,28.168619365671635,113.05656743283585,0.0,0.0,0.0,0.0,169.6
383,C1415,50840.0,50867.0,2017-07-24 16:05:56,2017-07-24 16:32:56,28.16856646428572,113.05672742857143,0.0,0.0,0.0,0.0,27.0
