,Index,Date and Time,Speed (km/h),Status,Position,Longitude,Latitude,Distance traveled (km),Distance_geopy
0,,2017-04-27 19:47:23,0,"ACC开,3D定位,天线正常","湖南省长沙市宁乡县银洲路,距窑家坡 约171米,距金腾科技园 约244米",112.673165,28.277603000000003,0,
1,,2017-04-27 19:47:53,0,"ACC开,3D定位,天线正常","湖南省长沙市宁乡县银洲路,距窑家坡 约171米,距金腾科技园 约243米",112.673169,28.277604999999998,0,0.4504302144744135
2,,2017-04-27 19:48:23,0,"ACC开,3D定位,天线正常","湖南省长沙市宁乡县银洲路,距窑家坡 约171米,距金腾科技园 约243米",112.67317,28.27761,0,0.5645334712538939
3,,2017-04-27 19:48:53,0,"ACC开,3D定位,天线正常","湖南省长沙市宁乡县银洲路,距窑家坡 约171米,距金腾科技园 约242米",112.67317,28.277612,0,0.2223901679740523
4,,2017-04-27 19:49:23,0,"ACC开,3D定位,天线正常","湖南省长沙市宁乡县银洲路,距窑家坡 约169米,距金腾科技园 约242米",112.673158,28.277621999999997,1,1.6178084709172142
5,,2017-04-27 19:49:53,0,"ACC开,3D定位,天线正常","湖南省长沙市宁乡县银洲路,距窑家坡 约172米,距金腾科技园 约246米",112.673162,28.277581,4,4.575794652369476
6,,2017-04-27 19:50:23,0,"ACC开,3D定位,天线正常","湖南省长沙市宁乡县银洲路,距窑家坡 约172米,距金腾科技园 约247米",112.67315900000001,28.277571999999996,1,1.0429844170749012
7,,2017-04-27 19:50:53,0,"ACC开,3D定位,天线正常","湖南省长沙市宁乡县银洲路,距窑家坡 约172米,距金腾科技园 约247米",112.673157,28.277572999999997,0,0.22521515839736322
8,,2017-04-27 19:51:23,0,"ACC开,3D定位,天线正常","湖南省长沙市宁乡县银洲路,距窑家坡 约172米,距金腾科技园 约247米",112.673157,28.277572999999997,0,0.0
9,,2017-04-27 19:51:53,0,"ACC开,3D定位,天线正常","湖南省长沙市宁乡县银洲路,距窑家坡 约172米,距金腾科技园 约247米",112.673157,28.277573999999998,0,0.1111950838101951
10,,2017-04-27 19:52:23,0,"ACC开,3D定位,天线正常","湖南省长沙市宁乡县银洲路,距窑家坡 约172米,距金腾科技园 约247米",112.67315900000001,28.277573999999998,0,0.195850758953009
11,,2017-04-27 19:52:53,0,"ACC开,3D定位,天线正常","湖南省长沙市宁乡县银洲路,距窑家坡 约172米,距金腾科技园 约247米",112.67315900000001,28.277575,0,0.11119508416385716
12,,2017-04-27 19:53:23,0,"ACC开,3D定位,天线正常","湖南省长沙市宁乡县银洲路,距窑家坡 约172米,距金腾科技园 约247米",112.67316000000001,28.277575,0,0.09792537855710073
13,,2017-04-27 19:53:53,0,"ACC开,3D定位,天线正常","湖南省长沙市宁乡县银洲路,距窑家坡 约172米,距金腾科技园 约247米",112.67315900000001,28.277576,0,0.14816789919026604
14,,2017-04-27 19:54:23,0,"ACC开,3D定位,天线正常","湖南省长沙市宁乡县银洲路,距窑家坡 约172米,距金腾科技园 约246米",112.67316000000001,28.277577,0,0.14816789831721291
15,,2017-04-27 19:54:53,0,"ACC开,3D定位,天线正常","湖南省长沙市宁乡县银洲路,距窑家坡 约172米,距金腾科技园 约246米",112.67316000000001,28.277577,0,0.0
16,,2017-04-27 19:55:23,0,"ACC开,3D定位,天线正常","湖南省长沙市宁乡县银洲路,距窑家坡 约172米,距金腾科技园 约246米",112.67316100000001,28.277577,0,0.0979253754724651
17,,2017-04-27 19:55:53,0,"ACC开,3D定位,天线正常","湖南省长沙市宁乡县银洲路,距窑家坡 约172米,距金腾科技园 约246米",112.673162,28.277577,0,0.09792537671829317
18,,2017-04-27 19:56:23,0,"ACC开,3D定位,天线正常","湖南省长沙市宁乡县银洲路,距窑家坡 约172米,距金腾科技园 约246米",112.673162,28.277578000000002,0,0.11119508416385716
19,,2017-04-27 19:56:53,0,"ACC开,3D定位,天线正常","湖南省长沙市宁乡县银洲路,距窑家坡 约172米,距金腾科技园 约246米",112.67316299999999,28.277578000000002,0,0.09792537330723321
20,,2017-04-27 19:57:23,0,"ACC开,3D定位,天线正常","湖南省长沙市宁乡县银洲路,距窑家坡 约172米,距金腾科技园 约246米",112.67316299999999,28.277579,0,0.11119508310287102
21,,2017-04-27 19:57:53,0,"ACC开,3D定位,天线正常","湖南省长沙市宁乡县银洲路,距窑家坡 约172米,距金腾科技园 约246米",112.67316399999999,28.27758,0,0.14816789675969996
22,,2017-04-27 19:58:23,0,"ACC开,3D定位,天线正常","湖南省长沙市宁乡县银洲路,距窑家坡 约172米,距金腾科技园 约246米",112.673165,28.277581,0,0.14816789668288166
23,,2017-04-27 19:58:53,0,"ACC开,3D定位,天线正常","湖南省长沙市宁乡县银洲路,距窑家坡 约172米,距金腾科技园 约246米",112.67316399999999,28.277581,0,0.09792537304067765
24,,2017-04-27 19:59:23,0,"ACC开,3D定位,天线正常","湖南省长沙市宁乡县银洲路,距窑家坡 约172米,距金腾科技园 约246米",112.67316299999999,28.27758,0,0.1481678966060633
25,,2017-04-27 19:59:53,0,"ACC开,3D定位,天线正常","湖南省长沙市宁乡县银洲路,距窑家坡 约172米,距金腾科技园 约246米",112.673162,28.27758,0,0.0979253714684255
26,,2017-04-27 20:00:23,0,"ACC开,3D定位,天线正常","湖南省长沙市宁乡县银洲路,距窑家坡 约172米,距金腾科技园 约246米",112.673162,28.27758,0,0.0
27,,2017-04-27 20:00:53,0,"ACC开,3D定位,天线正常","湖南省长沙市宁乡县银洲路,距窑家坡 约172米,距金腾科技园 约246米",112.67316299999999,28.27758,0,0.0979253714684255
28,,2017-04-27 20:01:23,0,"ACC开,3D定位,天线正常","湖南省长沙市宁乡县银洲路,距窑家坡 约172米,距金腾科技园 约246米",112.673162,28.27758,0,0.0979253714684255
29,,2017-04-27 20:01:53,0,"ACC开,3D定位,天线正常","湖南省长沙市宁乡县银洲路,距窑家坡 约172米,距金腾科技园 约246米",112.67316100000001,28.277582000000002,0,0.24299540193622013
30,,2017-04-27 20:02:23,0,"ACC开,3D定位,天线正常","湖南省长沙市宁乡县银洲路,距窑家坡 约171米,距金腾科技园 约246米",112.67316100000001,28.277583,0,0.11119508381019512
31,,2017-04-27 20:02:53,0,"ACC开,3D定位,天线正常","湖南省长沙市宁乡县银洲路,距窑家坡 约171米,距金腾科技园 约246米",112.67316100000001,28.277583,0,0.0
32,,2017-04-27 20:03:23,0,"ACC开,3D定位,天线正常","湖南省长沙市宁乡县银洲路,距窑家坡 约171米,距金腾科技园 约246米",112.67316100000001,28.277585,0,0.22239016726672822
33,,2017-04-27 20:03:53,0,"ACC开,3D定位,天线正常","湖南省长沙市宁乡县银洲路,距窑家坡 约171米,距金腾科技园 约246米",112.67316100000001,28.277585,0,0.0
34,,2017-04-27 20:04:23,0,"ACC开,3D定位,天线正常","湖南省长沙市宁乡县银洲路,距窑家坡 约171米,距金腾科技园 约245米",112.673162,28.277586,0,0.1481678928484388
35,,2017-04-27 20:04:53,0,"ACC开,3D定位,天线正常","湖南省长沙市宁乡县银洲路,距窑家坡 约171米,距金腾科技园 约245米",112.673162,28.277587,0,0.11119508381019512
36,,2017-04-27 20:05:23,0,"ACC开,3D定位,天线正常","湖南省长沙市宁乡县银洲路,距窑家坡 约171米,距金腾科技园 约245米",112.67316100000001,28.277587,0,0.09792536752425343
37,,2017-04-27 20:05:53,0,"ACC开,3D定位,天线正常","湖南省长沙市宁乡县银洲路,距窑家坡 约171米,距金腾科技园 约245米",112.67316100000001,28.277588,0,0.11119508345653306
38,,2017-04-27 20:06:23,0,"ACC开,3D定位,天线正常","湖南省长沙市宁乡县银洲路,距窑家坡 约171米,距金腾科技园 约245米",112.673162,28.277589000000003,0,0.14816789155633703
39,,2017-04-27 20:06:53,0,"ACC开,3D定位,天线正常","湖南省长沙市宁乡县银洲路,距窑家坡 约171米,距金腾科技园 约245米",112.67316100000001,28.277589000000003,0,0.0979253656854451
40,,2017-04-27 20:07:23,0,"ACC开,3D定位,天线正常","湖南省长沙市宁乡县银洲路,距窑家坡 约171米,距金腾科技园 约245米",112.67316000000001,28.277590000000004,0,0.14816788985990587
41,,2017-04-27 20:07:53,0,"ACC开,3D定位,天线正常","湖南省长沙市宁乡县银洲路,距窑家坡 约171米,距金腾科技园 约245米",112.67315900000001,28.277590999999997,0,0.14816788954481874
42,,2017-04-27 20:08:23,0,"ACC开,3D定位,天线正常","湖南省长沙市宁乡县银洲路,距窑家坡 约171米,距金腾科技园 约245米",112.67315900000001,28.277592,0,0.11119508416385715
43,,2017-04-27 20:08:53,0,"ACC开,3D定位,天线正常","湖南省长沙市宁乡县银洲路,距窑家坡 约171米,距金腾科技园 约245米",112.67316100000001,28.277592,0,0.19585072460863703
44,,2017-04-27 20:09:23,0,"ACC开,3D定位,天线正常","湖南省长沙市宁乡县银洲路,距窑家坡 约171米,距金腾科技园 约245米",112.67316100000001,28.277593,0,0.11119508345653306
45,,2017-04-27 20:09:53,0,"ACC开,3D定位,天线正常","湖南省长沙市宁乡县银洲路,距窑家坡 约171米,距金腾科技园 约245米",112.673162,28.277592,0,0.14816788851812834
46,,2017-04-27 20:10:23,0,"ACC开,3D定位,天线正常","湖南省长沙市宁乡县银洲路,距窑家坡 约172米,距金腾科技园 约245米",112.673165,28.277589000000003,0,0.4445036678538481
47,,2017-04-27 20:10:53,0,"ACC开,3D定位,天线正常","湖南省长沙市宁乡县银洲路,距窑家坡 约169米,距金腾科技园 约245米",112.67314499999999,28.277603000000003,2,2.5018317903119773
48,,2017-04-27 20:11:23,0,"ACC开,3D定位,天线正常","湖南省长沙市宁乡县银洲路,距窑家坡 约168米,距金腾科技园 约244米",112.67313700000001,28.277615,1,1.5473156825250114
49,,2017-04-27 20:11:53,0,"ACC开,3D定位,天线正常","湖南省长沙市宁乡县银洲路,距窑家坡 约170米,距金腾科技园 约244米",112.67315500000001,28.277599,2,2.5044420320184595
50,,2017-04-27 20:12:23,0,"ACC开,3D定位,天线正常","湖南省长沙市宁乡县银洲路,距窑家坡 约170米,距金腾科技园 约244米",112.67315900000001,28.2776,0,0.40717852518931313
51,,2017-04-27 20:12:53,0,"ACC开,3D定位,天线正常","湖南省长沙市宁乡县银洲路,距窑家坡 约171米,距金腾科技园 约244米",112.67316100000001,28.277601,0,0.225215112540363
52,,2017-04-27 20:13:23,0,"ACC开,3D定位,天线正常","湖南省长沙市宁乡县银洲路,距窑家坡 约170米,距金腾科技园 约244米",112.67316100000001,28.277603000000003,0,0.2223901679740523
53,,2017-04-27 20:13:53,0,"ACC开,3D定位,天线正常","湖南省长沙市宁乡县银洲路,距窑家坡 约170米,距金腾科技园 约244米",112.67316000000001,28.277603000000003,0,0.09792535156795591
54,,2017-04-27 20:14:23,0,"ACC开,3D定位,天线正常","湖南省长沙市宁乡县银洲路,距窑家坡 约170米,距金腾科技园 约244米",112.67315900000001,28.277603999999997,0,0.1481678813800632
55,,2017-04-27 20:14:53,0,"ACC开,3D定位,天线正常","湖南省长沙市宁乡县银洲路,距窑家坡 约170米,距金腾科技园 约244米",112.673158,28.277603999999997,0,0.09792535189437905
56,,2017-04-27 20:15:23,0,"ACC开,3D定位,天线正常","湖南省长沙市宁乡县银洲路,距窑家坡 约170米,距金腾科技园 约244米",112.673158,28.277603999999997,0,0.0
57,,2017-04-27 20:15:53,0,"ACC开,3D定位,天线正常","湖南省长沙市宁乡县银洲路,距窑家坡 约170米,距金腾科技园 约244米",112.673157,28.277603999999997,0,0.09792535189437905
58,,2017-04-27 20:16:23,0,"ACC开,3D定位,天线正常","湖南省长沙市宁乡县银洲路,距窑家坡 约169米,距金腾科技园 约244米",112.673144,28.277612,1,1.553036494342712
59,,2017-04-27 20:16:53,0,"ACC开,3D定位,天线正常","湖南省长沙市宁乡县银洲路,距窑家坡 约166米,距金腾科技园 约242米",112.673129,28.277642999999998,3,3.746964827228431
60,,2017-04-27 20:17:23,0,"ACC开,3D定位,天线正常","湖南省长沙市宁乡县银洲路,距窑家坡 约158米,距金腾科技园 约239米",112.673076,28.277703000000002,8,8.452701693273369
61,,2017-04-27 20:17:53,0,"ACC开,3D定位,天线正常","湖南省长沙市宁乡县银洲路,距窑家坡 约158米,距金腾科技园 约239米",112.673073,28.277703999999996,0,0.3141155127700958
62,,2017-04-27 20:18:23,0,"ACC开,3D定位,天线正常","湖南省长沙市宁乡县银洲路,距窑家坡 约158米,距金腾科技园 约239米",112.67307,28.277703000000002,0,0.31411551269436117
63,,2017-04-27 20:18:53,0,"ACC开,3D定位,天线正常","湖南省长沙市宁乡县银洲路,距窑家坡 约159米,距金腾科技园 约239米",112.673077,28.277694,1,1.2130089012044585
64,,2017-04-27 20:19:23,0,"ACC开,3D定位,天线正常","湖南省长沙市宁乡县银洲路,距窑家坡 约162米,距金腾科技园 约241米",112.673101,28.277659999999997,4,4.451590371944539
65,,2017-04-27 20:19:53,0,"ACC开,3D定位,天线正常","湖南省长沙市宁乡县银洲路,距窑家坡 约163米,距金腾科技园 约241米",112.673103,28.277659000000003,0,0.22521501746985564
66,,2017-04-27 20:20:23,0,"ACC开,3D定位,天线正常","湖南省长沙市宁乡县银洲路,距窑家坡 约162米,距金腾科技园 约241米",112.673099,28.277668,1,1.0746822309125552
67,,2017-04-27 20:20:53,0,"ACC开,3D定位,天线正常","湖南省长沙市宁乡县银洲路,距窑家坡 约162米,距金腾科技园 约240米",112.67310400000001,28.277671999999995,0,0.6614859129100615
68,,2017-04-27 20:21:23,0,"ACC开,3D定位,天线正常","湖南省长沙市宁乡县银洲路,距窑家坡 约162米,距金腾科技园 约241米",112.673098,28.277661,1,1.3569462110217387
69,,2017-04-27 20:21:53,0,"ACC开,3D定位,天线正常","湖南省长沙市宁乡县银洲路,距窑家坡 约162米,距金腾科技园 约242米",112.673096,28.277659000000003,0,0.29633569410434535
70,,2017-04-27 20:22:23,0,"ACC开,3D定位,天线正常","湖南省长沙市宁乡县银洲路,距窑家坡 约162米,距金腾科技园 约241米",112.673101,28.277659999999997,0,0.5020940726451557
71,,2017-04-27 20:22:53,0,"ACC开,3D定位,天线正常","湖南省长沙市宁乡县银洲路,距窑家坡 约163米,距金腾科技园 约242米",112.673103,28.277657,0,0.386828874045944
72,,2017-04-27 20:23:23,0,"ACC开,3D定位,天线正常","湖南省长沙市宁乡县银洲路,距窑家坡 约162米,距金腾科技园 约242米",112.6731,28.277657,0,0.29377590700602124
73,,2017-04-27 20:23:53,0,"ACC开,3D定位,天线正常","湖南省长沙市宁乡县银洲路,距窑家坡 约162米,距金腾科技园 约242米",112.673099,28.277658000000002,0,0.14816785045239786
74,,2017-04-27 20:24:23,0,"ACC开,3D定位,天线正常","湖南省长沙市宁乡县银洲路,距窑家坡 约162米,距金腾科技园 约242米",112.673099,28.277658000000002,0,0.0
75,,2017-04-27 20:24:53,0,"ACC开,3D定位,天线正常","湖南省长沙市宁乡县银洲路,距窑家坡 约162米,距金腾科技园 约242米",112.673097,28.277658000000002,0,0.19585060324714415
76,,2017-04-27 20:25:23,0,"ACC开,3D定位,天线正常","湖南省长沙市宁乡县银洲路,距窑家坡 约162米,距金腾科技园 约242米",112.673096,28.277658000000002,0,0.09792530100065851
77,,2017-04-27 20:25:53,0,"ACC开,3D定位,天线正常","湖南省长沙市宁乡县银洲路,距窑家坡 约162米,距金腾科技园 约242米",112.67309499999999,28.277657,0,0.14816785037557842
78,,2017-04-27 20:26:23,0,"ACC开,3D定位,天线正常","湖南省长沙市宁乡县银洲路,距窑家坡 约162米,距金腾科技园 约242米",112.673093,28.277656,0,0.22521502279087752
79,,2017-04-27 20:26:53,0,"ACC开,3D定位,天线正常","湖南省长沙市宁乡县银洲路,距窑家坡 约162米,距金腾科技园 约242米",112.67309399999999,28.277656,0,0.09792530408529805
80,,2017-04-27 20:27:23,0,"ACC开,3D定位,天线正常","湖南省长沙市宁乡县银洲路,距窑家坡 约162米,距金腾科技园 约242米",112.673096,28.277657,0,0.22521502407642527
81,,2017-04-27 20:27:53,0,"ACC开,3D定位,天线正常","湖南省长沙市宁乡县银洲路,距窑家坡 约163米,距金腾科技园 约241米",112.67310400000001,28.277662,0,0.9606393670845251
82,,2017-04-27 20:28:23,0,"ACC开,3D定位,天线正常","湖南省长沙市宁乡县银洲路,距窑家坡 约161米,距金腾科技园 约242米",112.67308999999999,28.277663,1,1.375456172460176
83,,2017-04-27 20:28:53,0,"ACC开,3D定位,天线正常","湖南省长沙市宁乡县银洲路,距窑家坡 约162米,距金腾科技园 约241米",112.67309399999999,28.277665000000002,0,0.4504300227618622
84,,2017-04-27 20:29:23,0,"ACC开,3D定位,天线正常","湖南省长沙市宁乡县银洲路,距窑家坡 约161米,距金腾科技园 约241米",112.673093,28.277665000000002,0,0.0979252958106412
85,,2017-04-27 20:29:53,0,"ACC开,3D定位,天线正常","湖南省长沙市宁乡县银洲路,距窑家坡 约161米,距金腾科技园 约241米",112.673092,28.277665999999996,0,0.1481678434136774
86,,2017-04-27 20:30:23,6,"ACC开,3D定位,天线正常","湖南省长沙市宁乡县银洲路,距窑家坡 约169米,距金腾科技园 约221米",112.673243,28.277802,21,21.15036049414692
87,,2017-04-27 20:30:53,19,"ACC开,3D定位,天线正常","湖南省长沙市宁乡县银洲路,距金腾科技园 约197米,距窑家坡 约272米",112.67430800000001,28.277744000000002,104,104.48955642644019
88,,2017-04-27 20:31:23,0,"ACC开,3D定位,天线正常","湖南省长沙市宁乡县金水路,距金腾科技园 约244米,距龙桥安置区 约251米",112.67523100000001,28.277449,96,96.15339109021487
89,,2017-04-27 20:31:53,0,"ACC开,3D定位,天线正常","湖南省长沙市宁乡县金水路,距金腾科技园 约245米,距龙桥安置区 约250米",112.675247,28.277442999999998,1,1.7029397003158648
90,,2017-04-27 20:32:23,16,"ACC开,3D定位,天线正常","湖南省长沙市宁乡县,距龙桥安置区 约219米,距金腾科技园 约312米",112.675075,28.276767,77,77.03184007020238
91,,2017-04-27 20:32:53,28,"ACC开,3D定位,天线正常","湖南省长沙市宁乡县金沙路,距洪家老屋 约249米,距龙桥安置区 约280米",112.67436399999998,28.275039000000003,204,204.37105043187108
92,,2017-04-27 20:33:23,25,"ACC开,3D定位,天线正常","湖南省长沙市宁乡县金沙路,距洪家老屋 约302米,距邦普循环科技园 约399米",112.67309399999999,28.274358000000003,145,145.60785574364576
93,,2017-04-27 20:33:53,28,"ACC开,3D定位,天线正常","湖南省长沙市宁乡县金沙路,距邦普循环科技园 约176米,距窑家坡 约384米",112.670869,28.274902,226,226.13072173191927
94,,2017-04-27 20:34:23,31,"ACC开,3D定位,天线正常","湖南省长沙市宁乡县金沙路,距邦普循环科技园 约108米,距湖南邦普循环科技有限公司 约147米",112.66815600000001,28.275467,273,273.004669769908
95,,2017-04-27 20:34:53,30,"ACC开,3D定位,天线正常","湖南省长沙市宁乡县金洲北路,距刘家冲 约106米,距湖南邦普循环科技有限公司 约112米",112.66565800000001,28.276040999999996,252,252.8113311307743
96,,2017-04-27 20:35:23,31,"ACC开,3D定位,天线正常","湖南省长沙市宁乡县金沙路,距袁家巷子 约94米,距红宇新材工程技术研究中心 约92米",112.66311999999999,28.276674,258,258.31206339505184
97,,2017-04-27 20:35:53,38,"ACC开,3D定位,天线正常","湖南省长沙市宁乡县金沙路,距中南大学抗磨材料研究所 约146米,距袁家巷子 约287米",112.659947,28.277528999999998,324,324.93799218530546
98,,2017-04-27 20:36:23,24,"ACC开,3D定位,天线正常","湖南省长沙市宁乡县金沙路,距罗家塘 约190米,距中南大学抗磨材料研究所 约235米",112.656801,28.278315000000003,320,320.2298338850118
99,,2017-04-27 20:36:53,10,"ACC开,3D定位,天线正常","湖南省长沙市宁乡县金沙路,距罗家塘 约212米,距崔家冲 约276米",112.655854,28.278965000000003,117,117.5738341797571
100,,2017-04-27 20:37:23,0,"ACC开,3D定位,天线正常","湖南省长沙市宁乡县樟树坡路,距崔家冲 约199米,距罗家塘 约342米",112.656287,28.280078000000003,130,130.82204256469353
101,,2017-04-27 20:37:53,19,"ACC开,3D定位,天线正常","湖南省长沙市宁乡县樟树坡路,距崔家冲 约177米,距刘家老屋 约342米",112.656442,28.280672999999997,67,67.87975067837391
102,,2017-04-27 20:38:23,28,"ACC开,3D定位,天线正常","湖南省长沙市宁乡县金水路,距南竹山 约243米,距崔家冲 约260米",112.65698700000002,28.282555,215,215.96676965192142
103,,2017-04-27 20:38:53,36,"ACC开,3D定位,天线正常","湖南省长沙市宁乡县金水路,距南竹山 约30米,距金洲中心幼儿园 约285米",112.65873700000002,28.28377,218,218.21308734055003
104,,2017-04-27 20:39:23,47,"ACC开,3D定位,天线正常","湖南省长沙市宁乡县金水路,距刘家老屋 约233米,距全民安置区 约221米",112.65651799999999,28.283136,228,228.43476731144168
105,,2017-04-27 20:39:53,64,"ACC开,3D定位,天线正常","湖南省长沙市宁乡县金水西路,距刘家老屋 约245米,距小塘村 约407米",112.652199,28.284369,444,444.5836545691284
106,,2017-04-27 20:40:23,79,"ACC开,3D定位,天线正常","湖南省长沙市宁乡县X077,距阿公岭 约490米,距五家咀 约479米",112.64611799999999,28.286902,658,658.6945678116301
107,,2017-04-27 20:40:53,77,"ACC开,3D定位,天线正常","湖南省长沙市宁乡县,距响水坝 约157米,距五家咀 约161米",112.64086100000002,28.290097999999997,625,625.5020175557472
108,,2017-04-27 20:41:23,68,"ACC开,3D定位,天线正常","湖南省长沙市宁乡县,距马景塘 约290米,距峡山湾村 约322米",112.636126,28.29328,583,583.2063133395421
109,,2017-04-27 20:41:53,65,"ACC开,3D定位,天线正常","湖南省长沙市宁乡县,距竹山湾 约247米,距熊家洲 约298米",112.631524,28.296439000000003,571,571.3222548450327
110,,2017-04-27 20:42:23,65,"ACC开,3D定位,天线正常","湖南省长沙市宁乡县X073,距渔场 约239米,距竹山湾 约285米",112.62720300000001,28.299342,532,532.1417014089338
111,,2017-04-27 20:42:53,66,"ACC开,3D定位,天线正常","湖南省长沙市宁乡县,距花门楼 约136米,距茶庵寺村 约259米",112.62262,28.302369,560,560.9076141351368
112,,2017-04-27 20:43:23,65,"ACC开,3D定位,天线正常","湖南省长沙市宁乡县谐园路,距崔家冲 约259米,距茶庵寺村 约405米",112.61783500000001,28.304817,541,541.8017760591001
113,,2017-04-27 20:43:53,61,"ACC开,3D定位,天线正常","湖南省长沙市宁乡县,距杨家屋场 约212米,距崔家冲 约387米",112.612808,28.306821999999997,540,540.284214500868
114,,2017-04-27 20:44:23,57,"ACC开,3D定位,天线正常","湖南省长沙市宁乡县,距石头坑 约57米,距石家冲 约338米",112.60816000000001,28.308548,493,493.8473389293691
115,,2017-04-27 20:44:53,44,"ACC开,3D定位,天线正常","湖南省长沙市宁乡县,距干冲子 约149米,距石家冲 约322米",112.604225,28.310048,419,419.7801934898545
116,,2017-04-27 20:45:23,38,"ACC开,3D定位,天线正常","湖南省长沙市宁乡县,距干冲子 约207米,距赵子龙 约346米",112.600828,28.311173999999998,355,355.33854169156405
117,,2017-04-27 20:45:53,42,"ACC开,3D定位,天线正常","湖南省长沙市宁乡县,距赵子龙 约268米,距张家水碓 约444米",112.59753799999999,28.312116999999997,338,338.71072665710966
118,,2017-04-27 20:46:23,51,"ACC开,3D定位,天线正常","湖南省长沙市宁乡县,距任家铺子 约381米,距腊山冲 约445米",112.593602,28.313004,397,397.7308644326213
119,,2017-04-27 20:46:53,54,"ACC开,3D定位,天线正常","湖南省长沙市宁乡县,距任家铺子 约71米,距泉冲 约516米",112.589174,28.313997999999998,447,447.3368521320895
120,,2017-04-27 20:47:23,55,"ACC开,3D定位,天线正常","湖南省长沙市宁乡县,距泉冲 约73米,距正源尚峰尚水 约345米",112.58464,28.315015999999996,458,458.0470239066988
121,,2017-04-27 20:47:53,59,"ACC开,3D定位,天线正常","湖南省长沙市宁乡县宁乡大道辅路,距龙家屋场 约227米,距宝塔屋场 约370米",112.57996299999999,28.316071,472,472.624011851352
122,,2017-04-27 20:48:23,70,"ACC开,3D定位,天线正常","湖南省长沙市宁乡县蓝月谷西路辅路,距龙家屋场 约349米,距佘公塘冲 约472米",112.574467,28.317312,555,555.4153384578068
123,,2017-04-27 20:48:53,76,"ACC开,3D定位,天线正常","湖南省长沙市宁乡县蓝月谷西路辅路,距学堂屋场 约168米,距长槐村 约378米",112.568316,28.318848,625,625.8652779947164
124,,2017-04-27 20:49:23,65,"ACC开,3D定位,天线正常","湖南省长沙市宁乡县蓝月谷西路辅路,距朱家湾 约126米,距长槐村 约381米",112.562794,28.321089,595,595.2023816739152
125,,2017-04-27 20:49:53,57,"ACC开,3D定位,天线正常","湖南省长沙市宁乡县蓝月谷西路辅路,距顶塘 约112米,距大梅家冲 约289米",112.55891100000001,28.323477,463,463.6512392287655
126,,2017-04-27 20:50:23,65,"ACC开,3D定位,天线正常","湖南省益阳市赫山区,距王家坡 约176米,距亚超平安保险服务点 约318米",112.55510500000001,28.326465000000002,499,499.17455576388863
127,,2017-04-27 20:50:53,72,"ACC开,3D定位,天线正常","湖南省益阳市赫山区,距卢家冲 约439米,距王家坡 约496米",112.550504,28.330209999999997,613,613.3646260597138
128,,2017-04-27 20:51:23,80,"ACC开,3D定位,天线正常","湖南省益阳市赫山区,距学田湾 约176米,距印子湾 约256米",112.54566399999999,28.334188,648,648.124849860936
129,,2017-04-27 20:51:53,79,"ACC开,3D定位,天线正常","湖南省益阳市赫山区,距周家坝 约104米,距学田湾 约699米",112.54143400000001,28.338848,663,663.2427762112994
130,,2017-04-27 20:52:23,74,"ACC开,3D定位,天线正常","湖南省益阳市赫山区X022,距李家湾 约272米,距河头湾 约551米",112.53838200000001,28.343992999999998,645,645.3774074840555
131,,2017-04-27 20:52:53,61,"ACC开,3D定位,天线正常","湖南省益阳市赫山区,距黄家冲 约286米,距李家湾 约467米",112.53579599999999,28.348716999999997,583,583.0694869419775
132,,2017-04-27 20:53:23,53,"ACC开,3D定位,天线正常","湖南省益阳市赫山区,距黄家冲 约196米,距熊家湾 约322米",112.53371399999999,28.35261,478,478.4322763232517
133,,2017-04-27 20:53:53,58,"ACC开,3D定位,天线正常","湖南省益阳市赫山区,距铁炉冲 约369米,距熊家湾 约429米",112.53208799999999,28.356474,458,458.17276721449934
134,,2017-04-27 20:54:23,64,"ACC开,3D定位,天线正常","湖南省益阳市赫山区,距仙峰寺村 约424米,距铁炉冲 约703米",112.530869,28.361036,521,521.1070485388389
135,,2017-04-27 20:54:53,68,"ACC开,3D定位,天线正常","湖南省益阳市赫山区,距枫树山 约241米,距木家塘村 约677米",112.53018,28.366208,579,579.0388988710032
136,,2017-04-27 20:55:23,65,"ACC开,3D定位,天线正常","湖南省益阳市赫山区,距木家塘村 约155米,距枫树山 约414米",112.529468,28.371140999999998,552,552.9312898694037
137,,2017-04-27 20:55:53,73,"ACC开,3D定位,天线正常","湖南省益阳市赫山区,距长冲 约176米,距木家塘村 约459米",112.52783400000001,28.376214,586,586.3083629419991
138,,2017-04-27 20:56:23,78,"ACC开,3D定位,天线正常","湖南省益阳市赫山区,距邓家塘 约438米,距王家湾 约441米",112.525056,28.3816,657,657.6779390704037
139,,2017-04-27 20:56:53,73,"ACC开,3D定位,天线正常","湖南省益阳市赫山区,距王家湾 约169米,距唐家坪 约489米",112.523408,28.386756,595,595.558211238594
140,,2017-04-27 20:57:23,72,"ACC开,3D定位,天线正常","湖南省益阳市赫山区,距唐家坪 约238米,距谭家屋场 约273米",112.521212,28.391893,610,610.2677303211748
141,,2017-04-27 20:57:53,77,"ACC开,3D定位,天线正常","湖南省益阳市赫山区,距徐家湾 约319米,距余家台 约617米",112.517599,28.396722999999998,642,642.9225456198922
142,,2017-04-27 20:58:23,68,"ACC开,3D定位,天线正常","湖南省益阳市赫山区,距徐家湾 约315米,距泥鳅塘 约521米",112.514927,28.401548,596,596.7892451521972
143,,2017-04-27 20:58:53,59,"ACC开,3D定位,天线正常","湖南省益阳市赫山区,距围子屋场 约488米,距樟树咀村 约589米",112.5131,28.405812,506,506.69276238440955
144,,2017-04-27 20:59:23,60,"ACC开,3D定位,天线正常","湖南省益阳市赫山区,距围子屋场 约385米,距伞匠湾 约463米",112.51123,28.409914,491,491.42489958840315
145,,2017-04-27 20:59:53,74,"ACC开,3D定位,天线正常","湖南省益阳市赫山区,距喻家冲 约246米,距伞匠湾 约401米",112.50856499999999,28.414365999999998,559,559.4628531590029
146,,2017-04-27 21:00:23,74,"ACC开,3D定位,天线正常","湖南省益阳市赫山区,距汤家湾 约188米,距高家拐 约255米",112.50517099999999,28.419279,639,639.2325908196889
147,,2017-04-27 21:00:53,69,"ACC开,3D定位,天线正常","湖南省益阳市赫山区,距哲士公 约399米,距汤家湾 约570米",112.501985,28.423942999999998,605,605.0079041178002
148,,2017-04-27 21:01:23,69,"ACC开,3D定位,天线正常","湖南省益阳市赫山区,距梅家塘 约553米,距白毛冲 约557米",112.49886200000002,28.428476,589,589.3459708905301
149,,2017-04-27 21:01:53,73,"ACC开,3D定位,天线正常","湖南省益阳市赫山区,距黄家塘 约256米,距新塘 约424米",112.49606000000001,28.433153000000004,587,587.8205005470383
150,,2017-04-27 21:02:23,72,"ACC开,3D定位,天线正常","湖南省益阳市赫山区鱼形山路,距神庵塘 约247米,距黄家塘 约381米",112.493495,28.438240000000004,618,618.758639379228
151,,2017-04-27 21:02:53,68,"ACC开,3D定位,天线正常","湖南省益阳市赫山区,距益阳市臻盛精密制造有限公司 约92米,距湖南友欣仪器设备有限公司 约186米",112.491275,28.443109000000003,583,583.2999601369521
152,,2017-04-27 21:03:23,69,"ACC开,3D定位,天线正常","湖南省益阳市赫山区欧家冲路,距雪花湾 约130米,距湖南科严铝业有限公司 约145米",112.489398,28.44797,570,570.8230687578047
153,,2017-04-27 21:03:53,70,"ACC开,3D定位,天线正常","湖南省益阳市赫山区高新大道,距湖南润邦工程机械有限公司 约332米,距胡家坳 约369米",112.48813,28.453163,590,590.5931479315775
154,,2017-04-27 21:04:23,66,"ACC开,3D定位,天线正常","湖南省益阳市赫山区,距龙塘 约177米,距东建混凝土 约357米",112.48705700000001,28.458371000000003,588,588.5277831988636
155,,2017-04-27 21:04:53,69,"ACC开,3D定位,天线正常","湖南省益阳市赫山区,距马头屋场 约391米,距石子塘 约446米",112.485984,28.463478000000002,577,577.4794508334627
156,,2017-04-27 21:05:23,72,"ACC开,3D定位,天线正常","湖南省益阳市赫山区,距排子冲 约138米,距朱家村 约479米",112.484727,28.468625,585,585.3626111045439
157,,2017-04-27 21:05:53,76,"ACC开,3D定位,天线正常","湖南省益阳市赫山区,距朱家村 约203米,距仓成湾 约512米",112.482879,28.474055,630,630.2307779090005
158,,2017-04-27 21:06:23,68,"ACC开,3D定位,天线正常","湖南省益阳市赫山区,距仓成湾 约119米,距朱家冲村 约593米",112.48076699999999,28.479025,589,589.9357318135802
159,,2017-04-27 21:06:53,66,"ACC开,3D定位,天线正常","湖南省益阳市赫山区,距高古洲 约301米,距张家湾 约515米",112.47848300000001,28.483635999999997,559,559.2092577562809
160,,2017-04-27 21:07:23,81,"ACC开,3D定位,天线正常","湖南省益阳市赫山区,距高古洲 约359米,距黄皋塅村 约379米",112.47588300000001,28.488985999999997,646,646.8910467072839
161,,2017-04-27 21:07:53,82,"ACC开,3D定位,天线正常","湖南省益阳市赫山区,距吊牛咀 约238米,距苏家村 约383米",112.4729,28.494684000000003,697,697.4386622080677
162,,2017-04-27 21:08:23,70,"ACC开,3D定位,天线正常","湖南省益阳市赫山区,距苏家村 约314米,距磨田公 约556米",112.469563,28.499509999999997,627,627.9418474743042
163,,2017-04-27 21:08:53,65,"ACC开,3D定位,天线正常","湖南省益阳市赫山区S7101(益阳南线高速),距杨家冲 约483米,距磨田公 约522米",112.466043,28.503544,565,565.2629919961748
164,,2017-04-27 21:09:23,63,"ACC开,3D定位,天线正常","湖南省益阳市赫山区,距杨家冲 约205米,距李山塘 约657米",112.462731,28.507356,533,533.2996356948534
165,,2017-04-27 21:09:53,72,"ACC开,3D定位,天线正常","湖南省益阳市赫山区,距长塘冲 约180米,距正公塘 约501米",112.460096,28.511971999999997,574,574.2325775511382
166,,2017-04-27 21:10:23,69,"ACC开,3D定位,天线正常","湖南省益阳市赫山区,距草塘村 约284米,距长塘冲 约450米",112.457637,28.516852,593,593.4432130571432
167,,2017-04-27 21:10:53,73,"ACC开,3D定位,天线正常","湖南省益阳市赫山区,距新塘坡 约188米,距泮泗塘 约351米",112.454218,28.521138,581,581.9936366530752
168,,2017-04-27 21:11:23,62,"ACC开,3D定位,天线正常","湖南省益阳市赫山区,距汤家湾 约240米,距泮泗塘 约364米",112.450428,28.525136,578,578.5651582258889
169,,2017-04-27 21:11:53,71,"ACC开,3D定位,天线正常","湖南省益阳市赫山区,距划林塘村 约135米,距红旗驾校 约181米",112.446894,28.528837,537,537.1779713646963
170,,2017-04-27 21:12:23,74,"ACC开,3D定位,天线正常","湖南省益阳市赫山区X020,距宁龙香葡萄园 约320米,距瓦屋湾 约415米",112.443211,28.533438,625,625.4576287248418
171,,2017-04-27 21:12:53,72,"ACC开,3D定位,天线正常","湖南省益阳市赫山区,距老官塘 约495米,距宁龙香葡萄园 约543米",112.43998,28.538140999999996,610,610.8169746529784
172,,2017-04-27 21:13:23,73,"ACC开,3D定位,天线正常","湖南省益阳市赫山区,距罗家咀 约91米,距仁锋村 约347米",112.436764,28.54275,601,601.1180945176362
173,,2017-04-27 21:13:53,70,"ACC开,3D定位,天线正常","湖南省益阳市赫山区,距仙锋村 约364米,距联想电脑专卖店 约424米",112.432902,28.547181,620,620.5355069116627
174,,2017-04-27 21:14:23,70,"ACC开,3D定位,天线正常","湖南省益阳市赫山区,距联想电脑专卖店 约132米,距益阳鸿图建筑材料有限公司 约460米",112.42888899999998,28.550721999999997,555,555.5827557100566
175,,2017-04-27 21:14:53,69,"ACC开,3D定位,天线正常","湖南省益阳市赫山区,距南塘村 约172米,距益阳玺迪纸箱彩印包装厂 约206米",112.42397700000001,28.554042,605,605.3570734629197
176,,2017-04-27 21:15:23,70,"ACC开,3D定位,天线正常","湖南省益阳市赫山区,距徐师傅修理厂 约275米,距银城二手车交易市场 约277米",112.418677,28.556860999999998,605,605.1546819287327
177,,2017-04-27 21:15:53,69,"ACC开,3D定位,天线正常","湖南省益阳市赫山区G319(桃花仑东路),距中国邮政储蓄银行(益阳市龙光桥邮政储蓄点) 约108米,距中国邮政(龙光桥邮政支局) 约109米",112.41368500000002,28.559445,565,565.9172319796296
178,,2017-04-27 21:16:23,70,"ACC开,3D定位,天线正常","湖南省益阳市赫山区桃花仑东路1244-、1246号,距东方维也纳 约69米,距益阳新力汽车市场 约74米",112.408727,28.562434999999997,587,587.3704263490798
179,,2017-04-27 21:16:53,66,"ACC开,3D定位,天线正常","湖南省益阳市赫山区桃花仑东路1000,距金石花小区 约70米,距中国电信集团工会益阳市长途电信线路局-西北门 约70米",112.404198,28.565616,566,566.344615687229
180,,2017-04-27 21:17:23,72,"ACC开,3D定位,天线正常","湖南省益阳市赫山区益阳大道313,距众泰大迈益阳鑫晟泰4S店 约16米,距金菱汽车贸易有限公司 约56米",112.39991299999998,28.568926,557,557.2941701344913
181,,2017-04-27 21:17:53,71,"ACC开,3D定位,天线正常","湖南省益阳市赫山区大兴巷15,距海川宾馆南门 约60米,距香车世家汽车美容·汽车用品·益阳旗舰店 约77米",112.395296,28.572468,598,598.6694371603768
182,,2017-04-27 21:18:23,67,"ACC开,3D定位,天线正常","湖南省益阳市赫山区平安路56,距腾辉便利超市 约20米,距老四川石锅鱼 约38米",112.39078700000002,28.575909000000003,583,583.3289726493756
183,,2017-04-27 21:18:53,73,"ACC开,3D定位,天线正常","湖南省益阳市赫山区桃花仑东路470,距特步(桃花仑东路) 约29米,距益阳市赫山区金色阳光幼儿园 约35米",112.38644099999999,28.579562,587,587.4453242230311
184,,2017-04-27 21:19:23,70,"ACC开,3D定位,天线正常","湖南省益阳市赫山区青年路72,距赫山区政府 约218米,距益阳市赫山区工商局 约69米",112.382354,28.583692,608,608.4049562254924
185,,2017-04-27 21:19:53,67,"ACC开,3D定位,天线正常","湖南省益阳市赫山区三里桥路,距赫山区财政局 约124米,距天盛超市 约124米",112.37890700000001,28.587984000000002,583,583.9899049684149
186,,2017-04-27 21:20:23,69,"ACC开,3D定位,天线正常","湖南省益阳市赫山区龙洲北路970,距丰波汽车维修护理中心 约14米,距宏达不锈钢 约115米",112.37581000000002,28.592453000000003,581,581.6992470342985
187,,2017-04-27 21:20:53,67,"ACC开,3D定位,天线正常","湖南省益阳市赫山区关公路235号,距团州商务宾馆 约37米,距万成综合楼 约65米",112.372749,28.596853000000003,573,573.3120049658831
188,,2017-04-27 21:21:23,61,"ACC开,3D定位,天线正常","湖南省益阳市资阳区资江三大桥,距资江三大桥 约135米,距斗魁塔 约223米",112.369947,28.600918,528,528.3403272138816
189,,2017-04-27 21:21:53,72,"ACC开,3D定位,天线正常","湖南省益阳市资阳区五一东路,距白马山 约337米,距白马山村卫生室 约386米",112.367006,28.605135999999998,549,549.9226788318657
190,,2017-04-27 21:22:23,71,"ACC开,3D定位,天线正常","湖南省益阳市资阳区白马山南路,距桂鱼村 约82米,距嘉财富便利超市 约110米",112.363708,28.609916,621,621.4166674769685
191,,2017-04-27 21:22:53,72,"ACC开,3D定位,天线正常","湖南省益阳市资阳区白马山北路,距杨家湾 约308米,距山野生态农庄 约339米",112.36052099999999,28.614284,576,576.7924045748138
192,,2017-04-27 21:23:23,72,"ACC开,3D定位,天线正常","湖南省益阳市资阳区资阳东路,距杨树学校 约170米,距天主堂 约214米",112.35603600000002,28.617928999999997,596,596.6025546858245
193,,2017-04-27 21:23:53,73,"ACC开,3D定位,天线正常","湖南省益阳市资阳区文昌路,距益阳平安钢构 约435米,距益阳瀚鑫机械制造有限公司-北2门 约522米",112.350844,28.621035,613,613.2823585295824
194,,2017-04-27 21:24:23,75,"ACC开,3D定位,天线正常","湖南省益阳市资阳区贺家桥北路,距南湖圫 约247米,距专一建材 约400米",112.34546499999999,28.624257,635,635.6166675527703
195,,2017-04-27 21:24:53,69,"ACC开,3D定位,天线正常","湖南省益阳市资阳区贺家桥北路,距南湖圫 约399米,距益阳湘丰机械有限公司 约412米",112.34026499999999,28.627326,611,611.597439866061
196,,2017-04-27 21:25:23,72,"ACC开,3D定位,天线正常","湖南省益阳市资阳区S204,距合兴小区 约298米,距益阳湘丰机械有限公司 约301米",112.335081,28.629821999999997,577,577.0860845080092
197,,2017-04-27 21:25:53,70,"ACC开,3D定位,天线正常","湖南省益阳市资阳区,距石竹巷 约202米,距新屋村 约323米",112.329447,28.632111,605,605.9215167054527
198,,2017-04-27 21:26:23,69,"ACC开,3D定位,天线正常","湖南省益阳市资阳区,距黑巷口 约98米,距观塘仑 约522米",112.32415,28.634489000000002,580,580.6678934595237
199,,2017-04-27 21:26:53,71,"ACC开,3D定位,天线正常","湖南省益阳市资阳区,距观塘仑 约64米,距飞羽农场 约253米",112.319975,28.637815999999997,550,550.3443287430704
200,,2017-04-27 21:27:23,71,"ACC开,3D定位,天线正常","湖南省益阳市资阳区,距芭茅塘 约235米,距飞羽农场 约422米",112.31550700000001,28.641603999999997,606,606.2517483466914
201,,2017-04-27 21:27:53,70,"ACC开,3D定位,天线正常","湖南省益阳市资阳区,距资阳区新型农村合作医疗定点医院 约317米,距瓜棚湾 约341米",112.310378,28.644569,599,599.3525435958245
202,,2017-04-27 21:28:23,69,"ACC开,3D定位,天线正常","湖南省益阳市资阳区G319(厦成线),距瓜棚湾 约242米,距芙蓉兴盛便利超市 约506米",112.30503200000001,28.646717,573,573.7660742770244
203,,2017-04-27 21:28:53,78,"ACC开,3D定位,天线正常","湖南省益阳市资阳区G319(厦成线),距楼子屋场 约79米,距正源青蛙养殖基地 约421米",112.299398,28.649321,621,621.3692288242547
204,,2017-04-27 21:29:23,69,"ACC开,3D定位,天线正常","湖南省益阳市资阳区,距光荣天主堂 约161米,距光荣村 约348米",112.29449,28.652793,615,615.1553008000633
205,,2017-04-27 21:29:53,75,"ACC开,3D定位,天线正常","湖南省益阳市资阳区,距牛角仑村 约320米,距万家山 约393米",112.28966000000001,28.656397,618,618.6414976481676
206,,2017-04-27 21:30:23,69,"ACC开,3D定位,天线正常","湖南省益阳市资阳区,距万家山 约285米,距三眼塘 约301米",112.28493300000001,28.659909999999996,604,604.4193394612431
207,,2017-04-27 21:30:53,71,"ACC开,3D定位,天线正常","湖南省益阳市资阳区,距三眼塘 约336米,距金盆山 约375米",112.280369,28.66335,587,587.0396814500951
208,,2017-04-27 21:31:23,77,"ACC开,3D定位,天线正常","湖南省益阳市资阳区,距迎丰桥镇 约164米,距迎风桥镇人民政府 约178米",112.275393,28.667015999999997,633,633.9353754116228
209,,2017-04-27 21:31:53,74,"ACC开,3D定位,天线正常","湖南省益阳市资阳区,距鑫鑫门业 约416米,距月圆酒家 约425米",112.270744,28.670422,590,590.9017490760531
210,,2017-04-27 21:32:23,69,"ACC开,3D定位,天线正常","湖南省益阳市资阳区,距马家桥 约305米,距小明星艺术幼儿园 约460米",112.26541599999999,28.6735,622,622.3625313965961
211,,2017-04-27 21:32:53,68,"ACC开,3D定位,天线正常","湖南省益阳市资阳区,距迎风桥 约517米,距迎风汽车站 约517米",112.25993000000001,28.675834000000002,594,594.8088592432638
212,,2017-04-27 21:33:23,70,"ACC开,3D定位,天线正常","湖南省益阳市资阳区S204,距迎风桥 约202米,距迎风汽车站 约201米",112.254504,28.677398999999998,557,557.2103863878023
213,,2017-04-27 21:33:53,65,"ACC开,3D定位,天线正常","湖南省益阳市资阳区G319(厦成线),距益阳国基实验学校 约150米,距益阳四通电脑中等专业学校 约150米",112.24874399999999,28.678547,576,576.2331321760369
214,,2017-04-27 21:34:23,67,"ACC开,3D定位,天线正常","湖南省益阳市资阳区G319(厦成线),距黄花仑村 约215米,距高平中学 约364米",112.24321100000002,28.679615999999996,552,552.698939900939
215,,2017-04-27 21:34:53,67,"ACC开,3D定位,天线正常","湖南省益阳市资阳区G319(厦成线),距益阳市第一职业中专学校 约141米,距粉铺 约155米",112.23756100000001,28.680715999999997,564,564.5821583585358
216,,2017-04-27 21:35:23,63,"ACC开,3D定位,天线正常","湖南省益阳市资阳区,距陈家村 约367米,距黄花仑蓓蕾幼儿园 约559米",112.23212099999999,28.681838,545,545.1498490377389
217,,2017-04-27 21:35:53,68,"ACC开,3D定位,天线正常","湖南省益阳市资阳区,距双塘基 约223米,距银丰园林双塘基苗圃 约227米",112.226798,28.683649,556,556.9411739741496
218,,2017-04-27 21:36:23,55,"ACC开,3D定位,天线正常","湖南省益阳市资阳区G319(厦成线),距桂花咀 约335米,距柏阴村 约386米",112.222315,28.686176,519,519.8027911289084
219,,2017-04-27 21:36:53,65,"ACC开,3D定位,天线正常","湖南省益阳市资阳区G319(厦成线),距昌长湾 约77米,距银树冲 约297米",112.218226,28.688751,490,490.99611148755923
220,,2017-04-27 21:37:23,64,"ACC开,3D定位,天线正常","湖南省益阳市资阳区,距益阳市大泉精细化工有限公司 约315米,距昌长湾 约579米",112.21311200000001,28.690834000000002,549,549.9892160786552
221,,2017-04-27 21:37:53,61,"ACC开,3D定位,天线正常","湖南省常德市汉寿县G319(厦成线),距水竹村 约161米,距祝家仑村 约698米",112.20788,28.691878000000003,523,523.3785586642979
222,,2017-04-27 21:38:23,66,"ACC开,3D定位,天线正常","湖南省常德市汉寿县,距水竹村 约361米,距祝家仑村 约386米",112.20288400000001,28.693417999999998,516,516.5268335746672
223,,2017-04-27 21:38:53,72,"ACC开,3D定位,天线正常","湖南省常德市汉寿县G319(厦成线),距砖屋湾 约538米,距祝家仑村 约563米",112.197774,28.696334000000004,594,594.6108782027455
224,,2017-04-27 21:39:23,64,"ACC开,3D定位,天线正常","湖南省常德市汉寿县G319(厦成线),距砖屋湾 约229米,距文村里 约524米",112.192525,28.698859999999996,583,583.9569079945721
225,,2017-04-27 21:39:53,61,"ACC开,3D定位,天线正常","湖南省常德市汉寿县G319(厦成线),距砖屋湾 约620米,距进山坳 约639米",112.18739599999999,28.700363,527,527.4340984320238
226,,2017-04-27 21:40:23,72,"ACC开,3D定位,天线正常","湖南省常德市汉寿县G319(厦成线),距大路塘 约219米,距夏家冲 约287米",112.182096,28.701760999999998,539,539.7945959399154
227,,2017-04-27 21:40:53,69,"ACC开,3D定位,天线正常","湖南省常德市汉寿县G319(厦成线),距军山铺派出所 约148米,距夏家冲 约447米",112.17629699999999,28.703767,607,607.9826453706474
228,,2017-04-27 21:41:23,73,"ACC开,3D定位,天线正常","湖南省常德市汉寿县G319(厦成线),距汉寿县军山铺中心卫生院 约15米,距嘉都酒店 约24米",112.171283,28.706574,580,580.1340382637443
229,,2017-04-27 21:41:53,78,"ACC开,3D定位,天线正常","湖南省常德市汉寿县G319(厦成线),距家家旺批发超市 约109米,距军山铺工商所 约125米",112.16566399999999,28.709699,648,648.8857325723566
230,,2017-04-27 21:42:23,70,"ACC开,3D定位,天线正常","湖南省常德市汉寿县,距枫树塘 约139米,距长安汽车(军山铺镇店) 约472米",112.159539,28.711621,634,634.4181585465959
231,,2017-04-27 21:42:53,68,"ACC开,3D定位,天线正常","湖南省常德市汉寿县,距红旗 约85米,距万寿桥村 约563米",112.15378,28.712284000000004,566,566.4539689367933
232,,2017-04-27 21:43:23,67,"ACC开,3D定位,天线正常","湖南省常德市汉寿县,距罗家塘 约425米,距万寿桥村 约587米",112.148031,28.712709000000004,562,562.6461197033753
233,,2017-04-27 21:43:53,65,"ACC开,3D定位,天线正常","湖南省常德市汉寿县G5513(长常高速),距罗家塘 约285米,距尾基湾村 约326米",112.14233700000001,28.713139,557,557.3466666255812
234,,2017-04-27 21:44:23,71,"ACC开,3D定位,天线正常","湖南省常德市汉寿县G5513(长常高速),距毛家咀 约314米,距李家湾 约365米",112.13656999999999,28.713146000000002,562,562.4104316289967
235,,2017-04-27 21:44:53,76,"ACC开,3D定位,天线正常","湖南省常德市汉寿县G5513(长常高速),距红花坳 约455米,距李家湾 约484米",112.13035,28.712692999999998,608,608.6765296081725
236,,2017-04-27 21:45:23,83,"ACC开,3D定位,天线正常","湖南省常德市汉寿县,距红花坳 约454米,距欧家冲 约825米",112.123498,28.712168,670,670.7710405481968
237,,2017-04-27 21:45:53,70,"ACC开,3D定位,天线正常","湖南省常德市汉寿县,距欧家冲 约463米,距左家塅 约860米",112.117092,28.711808,626,626.0145727556469
238,,2017-04-27 21:46:23,78,"ACC开,3D定位,天线正常","湖南省常德市汉寿县,距红土墙小学 约360米,距红土墙 约739米",112.11095,28.71228,601,601.2819352204467
239,,2017-04-27 21:46:53,73,"ACC开,3D定位,天线正常","湖南省常德市汉寿县,距田坪里 约205米,距湖南金德米业有限公司二车间 约439米",112.104171,28.713413,673,673.0012123429025
240,,2017-04-27 21:47:23,79,"ACC开,3D定位,天线正常","湖南省常德市汉寿县G319(厦成线),距常德瑞鸿石材工艺 约176米,距田坪里 约535米",112.098059,28.714024,599,599.911274260503
241,,2017-04-27 21:47:53,69,"ACC开,3D定位,天线正常","湖南省常德市汉寿县G319(厦成线),距白石碑 约348米,距常德瑞鸿石材工艺 约634米",112.09132,28.714083000000002,657,657.2283849438501
242,,2017-04-27 21:48:23,67,"ACC开,3D定位,天线正常","湖南省常德市汉寿县G319(厦成线),距白石碑 约375米,距老屋湾 约675米",112.08526599999999,28.714001,590,590.4640601112081
243,,2017-04-27 21:48:53,75,"ACC开,3D定位,天线正常","湖南省常德市汉寿县G319(厦成线),距老屋湾 约241米,距大桥冲村 约649米",112.079679,28.714765000000003,551,551.4326323217563
244,,2017-04-27 21:49:23,82,"ACC开,3D定位,天线正常","湖南省常德市汉寿县G319(厦成线),距中湾 约271米,距大桥冲村 约288米",112.07356599999999,28.717017,646,646.5949283326382
245,,2017-04-27 21:49:53,71,"ACC开,3D定位,天线正常","湖南省常德市汉寿县,距大桥中心幼儿园 约583米,距戴家湾 约608米",112.06693,28.719614,708,708.6327912688107
246,,2017-04-27 21:50:23,74,"ACC开,3D定位,天线正常","湖南省常德市汉寿县,距戴家湾 约45米,距马家冲村 约255米",112.061654,28.721656,562,562.3664676110386
247,,2017-04-27 21:50:53,84,"ACC开,3D定位,天线正常","湖南省常德市汉寿县,距彭家坝 约386米,距马家冲村 约416米",112.05561599999999,28.724528999999997,669,669.8668331914091
248,,2017-04-27 21:51:23,81,"ACC开,3D定位,天线正常","湖南省常德市汉寿县,距帝武湾 约444米,距杨家湾 约597米",112.050551,28.728784,683,683.9442551954501
249,,2017-04-27 21:51:53,78,"ACC开,3D定位,天线正常","湖南省常德市汉寿县,距杨家湾 约76米,距易家咀 约555米",112.04533400000001,28.732721999999995,671,671.1980949549143
250,,2017-04-27 21:52:23,76,"ACC开,3D定位,天线正常","湖南省常德市汉寿县,距瓦窑冲 约266米,距易家咀 约493米",112.039782,28.735916999999997,647,647.5005471812442
251,,2017-04-27 21:52:53,78,"ACC开,3D定位,天线正常","湖南省常德市汉寿县,距团山湾 约557米,距永固桥村 约717米",112.034709,28.739456,632,632.0600924123169
252,,2017-04-27 21:53:23,69,"ACC开,3D定位,天线正常","湖南省常德市汉寿县,距王家湾 约570米,距周家湾 约814米",112.030093,28.743363000000002,625,625.5186999942056
253,,2017-04-27 21:53:53,71,"ACC开,3D定位,天线正常","湖南省常德市汉寿县,距周家湾 约252米,距锅埠冲 约829米",112.02574299999999,28.747154,597,597.9543674406767
254,,2017-04-27 21:54:23,76,"ACC开,3D定位,天线正常","湖南省常德市汉寿县,距周家湾 约424米,距水井山 约430米",112.02151299999998,28.751165999999998,607,607.5133941365746
255,,2017-04-27 21:54:53,71,"ACC开,3D定位,天线正常","湖南省常德市汉寿县,距叶家庙 约110米,距黄家湾村 约250米",112.01733200000001,28.755721,650,650.1225987330887
256,,2017-04-27 21:55:23,71,"ACC开,3D定位,天线正常","湖南省常德市汉寿县,距黄家湾村 约508米,距林家冲 约652米",112.013733,28.759853000000003,578,578.0872645509342
257,,2017-04-27 21:55:53,69,"ACC开,3D定位,天线正常","湖南省常德市汉寿县,距唐家湾 约126米,距林家冲 约360米",112.009524,28.763977,615,615.3160903103885
258,,2017-04-27 21:56:23,77,"ACC开,3D定位,天线正常","湖南省常德市汉寿县,距井边湾 约103米,距涂家塅 约428米",112.004927,28.767217,574,574.9567523939708
259,,2017-04-27 21:56:53,86,"ACC开,3D定位,天线正常","湖南省常德市汉寿县,距康家山 约596米,距井边湾 约604米",111.998857,28.770483000000002,694,694.2114490740141
260,,2017-04-27 21:57:23,70,"ACC开,3D定位,天线正常","湖南省常德市汉寿县,距新屋冲 约193米,距胜文冲 约407米",111.99310600000001,28.773590000000002,658,658.4499513188856
261,,2017-04-27 21:57:53,76,"ACC开,3D定位,天线正常","湖南省常德市汉寿县,距三星垸 约265米,距缸儿口村 约567米",111.988275,28.776919,598,598.9353974303882
262,,2017-04-27 21:58:23,75,"ACC开,3D定位,天线正常","湖南省常德市汉寿县,距新堤 约402米,距三星垸 约465米",111.98328799999999,28.780943,660,660.6376064427498
263,,2017-04-27 21:58:53,75,"ACC开,3D定位,天线正常","湖南省常德市汉寿县金牛大道,距土地坝 约176米,距白积冲 约410米",111.97855600000001,28.784294,592,592.8889847306681
264,,2017-04-27 21:59:23,69,"ACC开,3D定位,天线正常","湖南省常德市汉寿县,距白积冲 约199米,距土地坝 约431米",111.973509,28.787387,600,600.1693608082212
265,,2017-04-27 21:59:53,63,"ACC开,3D定位,天线正常","湖南省常德市汉寿县麒麟路,距常德金仙耐磨材料有限公司 约180米,距杨家冲 约232米",111.968732,28.790172,559,559.1197237056303
266,,2017-04-27 22:00:23,73,"ACC开,3D定位,天线正常","湖南省常德市汉寿县S205,距湖南金能科技实业有限公司-西北门 约92米,距湖南金能科技实业有限公司 约127米",111.963673,28.792781,572,572.0192460203818
267,,2017-04-27 22:00:53,70,"ACC开,3D定位,天线正常","湖南省常德市汉寿县麒麟路,距汉寿县玉贤耐磨材料厂 约269米,距李家塘 约440米",111.95796999999999,28.795069,611,611.205211603373
268,,2017-04-27 22:01:23,73,"ACC开,3D定位,天线正常","湖南省常德市汉寿县金马路,距湖南徕木电子有限公司 约284米,距湖南汉寿中煤科技有限公司 约333米",111.952247,28.796770000000002,588,588.8788099092634
269,,2017-04-27 22:01:53,54,"ACC开,3D定位,天线正常","湖南省常德市汉寿县麒麟路,距汉寿顶辉印刷有限公司 约123米,距汉寿县正月商贸有限公司 约189米",111.946734,28.797977000000003,553,553.7174316084642
270,,2017-04-27 22:02:23,62,"ACC开,3D定位,天线正常","湖南省常德市汉寿县,距竹子陂村 约304米,距汉寿顶辉印刷有限公司 约366米",111.941915,28.799072,485,485.10375633690154
271,,2017-04-27 22:02:53,72,"ACC开,3D定位,天线正常","湖南省常德市汉寿县,距竹子陂村 约394米,距杨罗碑 约567米",111.936217,28.800285,571,571.3688127700536
272,,2017-04-27 22:03:23,68,"ACC开,3D定位,天线正常","湖南省常德市汉寿县,距杨罗碑 约48米,距贺家桥 约361米",111.930151,28.801639,609,609.9454168771732
273,,2017-04-27 22:03:53,69,"ACC开,3D定位,天线正常","湖南省常德市汉寿县,距马嘶桥村 约460米,距贺家桥 约544米",111.92456899999999,28.803390999999998,577,577.7389960652469
274,,2017-04-27 22:04:23,75,"ACC开,3D定位,天线正常","湖南省常德市汉寿县G319(厦成线),距马嘶桥 约282米,距马嘶桥村 约483米",111.91898700000002,28.805733,603,603.0226446880163
275,,2017-04-27 22:04:53,74,"ACC开,3D定位,天线正常","湖南省常德市汉寿县,距马嘶桥 约633米,距盐白堤 约698米",111.913448,28.808607000000002,627,627.2094416378405
276,,2017-04-27 22:05:23,82,"ACC开,3D定位,天线正常","湖南省常德市汉寿县,距中岭坪 约660米,距黄岭岗村 约729米",111.90773999999999,28.811590000000002,647,647.5433934720498
277,,2017-04-27 22:05:53,71,"ACC开,3D定位,天线正常","湖南省常德市汉寿县,距黄岭岗村 约259米,距岩嘴派出所 约325米",111.90148799999999,28.814047,667,667.5899689156719
278,,2017-04-27 22:06:23,72,"ACC开,3D定位,天线正常","湖南省常德市汉寿县,距岩嘴派出所 约500米,距岩嘴派出所-西南门 约505米",111.89606299999998,28.815802,563,563.4170779133466
279,,2017-04-27 22:06:53,76,"ACC开,3D定位,天线正常","湖南省常德市汉寿县,距张家湾 约761米,距严家河 约795米",111.89043000000001,28.81767,586,586.7900383727881
280,,2017-04-27 22:07:23,74,"ACC开,3D定位,天线正常","湖南省常德市汉寿县,距严家河 约185米,距张家湾 约398米",111.884068,28.820093,675,675.8337414615082
281,,2017-04-27 22:07:53,69,"ACC开,3D定位,天线正常","湖南省常德市汉寿县,距熊家 约116米,距向阳河 约407米",111.879213,28.823071999999996,577,577.4382047354244
282,,2017-04-27 22:08:23,70,"ACC开,3D定位,天线正常","湖南省常德市汉寿县,距向阳河 约184米,距木山李家 约386米",111.874785,28.826578,581,581.4288793830652
283,,2017-04-27 22:08:53,71,"ACC开,3D定位,天线正常","湖南省常德市汉寿县,距马家障 约263米,距詹家坪 约423米",111.870241,28.830159000000002,595,595.3949366713015
284,,2017-04-27 22:09:23,70,"ACC开,3D定位,天线正常","湖南省常德市汉寿县,距肖家湾 约217米,距马家障 约521米",111.865439,28.8333,583,583.7748987678444
285,,2017-04-27 22:09:53,72,"ACC开,3D定位,天线正常","湖南省常德市汉寿县X036,距曾家桥 约188米,距肖家湾 约458米",111.8603,28.836096,589,589.2728734667479
286,,2017-04-27 22:10:23,68,"ACC开,3D定位,天线正常","湖南省常德市汉寿县,距耀言湾村 约167米,距肖家 约436米",111.85508899999999,28.838878,594,594.418981405771
287,,2017-04-27 22:10:53,66,"ACC开,3D定位,天线正常","湖南省常德市汉寿县,距肖家 约118米,距射鹿溶 约422米",111.849977,28.841031,552,552.4901650016557
288,,2017-04-27 22:11:23,66,"ACC开,3D定位,天线正常","湖南省常德市汉寿县,距射鹿溶 约148米,距华鑫米业有限公司 约452米",111.844624,28.842540999999997,547,547.7608568457579
289,,2017-04-27 22:11:53,71,"ACC开,3D定位,天线正常","湖南省常德市汉寿县G319(厦成线),距冲水洞 约311米,距华鑫米业有限公司 约369米",111.83891799999999,28.843927,576,576.7403118831724
290,,2017-04-27 22:12:23,67,"ACC开,3D定位,天线正常","湖南省常德市汉寿县G319(厦成线),距常德宝来建材有限公司 约199米,距冲水洞 约279米",111.833279,28.845792,587,587.0800372677566
291,,2017-04-27 22:12:53,65,"ACC开,3D定位,天线正常","湖南省常德市汉寿县G319(厦成线),距常德宝来建材有限公司 约365米,距焦家坝 约402米",111.82824099999999,28.847998999999998,548,548.6331009174061
292,,2017-04-27 22:13:23,70,"ACC开,3D定位,天线正常","湖南省常德市汉寿县G319(厦成线),距焦家坝 约189米,距常德市金玉米业有限公司 约223米",111.823127,28.850389,564,564.5422298609185
293,,2017-04-27 22:13:53,76,"ACC开,3D定位,天线正常","湖南省常德市汉寿县G319(厦成线),距栗山村 约131米,距王师傅汽车修理厂 约176米",111.81783200000001,28.853033,593,593.6127009042509
294,,2017-04-27 22:14:23,77,"ACC开,3D定位,天线正常","湖南省常德市汉寿县G319(厦成线),距鸿鑫购物广场 约84米,距美林香超市 约105米",111.81228700000001,28.856465000000004,661,661.2588927083383
295,,2017-04-27 22:14:53,70,"ACC开,3D定位,天线正常","湖南省常德市汉寿县G319(厦成线),距鸿运电喷轿车维修养护中心 约119米,距韩泰轮胎 约122米",111.807349,28.859619,595,595.1952717814852
296,,2017-04-27 22:15:23,66,"ACC开,3D定位,天线正常","湖南省常德市汉寿县G319(厦成线),距三元桥 约99米,距谢家铺家具大市场-东北门 约226米",111.80249599999999,28.862759999999998,587,587.6555085126234
297,,2017-04-27 22:15:53,71,"ACC开,3D定位,天线正常","湖南省常德市汉寿县G319(厦成线),距鲍家湾 约150米,距梦食缘茶楼KTV大酒店 约240米",111.79738700000001,28.865687,594,594.5204256468195
298,,2017-04-27 22:16:23,68,"ACC开,3D定位,天线正常","湖南省常德市汉寿县G319(厦成线),距常德凯盛建材有限责任公司 约115米,距干鱼岭 约220米",111.791881,28.867962,592,592.8464671230574
299,,2017-04-27 22:16:53,73,"ACC开,3D定位,天线正常","湖南省常德市汉寿县G319(厦成线),距合形窝 约364米,距土地树 约393米",111.78620900000001,28.869542,579,579.5895975868714
300,,2017-04-27 22:17:23,78,"ACC开,3D定位,天线正常","湖南省常德市汉寿县G319(厦成线),距鼎城区公安局交通警察大队七中队 约408米,距八斗冲 约586米",111.78008500000001,28.871037,619,619.0630216441822
301,,2017-04-27 22:17:53,76,"ACC开,3D定位,天线正常","湖南省常德市鼎城区,距兴隆街 约265米,距曾家冲 约290米",111.774175,28.873709,647,647.6486887807905
302,,2017-04-27 22:18:23,84,"ACC开,3D定位,天线正常","湖南省常德市鼎城区G319(厦成线),距张家冲 约159米,距德山生猪交易大市场 约315米",111.76906699999999,28.877748999999998,670,670.2084457733837
303,,2017-04-27 22:18:53,71,"ACC开,3D定位,天线正常","湖南省常德市鼎城区,距九龙岭 约130米,距鼎城公路局蒋家山道班 约298米",111.764137,28.881840000000004,661,661.3232094677821
304,,2017-04-27 22:19:23,72,"ACC开,3D定位,天线正常","湖南省常德市鼎城区,距九龙岭 约472米,距常德田野机械厂-东门 约506米",111.759743,28.885531,592,592.847454107706
305,,2017-04-27 22:19:53,71,"ACC开,3D定位,天线正常","湖南省常德市鼎城区,距兴旺冲 约536米,距高岭村 约547米",111.75527199999999,28.889277000000003,602,602.4804803695744
306,,2017-04-27 22:20:23,67,"ACC开,3D定位,天线正常","湖南省常德市鼎城区,距马横岭 约396米,距兴旺冲 约405米",111.751044,28.893062,588,588.6978160553216
307,,2017-04-27 22:20:53,69,"ACC开,3D定位,天线正常","湖南省常德市鼎城区,距马横岭 约328米,距跑马坪 约661米",111.747403,28.897170000000003,578,578.1844906388221
308,,2017-04-27 22:21:23,64,"ACC开,3D定位,天线正常","湖南省常德市鼎城区G55(二广高速),距县一中 约502米,距鼎城区第四中学 约543米",111.744396,28.901524,565,565.7587326717864
309,,2017-04-27 22:21:53,50,"ACC开,3D定位,天线正常","湖南省常德市鼎城区,距县一中 约79米,距五星电器(石门桥店) 约467米",111.743362,28.905734000000002,478,478.8298987528395
310,,2017-04-27 22:22:23,67,"ACC开,3D定位,天线正常","湖南省常德市鼎城区G319(厦成线),距常德市农村商业银行(石门桥支行) 约31米,距中国农业银行(石门桥分理处) 约34米",111.746222,28.909031,460,460.3325314555541
311,,2017-04-27 22:22:53,74,"ACC开,3D定位,天线正常","湖南省常德市鼎城区G5513(石门桥枢纽),距石门桥镇中心小学 约318米,距百世汇通 约430米",111.750729,28.913249,642,642.2117956642645
312,,2017-04-27 22:23:23,70,"ACC开,3D定位,天线正常","湖南省常德市鼎城区,距观音庵村 约351米,距合兴寺 约636米",111.755024,28.917286999999998,613,613.4884514484817
313,,2017-04-27 22:23:53,79,"ACC开,3D定位,天线正常","湖南省常德市鼎城区,距观音庵村 约348米,距合兴寺 约401米",111.75868700000001,28.921613,598,598.7435295353965
314,,2017-04-27 22:24:23,72,"ACC开,3D定位,天线正常","湖南省常德市鼎城区,距合兴寺 约776米,距跑马坪 约782米",111.761472,28.926968,654,654.2383507773388
315,,2017-04-27 22:24:53,70,"ACC开,3D定位,天线正常","湖南省常德市鼎城区,距三甲岗 约503米,距乌塘岗 约620米",111.762819,28.932062,581,581.3990715146574
316,,2017-04-27 22:25:23,73,"ACC开,3D定位,天线正常","湖南省常德市鼎城区,距乌塘岗 约25米,距三甲岗 约556米",111.763749,28.937618,624,624.3936452458016
317,,2017-04-27 22:25:53,70,"ACC开,3D定位,天线正常","湖南省常德市鼎城区,距常德市德投沥青混凝土有限公司南门 约291米,距常德市德投沥青混凝土有限公司 约295米",111.76461499999999,28.942937,597,597.4199402307206
318,,2017-04-27 22:26:23,72,"ACC开,3D定位,天线正常","湖南省常德市鼎城区,距伍家湖 约396米,距常德市德投沥青混凝土有限公司 约479米",111.765507,28.9483,602,602.6225733563167
319,,2017-04-27 22:26:53,75,"ACC开,3D定位,天线正常","湖南省常德市鼎城区,距三合垸 约160米,距伍家湖 约250米",111.766281,28.953903000000004,627,627.5611671148334
320,,2017-04-27 22:27:23,73,"ACC开,3D定位,天线正常","湖南省常德市鼎城区,距邱家岗村 约271米,距常德兴达纺织有限公司 约314米",111.766368,28.959573,630,630.5329436652733
321,,2017-04-27 22:27:53,67,"ACC开,3D定位,天线正常","湖南省常德市鼎城区,距毛大溶 约283米,距邱家岗 约599米",111.765904,28.964851,588,588.6212045508954
322,,2017-04-27 22:28:23,71,"ACC开,3D定位,天线正常","湖南省常德市武陵区,距毛大溶 约769米",111.76536000000002,28.969967999999998,571,571.441161656141
323,,2017-04-27 22:28:53,80,"ACC开,3D定位,天线正常","湖南省常德市武陵区,距戴家港 约382米,距胡家山 约752米",111.76477,28.975687,638,638.5094693773672
324,,2017-04-27 22:29:23,81,"ACC开,3D定位,天线正常","湖南省常德市武陵区新安路,距胡家山 约218米,距戴家港 约320米",111.764118,28.981959000000003,700,700.2934008863896
325,,2017-04-27 22:29:53,71,"ACC开,3D定位,天线正常","湖南省常德市武陵区新安路,距梁家 约120米,距武陵区芦荻山乡三村小学 约173米",111.763728,28.987582,626,626.3996545621758
326,,2017-04-27 22:30:23,75,"ACC开,3D定位,天线正常","湖南省常德市武陵区,距蓼子坪村 约346米,距清吉庵 约353米",111.764028,28.993077000000003,611,611.7132952982927
327,,2017-04-27 22:30:53,76,"ACC开,3D定位,天线正常","湖南省常德市武陵区,距清吉庵 约356米,距廖子坪 约506米",111.765169,28.998714,636,636.5540711218583
328,,2017-04-27 22:31:23,72,"ACC开,3D定位,天线正常","湖南省常德市武陵区,距小井港村 约389米,距天井港村 约858米",111.766847,29.004078000000003,618,618.3718709331179
329,,2017-04-27 22:31:53,75,"ACC开,3D定位,天线正常","湖南省常德市武陵区,距小井港村 约295米,距石公庙村 约853米",111.76853899999999,29.009365000000003,610,610.4808538187866
330,,2017-04-27 22:32:23,81,"ACC开,3D定位,天线正常","湖南省常德市武陵区,距一家何家 约555米,距石公庙村 约656米",111.77038300000001,29.015071999999996,659,659.4379768257938
331,,2017-04-27 22:32:53,74,"ACC开,3D定位,天线正常","湖南省常德市武陵区洞庭大道辅路,距一家何家 约363米,距樟树山 约770米",111.77226399999999,29.020687,650,650.598993307205
332,,2017-04-27 22:33:23,76,"ACC开,3D定位,天线正常","湖南省常德市武陵区X046,距台家铺 约263米,距黑山刘家 约607米",111.774556,29.025959999999998,627,627.2551033105466
333,,2017-04-27 22:33:53,77,"ACC开,3D定位,天线正常","湖南省常德市武陵区X046,距走马刘家 约158米,距台家铺 约502米",111.777648,29.031212,656,656.8310315752015
334,,2017-04-27 22:34:23,69,"ACC开,3D定位,天线正常","湖南省常德市武陵区,距伍家坪村 约511米,距武陵区芦山乡卫生院第一分院 约572米",111.781099,29.035752000000002,606,606.1499592353578
335,,2017-04-27 22:34:53,74,"ACC开,3D定位,天线正常","湖南省常德市武陵区,距伍家坪村 约147米,距张家堰村 约231米",111.784824,29.040159999999997,609,609.4155946336347
336,,2017-04-27 22:35:23,74,"ACC开,3D定位,天线正常","湖南省常德市武陵区,距河带桥 约367米,距李白溪村 约515米",111.788643,29.044726,628,628.9745058865842
337,,2017-04-27 22:35:53,72,"ACC开,3D定位,天线正常","湖南省常德市武陵区,距李白溪村 约429米,距沙湾 约592米",111.791735,29.049689,628,628.4052639831631
338,,2017-04-27 22:36:23,73,"ACC开,3D定位,天线正常","湖南省常德市武陵区,距鲢鱼尾 约352米,距黄家溪 约575米",111.79353799999998,29.054959000000004,611,611.6449156189772
339,,2017-04-27 22:36:53,67,"ACC开,3D定位,天线正常","湖南省常德市武陵区,距鲢鱼尾 约354米,距黄家溪 约458米",111.794072,29.060208000000003,585,585.9663421201002
340,,2017-04-27 22:37:23,75,"ACC开,3D定位,天线正常","湖南省常德市武陵区,距桔乡农家餐馆 约249米,距严家湾 约284米",111.793516,29.065540999999996,595,595.4606024967177
341,,2017-04-27 22:37:53,79,"ACC开,3D定位,天线正常","湖南省常德市鼎城区,距柳叶湖旅游度假区 约5111米,距严家湾 约550米",111.792473,29.071471999999996,667,667.2429391246885
342,,2017-04-27 22:38:23,75,"ACC开,3D定位,天线正常","湖南省常德市鼎城区,距白鹤山乡鱼场 约420米,距马巷子村 约806米",111.79131000000001,29.077118,637,637.9002142309879
343,,2017-04-27 22:38:53,76,"ACC开,3D定位,天线正常","湖南省常德市鼎城区,距白鹤山乡鱼场 约329米,距唐家 约584米",111.78938400000001,29.082633,641,641.1670422524626
344,,2017-04-27 22:39:23,73,"ACC开,3D定位,天线正常","湖南省常德市鼎城区,距唐家 约189米,距陈家桥 约614米",111.786593,29.087894,644,644.8075559946969
345,,2017-04-27 22:39:53,70,"ACC开,3D定位,天线正常","湖南省常德市鼎城区X042,距陈家桥 约148米,距乐尔堡国际幼儿园 约559米",111.783472,29.092105,557,557.8706209253096
346,,2017-04-27 22:40:23,71,"ACC开,3D定位,天线正常","湖南省常德市鼎城区东山路,距乐尔堡国际幼儿园 约148米,距岩马山 约218米",111.77928600000001,29.09652,637,637.5253343493579
347,,2017-04-27 22:40:53,66,"ACC开,3D定位,天线正常","湖南省常德市鼎城区东山路,距赵家 约306米,距岩马山 约338米",111.77543500000002,29.100213,555,555.543135456393
348,,2017-04-27 22:41:23,72,"ACC开,3D定位,天线正常","湖南省常德市鼎城区,距青龙咀 约440米,距泰顺房车露营公园 约483米",111.771499,29.103996000000002,568,568.4938045710153
349,,2017-04-27 22:41:53,72,"ACC开,3D定位,天线正常","湖南省常德市鼎城区S306,距湖南省高速公路警察局常德支队柳叶湖大队 约258米,距老堰岗 约357米",111.76775500000001,29.108309000000002,601,601.9215795383203
350,,2017-04-27 22:42:23,71,"ACC开,3D定位,天线正常","湖南省常德市鼎城区S306,距东山村 约318米,距湖南省高速公路警察局常德支队柳叶湖大队 约352米",111.764963,29.113229999999998,610,610.7283796894332
351,,2017-04-27 22:42:53,68,"ACC开,3D定位,天线正常","湖南省常德市鼎城区,距鲍家溶 约438米,距常德市殡仪馆 约477米",111.763281,29.118240000000004,580,580.5556253542218
352,,2017-04-27 22:43:23,73,"ACC开,3D定位,天线正常","湖南省常德市鼎城区,距株木堰 约258米,距桃树岗村 约282米",111.762685,29.123375,573,573.9143872036635
353,,2017-04-27 22:43:53,81,"ACC开,3D定位,天线正常","湖南省常德市鼎城区,距白鹤山乡桃树岗村村民委员会 约331米,距桃树岗村 约379米",111.762833,29.129258,654,654.3186211525077
354,,2017-04-27 22:44:23,72,"ACC开,3D定位,天线正常","湖南省常德市鼎城区,距响水塆 约744米,距地一庄园 约802米",111.762146,29.135061,648,648.7060733544997
355,,2017-04-27 22:44:53,73,"ACC开,3D定位,天线正常","湖南省常德市鼎城区,距响水垱 约244米,距响水塆 约419米",111.76034299999999,29.140258000000003,603,603.8303933252627
356,,2017-04-27 22:45:23,73,"ACC开,3D定位,天线正常","湖南省常德市鼎城区,距响水垱 约360米,距兴寺里 约482米",111.75825800000001,29.145396999999996,606,606.2484884084932
357,,2017-04-27 22:45:53,75,"ACC开,3D定位,天线正常","湖南省常德市鼎城区G56(杭瑞高速),距兴寺里 约471米,距八湾 约817米",111.75675600000001,29.150824,620,620.8344004455753
358,,2017-04-27 22:46:23,62,"ACC开,3D定位,天线正常","湖南省常德市鼎城区,距五方堰 约650米,距黄家湾 约691米",111.75623700000001,29.155914000000003,568,568.2225211793117
359,,2017-04-27 22:46:53,63,"ACC开,3D定位,天线正常","湖南省常德市鼎城区,距黄家湾 约209米,距五方堰 约310米",111.75632900000001,29.160439,503,503.23705572360154
360,,2017-04-27 22:47:23,67,"ACC开,3D定位,天线正常","湖南省常德市鼎城区X028,距肖伍铺 约148米,距黄家湾 约389米",111.75686,29.165535,568,568.991049479248
361,,2017-04-27 22:47:53,64,"ACC开,3D定位,天线正常","湖南省常德市鼎城区X028,距郭家坪 约344米,距蒋家堰 约449米",111.75736599999999,29.170395000000003,542,542.6367880454394
362,,2017-04-27 22:48:23,69,"ACC开,3D定位,天线正常","湖南省常德市鼎城区X028,距蒋家堰 约121米,距郭家坪 约446米",111.758228,29.17527,548,548.4986394309809
363,,2017-04-27 22:48:53,83,"ACC开,3D定位,天线正常","湖南省常德市鼎城区X028,距刘家庄 约176米,距茶庵岗 约447米",111.76075800000001,29.18082,664,664.2175688229155
364,,2017-04-27 22:49:23,57,"ACC开,3D定位,天线正常","湖南省常德市鼎城区X028,距茶庵岗 约161米,距郑家塝 约424米",111.76419399999999,29.185245000000002,594,594.4494193389212
365,,2017-04-27 22:49:53,57,"ACC开,3D定位,天线正常","湖南省常德市鼎城区,距郑家塝 约40米,距后刘坪 约275米",111.76645500000001,29.188765000000004,448,448.74880204275985
366,,2017-04-27 22:50:23,78,"ACC开,3D定位,天线正常","湖南省常德市鼎城区,距吴家大堰 约426米,距后刘坪 约513米",111.768037,29.193727000000003,572,572.7229887030509
367,,2017-04-27 22:50:53,72,"ACC开,3D定位,天线正常","湖南省常德市鼎城区,距吴家大堰 约229米,距姚家湾 约553米",111.769428,29.199414,646,646.6205254124658
368,,2017-04-27 22:51:23,66,"ACC开,3D定位,天线正常","湖南省常德市鼎城区,距东山坪 约275米,距姚家湾 约434米",111.771674,29.204040999999997,558,558.7803012493134
369,,2017-04-27 22:51:53,69,"ACC开,3D定位,天线正常","湖南省常德市鼎城区,距胡家祠堂 约139米,距东山坪 约510米",111.77331299999999,29.208795000000002,552,552.0387117325558
370,,2017-04-27 22:52:23,69,"ACC开,3D定位,天线正常","湖南省常德市鼎城区,距胡家祠堂 约649米,距青山湾 约711米",111.773574,29.214055,585,585.4344192291538
371,,2017-04-27 22:52:53,72,"ACC开,3D定位,天线正常","湖南省常德市鼎城区,距青山湾 约304米,距五方堰 约412米",111.773234,29.219441999999997,599,599.9160425694968
372,,2017-04-27 22:53:23,75,"ACC开,3D定位,天线正常","湖南省常德市鼎城区,距全家坪村 约246米,距青山湾 约580米",111.77396999999999,29.224826,602,602.9198647241898
373,,2017-04-27 22:53:53,69,"ACC开,3D定位,天线正常","湖南省常德市鼎城区X028,距西冲杨家 约301米,距全家坪村 约395米",111.775081,29.230409,630,630.0938468738616
374,,2017-04-27 22:54:23,66,"ACC开,3D定位,天线正常","湖南省常德市鼎城区X028,距西冲杨家 约279米,距黄土铺 约347米",111.77530700000001,29.235447999999998,560,560.7410035551045
375,,2017-04-27 22:54:53,67,"ACC开,3D定位,天线正常","湖南省常德市鼎城区X028,距栗山坡 约249米,距张家湾 约568米",111.77478899999998,29.240333000000003,545,545.5083346194375
376,,2017-04-27 22:55:23,71,"ACC开,3D定位,天线正常","湖南省常德市鼎城区,距张家湾 约216米,距栗山坡 约447米",111.77356499999999,29.245703999999996,608,608.9215995980614
377,,2017-04-27 22:55:53,63,"ACC开,3D定位,天线正常","湖南省常德市鼎城区,距廖家湾 约388米,距王家大堰 约464米",111.772356,29.250590999999996,555,555.9255220956018
378,,2017-04-27 22:56:23,69,"ACC开,3D定位,天线正常","湖南省常德市鼎城区,距马鞍山 约96米,距廖家湾 约497米",111.77119499999999,29.255297,535,535.2687041913416
379,,2017-04-27 22:56:53,75,"ACC开,3D定位,天线正常","湖南省常德市鼎城区,距鸡公岭 约548米,距胡家湾 约670米",111.770201,29.260912,631,631.7627482849026
380,,2017-04-27 22:57:23,67,"ACC开,3D定位,天线正常","湖南省常德市鼎城区,距鸡公岭 约241米,距庆丰水库 约638米",111.77009299999999,29.266140000000004,581,581.4222916897462
381,,2017-04-27 22:57:53,67,"ACC开,3D定位,天线正常","湖南省常德市鼎城区,距龚家冲 约375米,距庆丰水库 约398米",111.77036000000001,29.271477,594,594.0130226204432
382,,2017-04-27 22:58:23,65,"ACC开,3D定位,天线正常","湖南省常德市鼎城区,距龚家冲 约156米,距王家冲 约336米",111.770923,29.276221000000003,530,530.328464650419
383,,2017-04-27 22:58:53,71,"ACC开,3D定位,天线正常","湖南省常德市鼎城区,距王家冲 约297米,距周家冲 约437米",111.77221100000001,29.281365,585,585.4703086840032
384,,2017-04-27 22:59:23,66,"ACC开,3D定位,天线正常","湖南省常德市鼎城区,距香龙湾 约637米,距茶树湾 约645米",111.772981,29.286532,579,579.3779696411694
385,,2017-04-27 22:59:53,68,"ACC开,3D定位,天线正常","湖南省常德市临澧县,距茶树湾 约157米,距王家大塆 约275米",111.773279,29.291521999999997,555,555.6155903595011
386,,2017-04-27 23:00:23,71,"ACC开,3D定位,天线正常","湖南省常德市临澧县,距夏家台 约405米,距王家大塆 约517米",111.77387,29.296808000000002,590,590.5647863967095
387,,2017-04-27 23:00:53,65,"ACC开,3D定位,天线正常","湖南省常德市临澧县,距木鸡堰 约295米,距夏家台 约331米",111.77508999999999,29.301899,578,578.3238099912669
388,,2017-04-27 23:01:23,75,"ACC开,3D定位,天线正常","湖南省常德市临澧县,距何家堰水库 约281米,距何家岗 约295米",111.77644199999999,29.306848,565,565.7045015268876
389,,2017-04-27 23:01:53,77,"ACC开,3D定位,天线正常","湖南省常德市临澧县,距鳌山完小 约318米,距六房堰 约415米",111.777277,29.313053999999998,694,694.809806565671
390,,2017-04-27 23:02:23,71,"ACC开,3D定位,天线正常","湖南省常德市临澧县X022,距何家坪村 约305米,距雷家塆 约330米",111.77709399999999,29.318409000000003,595,595.713956826033
391,,2017-04-27 23:02:53,66,"ACC开,3D定位,天线正常","湖南省常德市临澧县X022,距何家坪村 约366米,距九方坪 约398米",111.77601899999999,29.323717,599,599.3544946786437
392,,2017-04-27 23:03:23,70,"ACC开,3D定位,天线正常","湖南省常德市临澧县X022,距九方坪 约412米,距东头湾 约475米",111.775237,29.328753000000003,565,565.0868500573034
393,,2017-04-27 23:03:53,71,"ACC开,3D定位,天线正常","湖南省常德市临澧县,距东头湾 约766米,距王下湾 约830米",111.77523500000001,29.334224,608,608.3483339496997
394,,2017-04-27 23:04:23,73,"ACC开,3D定位,天线正常","湖南省常德市临澧县,距倪家湾 约495米,距五房 约688米",111.775806,29.339525,592,592.0381467087591
395,,2017-04-27 23:04:53,70,"ACC开,3D定位,天线正常","湖南省常德市临澧县,距土桥刘家 约98米,距五房 约473米",111.77593999999999,29.345121999999996,622,622.4944038559393
396,,2017-04-27 23:05:23,71,"ACC开,3D定位,天线正常","湖南省常德市临澧县,距西刘家 约362米,距土桥刘家 约501米",111.775327,29.350278999999997,576,576.5028762451935
397,,2017-04-27 23:05:53,77,"ACC开,3D定位,天线正常","湖南省常德市临澧县,距廖家塆 约385米,距双龙村 约409米",111.773868,29.355876000000002,638,638.2210066962572
398,,2017-04-27 23:06:23,68,"ACC开,3D定位,天线正常","湖南省常德市临澧县,距廖家塆 约324米,距张家 约549米",111.772104,29.361440999999996,641,641.9815579445957
399,,2017-04-27 23:06:53,72,"ACC开,3D定位,天线正常","湖南省常德市临澧县,距双龙岗 约50米,距朱家塝 约366米",111.77051100000001,29.366463,579,579.3675652693643
400,,2017-04-27 23:07:23,78,"ACC开,3D定位,天线正常","湖南省常德市临澧县,距朱家塝 约276米,距临澧县柏枝中学 约409米",111.769272,29.372128999999997,641,641.3695126809321
401,,2017-04-27 23:07:53,74,"ACC开,3D定位,天线正常","湖南省常德市临澧县X022,距群乐村 约113米,距常德市临澧县柏枝卫生院-狂犬病暴露预防处置门诊 约239米",111.76885700000001,29.377844,636,636.7509589404647
402,,2017-04-27 23:08:23,78,"ACC开,3D定位,天线正常","湖南省常德市临澧县,距柏枝村 约115米,距新桥 约500米",111.76863700000001,29.383407000000002,618,618.9454298566768
403,,2017-04-27 23:08:53,73,"ACC开,3D定位,天线正常","湖南省常德市临澧县,距新桥 约260米,距叶家湾 约525米",111.768174,29.38932,659,659.0250500622373
404,,2017-04-27 23:09:23,71,"ACC开,3D定位,天线正常","湖南省常德市临澧县,距蜂子山 约249米,距蔡家 约354米",111.766447,29.394516999999997,601,601.6152289398216
405,,2017-04-27 23:09:53,70,"ACC开,3D定位,天线正常","湖南省常德市临澧县,距蒋家铺 约247米,距李家坪 约532米",111.763719,29.399318,595,595.6830729898121
406,,2017-04-27 23:10:23,73,"ACC开,3D定位,天线正常","湖南省常德市临澧县XJ22,距牯牛坝 约32米,距李家坪 约391米",111.760924,29.404219,608,608.5229281640458
407,,2017-04-27 23:10:53,78,"ACC开,3D定位,天线正常","湖南省常德市临澧县,距大堰塝边 约220米,距牯牛坝 约615米",111.758827,29.40955,626,626.6195863818876
408,,2017-04-27 23:11:23,72,"ACC开,3D定位,天线正常","湖南省常德市临澧县,距大堰塝边 约426米,距邹家高桥 约507米",111.75763400000001,29.415231,642,642.1818173075451
409,,2017-04-27 23:11:53,60,"ACC开,3D定位,天线正常","湖南省常德市临澧县,距马洪堰 约572米,距阮山 约698米",111.75746699999999,29.420287,562,562.4349859770091
410,,2017-04-27 23:12:23,55,"ACC开,3D定位,天线正常","湖南省常德市临澧县,距阮山 约269米,距马洪堰 约680米",111.75793999999999,29.424590999999996,480,480.7712603965069
411,,2017-04-27 23:12:53,68,"ACC开,3D定位,天线正常","湖南省常德市临澧县,距阮山 约325米,距土地垭 约493米",111.75902099999999,29.428969,497,497.94258834573327
412,,2017-04-27 23:13:23,76,"ACC开,3D定位,天线正常","湖南省常德市临澧县,距土地垭 约502米,距杨家 约870米",111.760372,29.434757,656,656.7613881287338
413,,2017-04-27 23:13:53,71,"ACC开,3D定位,天线正常","湖南省常德市临澧县,距营驻山 约543米,距头冲 约854米",111.76018400000001,29.440302000000003,616,616.84546160013
414,,2017-04-27 23:14:23,78,"ACC开,3D定位,天线正常","湖南省常德市临澧县,距营驻山 约493米,距头冲 约820米",111.75957,29.445819,616,616.3377247005677
415,,2017-04-27 23:14:53,78,"ACC开,3D定位,天线正常","湖南省常德市临澧县,距剪草湾 约466米",111.760724,29.451459000000003,637,637.0170498718023
416,,2017-04-27 23:15:23,72,"ACC开,3D定位,天线正常","湖南省常德市临澧县,距肖家塆 约351米,距剪草湾 约457米",111.763849,29.457051,691,691.5117646340068
417,,2017-04-27 23:15:53,77,"ACC开,3D定位,天线正常","湖南省常德市临澧县,距肖家咀 约301米,距育苗幼儿园 约332米",111.765934,29.461919,577,577.7134503562925
418,,2017-04-27 23:16:23,75,"ACC开,3D定位,天线正常","湖南省常德市临澧县X015,距青龙 约154米,距李家咀 约277米",111.76738300000001,29.467598,646,646.8709871289716
419,,2017-04-27 23:16:53,68,"ACC开,3D定位,天线正常","湖南省常德市临澧县,距张古堰 约272米,距李家咀 约346米",111.768387,29.472706,576,576.2406177355117
420,,2017-04-27 23:17:23,80,"ACC开,3D定位,天线正常","湖南省常德市临澧县,距胡家咀 约313米,距张古堰 约681米",111.770898,29.478005,637,637.3910756928656
421,,2017-04-27 23:17:53,72,"ACC开,3D定位,天线正常","湖南省常德市临澧县,距杨家铺 约319米,距胡家咀 约461米",111.773987,29.483006,631,631.378278327131
422,,2017-04-27 23:18:23,62,"ACC开,3D定位,天线正常","湖南省常德市临澧县,距杨家铺 约250米,距玉红庙 约355米",111.775672,29.487910999999997,569,569.2754952038325
423,,2017-04-27 23:18:53,34,"ACC开,3D定位,天线正常","湖南省常德市临澧县,距玉红庙 约71米,距鄢家港 约576米",111.776656,29.491568,417,417.6447965131044
424,,2017-04-27 23:19:23,7,"ACC开,3D定位,天线正常","湖南省常德市临澧县,距玉红庙 约201米,距鄢家港 约559米",111.77711599999999,29.492696000000002,133,133.0954492585744
425,,2017-04-27 23:19:53,0,"ACC开,3D定位,天线正常","湖南省常德市临澧县,距玉红庙 约251米,距鄢家港 约555米",111.77723300000001,29.493149,51,51.628552420392886
426,,2017-04-27 23:20:23,0,"ACC开,3D定位,天线正常","湖南省常德市临澧县,距玉红庙 约251米,距鄢家港 约555米",111.777235,29.493153999999997,0,0.5887093036759472
427,,2017-04-27 23:20:53,0,"ACC开,3D定位,天线正常","湖南省常德市临澧县,距玉红庙 约251米,距鄢家港 约555米",111.777235,29.493153999999997,0,0.0
428,,2017-04-27 23:21:23,0,"ACC开,3D定位,天线正常","湖南省常德市临澧县,距玉红庙 约251米,距鄢家港 约555米",111.77723700000001,29.493153000000003,0,0.2232360273755652
429,,2017-04-27 23:21:53,0,"ACC开,3D定位,天线正常","湖南省常德市临澧县,距玉红庙 约251米,距鄢家港 约555米",111.77723700000001,29.493153000000003,0,0.0
430,,2017-04-27 23:22:23,0,"ACC开,3D定位,天线正常","湖南省常德市临澧县,距玉红庙 约271米,距鄢家港 约571米",111.777441,29.493260999999997,23,23.10962939422402
431,,2017-04-27 23:22:53,0,"ACC开,3D定位,天线正常","湖南省常德市临澧县,距玉红庙 约291米,距鄢家港 约569米",111.777469,29.493451,21,21.300164319251333
432,,2017-04-27 23:23:23,0,"ACC开,3D定位,天线正常","湖南省常德市临澧县,距玉红庙 约286米,距鄢家港 约567米",111.777437,29.493415000000002,5,5.0612700460232345
433,,2017-04-27 23:23:53,0,"ACC开,3D定位,天线正常","湖南省常德市临澧县,距玉红庙 约285米,距鄢家港 约567米",111.77743799999999,29.493406,1,1.0054250474309299
434,,2017-04-27 23:24:23,0,"ACC开,3D定位,天线正常","湖南省常德市临澧县,距玉红庙 约284米,距鄢家港 约566米",111.777425,29.493396,1,1.679146648271462
435,,2017-04-27 23:24:53,0,"ACC开,3D定位,天线正常","湖南省常德市临澧县,距玉红庙 约283米,距鄢家港 约567米",111.77743000000001,29.49339,0,0.8241982352790683
436,,2017-04-27 23:25:23,0,"ACC开,3D定位,天线正常","湖南省常德市临澧县,距玉红庙 约283米,距鄢家港 约567米",111.777431,29.493389,0,0.147417086753412
437,,2017-04-27 23:25:53,0,"ACC开,3D定位,天线正常","湖南省常德市临澧县,距玉红庙 约283米,距鄢家港 约567米",111.777428,29.493385999999997,0,0.44225126320919317
438,,2017-04-27 23:26:23,0,"ACC开,3D定位,天线正常","湖南省常德市临澧县,距玉红庙 约283米,距鄢家港 约567米",111.777429,29.493387,0,0.14741708872908976
439,,2017-04-27 23:26:53,0,"ACC开,3D定位,天线正常","湖南省常德市临澧县,距玉红庙 约283米,距鄢家港 约567米",111.777427,29.493387,0,0.1935711867161995
440,,2017-04-27 23:27:23,0,"ACC开,3D定位,天线正常","湖南省常德市临澧县,距玉红庙 约282米,距鄢家港 约567米",111.777425,29.493384999999996,0,0.2948341783458132
441,,2017-04-27 23:27:53,0,"ACC开,3D定位,天线正常","湖南省常德市临澧县,距玉红庙 约283米,距鄢家港 约567米",111.777426,29.493385999999997,0,0.14741708963128305
442,,2017-04-27 23:28:23,0,"ACC开,3D定位,天线正常","湖南省常德市临澧县,距玉红庙 约282米,距鄢家港 约567米",111.777424,29.493384999999996,0,0.2232356433070786
443,,2017-04-27 23:28:53,0,"ACC开,3D定位,天线正常","湖南省常德市临澧县,距玉红庙 约283米,距鄢家港 约567米",111.777426,29.493385999999997,0,0.22323564355477996
444,,2017-04-27 23:29:23,0,"ACC开,3D定位,天线正常","湖南省常德市临澧县,距玉红庙 约282米,距鄢家港 约567米",111.777424,29.493384999999996,0,0.2232356433070786
445,,2017-04-27 23:29:53,0,"ACC开,3D定位,天线正常","湖南省常德市临澧县,距玉红庙 约282米,距鄢家港 约566米",111.77741499999999,29.493389,0,0.9780557702249425
446,,2017-04-27 23:30:23,0,"ACC开,3D定位,天线正常","湖南省常德市临澧县,距玉红庙 约282米,距鄢家港 约566米",111.77741599999999,29.493388,0,0.14741708738071316
447,,2017-04-27 23:30:53,0,"ACC开,3D定位,天线正常","湖南省常德市临澧县,距玉红庙 约282米,距鄢家港 约566米",111.77741599999999,29.493387,0,0.11119508345653309
448,,2017-04-27 23:31:23,0,"ACC开,3D定位,天线正常","湖南省常德市临澧县,距玉红庙 约283米,距鄢家港 约567米",111.777424,29.493385999999997,0,0.7822283718212387
449,,2017-04-27 23:31:53,0,"ACC开,3D定位,天线正常","湖南省常德市临澧县,距玉红庙 约282米,距鄢家港 约566米",111.77741999999999,29.493378000000003,0,0.9701532956833125
450,,2017-04-27 23:32:23,0,"ACC开,3D定位,天线正常","湖南省常德市临澧县,距玉红庙 约281米,距鄢家港 约566米",111.777418,29.493371000000003,0,0.8020740602025036
451,,2017-04-27 23:32:53,0,"ACC开,3D定位,天线正常","湖南省常德市临澧县,距玉红庙 约281米,距鄢家港 约565米",111.77741,29.493378000000003,1,1.0978934393162634
452,,2017-04-27 23:33:23,0,"ACC开,3D定位,天线正常","湖南省常德市临澧县,距玉红庙 约281米,距鄢家港 约566米",111.777414,29.493378999999997,0,0.4027947232882137
453,,2017-04-27 23:33:53,0,"ACC开,3D定位,天线正常","湖南省常德市临澧县,距玉红庙 约289米,距鄢家港 约572米",111.77748899999999,29.493427,9,9.009958412589855
454,,2017-04-27 23:34:23,0,"ACC开,3D定位,天线正常","湖南省常德市临澧县,距玉红庙 约286米,距鄢家港 约577米",111.777527,29.493374,6,6.946801102854938
455,,2017-04-27 23:34:53,0,"ACC开,3D定位,天线正常","湖南省常德市临澧县,距玉红庙 约286米,距鄢家港 约590米",111.77765500000001,29.493312,14,14.177623252233516
456,,2017-04-27 23:35:23,0,"ACC开,3D定位,天线正常","湖南省常德市临澧县,距玉红庙 约284米,距鄢家港 约589米",111.777643,29.493295,2,2.2186057267700376
457,,2017-04-27 23:35:53,0,"ACC开,3D定位,天线正常","湖南省常德市临澧县,距玉红庙 约284米,距鄢家港 约589米",111.777643,29.493296,0,0.11119508416385716
458,,2017-04-27 23:36:23,0,"ACC开,3D定位,天线正常","湖南省常德市临澧县,距玉红庙 约284米,距鄢家港 约590米",111.777644,29.493296,0,0.09678568092063358
459,,2017-04-27 23:36:53,0,"ACC开,3D定位,天线正常","湖南省常德市临澧县,距玉红庙 约284米,距鄢家港 约590米",111.77764499999999,29.493295,0,0.14741714491123134
460,,2017-04-27 23:37:23,0,"ACC开,3D定位,天线正常","湖南省常德市临澧县,距玉红庙 约284米,距鄢家港 约590米",111.77764499999999,29.493297,0,0.2223901679740523
461,,2017-04-27 23:37:53,0,"ACC开,3D定位,天线正常","湖南省常德市临澧县,距玉红庙 约284米,距鄢家港 约590米",111.77764499999999,29.493297,0,0.0
462,,2017-04-27 23:38:23,0,"ACC开,3D定位,天线正常","湖南省常德市临澧县,距玉红庙 约284米,距鄢家港 约590米",111.77764499999999,29.493296,0,0.11119508345653309
463,,2017-04-27 23:38:53,0,"ACC开,3D定位,天线正常","湖南省常德市临澧县,距玉红庙 约284米,距鄢家港 约590米",111.77764499999999,29.493297,0,0.11119508345653309
464,,2017-04-27 23:39:23,0,"ACC开,3D定位,天线正常","湖南省常德市临澧县,距玉红庙 约284米,距鄢家港 约590米",111.77764599999999,29.493296,0,0.14741714455882515
465,,2017-04-27 23:39:53,0,"ACC开,3D定位,天线正常","湖南省常德市临澧县,距玉红庙 约284米,距鄢家港 约590米",111.777648,29.493296,0,0.19357136184126716
466,,2017-04-27 23:40:23,0,"ACC开,3D定位,天线正常","湖南省常德市临澧县,距玉红庙 约284米,距鄢家港 约590米",111.777648,29.493296,0,0.0
467,,2017-04-27 23:40:53,0,"ACC开,3D定位,天线正常","湖南省常德市临澧县,距玉红庙 约284米,距鄢家港 约590米",111.777648,29.493295,0,0.11119508416385716
468,,2017-04-27 23:41:23,0,"ACC开,3D定位,天线正常","湖南省常德市临澧县,距玉红庙 约284米,距鄢家港 约590米",111.777649,29.493295,0,0.09678568064476376
469,,2017-04-27 23:41:53,0,"ACC开,3D定位,天线正常","湖南省常德市临澧县,距玉红庙 约284米,距鄢家港 约590米",111.77765,29.493295,0,0.09678568187609236
470,,2017-04-27 23:42:23,0,"ACC开,3D定位,天线正常","湖南省常德市临澧县,距玉红庙 约284米,距鄢家港 约590米",111.77765,29.493295,0,0.0
471,,2017-04-27 23:42:53,0,"ACC开,3D定位,天线正常","湖南省常德市临澧县,距玉红庙 约284米,距鄢家港 约590米",111.777651,29.493295,0,0.09678568187609236
472,,2017-04-27 23:43:23,0,"ACC开,3D定位,天线正常","湖南省常德市临澧县,距玉红庙 约284米,距鄢家港 约590米",111.777652,29.493294,0,0.14741714581342455
473,,2017-04-27 23:43:53,0,"ACC开,3D定位,天线正常","湖南省常德市临澧县,距玉红庙 约284米,距鄢家港 约590米",111.777653,29.493292999999998,0,0.1474171464325939
474,,2017-04-27 23:44:23,0,"ACC开,3D定位,天线正常","湖南省常德市临澧县,距玉红庙 约285米,距鄢家港 约592米",111.77766799999999,29.493295,1,1.468719768699854
475,,2017-04-27 23:44:53,0,"ACC开,3D定位,天线正常","湖南省常德市临澧县,距玉红庙 约285米,距鄢家港 约592米",111.777673,29.493297,0,0.5325824680476966
476,,2017-04-27 23:45:23,0,"ACC开,3D定位,天线正常","湖南省常德市临澧县,距玉红庙 约285米,距鄢家港 约592米",111.777672,29.493298,0,0.1474171429501153
477,,2017-04-27 23:45:53,0,"ACC开,3D定位,天线正常","湖南省常德市临澧县,距玉红庙 约285米,距鄢家港 约592米",111.777673,29.493299,0,0.1474171433898687
478,,2017-04-27 23:46:23,0,"ACC开,3D定位,天线正常","湖南省常德市临澧县,距玉红庙 约285米,距鄢家港 约592米",111.777673,29.493299,0,0.0
479,,2017-04-27 23:46:53,0,"ACC开,3D定位,天线正常","湖南省常德市临澧县,距玉红庙 约305米,距哗溪桥村 约590米",111.77798,29.493336,29,29.99668153827474
480,,2017-04-27 23:47:23,0,"ACC开,3D定位,天线正常","湖南省常德市临澧县,距玉红庙 约310米,距哗溪桥村 约579米",111.778094,29.493315999999997,11,11.25545557203607
481,,2017-04-27 23:47:53,0,"ACC开,3D定位,天线正常","湖南省常德市临澧县,距玉红庙 约310米,距哗溪桥村 约579米",111.77808700000001,29.49332,0,0.8104537469596257
482,,2017-04-27 23:48:23,0,"ACC开,3D定位,天线正常","湖南省常德市临澧县,距玉红庙 约311米,距哗溪桥村 约575米",111.778126,29.493309999999997,3,3.9350156385912545
483,,2017-04-27 23:48:53,0,"ACC开,3D定位,天线正常","湖南省常德市临澧县,距玉红庙 约310米,距哗溪桥村 约576米",111.77811799999999,29.493303000000004,1,1.097893806375091
484,,2017-04-27 23:49:23,0,"ACC开,3D定位,天线正常","湖南省常德市临澧县,距玉红庙 约311米,距哗溪桥村 约574米",111.77814,29.493303000000004,2,2.1292848244939697
485,,2017-04-27 23:49:53,0,"ACC开,3D定位,天线正常","湖南省常德市临澧县,距玉红庙 约312米,距哗溪桥村 约573米",111.778149,29.493301000000002,0,0.8990117925430617
486,,2017-04-27 23:50:23,0,"ACC开,3D定位,天线正常","湖南省常德市临澧县,距玉红庙 约311米,距哗溪桥村 约573米",111.778143,29.493299,0,0.6218409814699802
487,,2017-04-27 23:50:53,0,"ACC开,3D定位,天线正常","湖南省常德市临澧县,距玉红庙 约312米,距哗溪桥村 约573米",111.778148,29.493299,0,0.48392838780862857
