Unnamed: 0,Index,Date and Time,Speed (km/h),Distance traveled (km).1,Status,Position ,Longitude,Latitude,Distance traveled (km),Distance_geopy
2,,2017-06-12 17:34:03,0.0,0.0,"ACC开,3D定位,天线正常","湖南省长沙市宁乡县银洲路,距窑家坡 约206米,距金腾科技园 约340米",112.672826,28.276778000000004,0.0,0.2429956998257835
3,,2017-06-12 17:34:33,0.0,0.0,"ACC开,3D定位,天线正常","湖南省长沙市宁乡县银洲路,距窑家坡 约206米,距金腾科技园 约340米",112.672823,28.276778000000004,0.0,0.2937783339372785
4,,2017-06-12 17:35:03,0.0,0.0,"ACC开,3D定位,天线正常","湖南省长沙市宁乡县银洲路,距窑家坡 约207米,距金腾科技园 约340米",112.672823,28.276775,0.0,0.3335852510769234
5,,2017-06-12 17:35:33,0.0,0.0,"ACC开,3D定位,天线正常","湖南省长沙市宁乡县银洲路,距窑家坡 约206米,距金腾科技园 约341米",112.672816,28.276776,0.0,0.6944429451636503
6,,2017-06-12 17:36:03,0.0,0.0,"ACC开,3D定位,天线正常","湖南省长沙市宁乡县银洲路,距窑家坡 约205米,距金腾科技园 约341米",112.672803,28.276776,0.0,1.2730394659820692
7,,2017-06-12 17:36:33,0.0,0.0,"ACC开,3D定位,天线正常","湖南省长沙市宁乡县银洲路,距窑家坡 约205米,距金腾科技园 约341米",112.672798,28.276776,0.0,0.489630564510093
8,,2017-06-12 17:37:03,0.0,0.0,"ACC开,3D定位,天线正常","湖南省长沙市宁乡县银洲路,距窑家坡 约205米,距金腾科技园 约341米",112.672796,28.276781,0.0,0.5894631106159023
9,,2017-06-12 17:37:33,0.0,0.0,"ACC开,3D定位,天线正常","湖南省长沙市宁乡县银洲路,距窑家坡 约204米,距金腾科技园 约341米",112.672795,28.276783,0.0,0.2429956974711881
10,,2017-06-12 17:38:03,0.4,0.0,"ACC开,3D定位,天线正常","湖南省长沙市宁乡县银洲路,距窑家坡 约204米,距金腾科技园 约341米",112.67279,28.276788,0.0,0.7408418949924703
11,,2017-06-12 17:38:33,0.0,0.0,"ACC开,3D定位,天线正常","湖南省长沙市宁乡县银洲路,距窑家坡 约204米,距金腾科技园 约341米",112.67278799999998,28.276785,0.0,0.3868296874030751
12,,2017-06-12 17:39:03,0.0,0.0,"ACC开,3D定位,天线正常","湖南省长沙市宁乡县银洲路,距窑家坡 约203米,距金腾科技园 约340米",112.67279,28.276789,0.0,0.4859913926587908
13,,2017-06-12 17:39:33,0.0,0.0,"ACC开,3D定位,天线正常","湖南省长沙市宁乡县银洲路,距窑家坡 约203米,距金腾科技园 约340米",112.67279,28.276789,0.0,0.0
14,,2017-06-12 17:40:03,0.0,0.0,"ACC开,3D定位,天线正常","湖南省长沙市宁乡县银洲路,距窑家坡 约204米,距金腾科技园 约340米",112.672793,28.276788,0.0,0.3141178745548047
15,,2017-06-12 17:40:33,0.0,0.0,"ACC开,3D定位,天线正常","湖南省长沙市宁乡县银洲路,距窑家坡 约204米,距金腾科技园 约340米",112.672795,28.276788,0.0,0.1958522029914123
16,,2017-06-12 17:41:03,0.0,0.0,"ACC开,3D定位,天线正常","湖南省长沙市宁乡县银洲路,距窑家坡 约204米,距金腾科技园 约340米",112.672795,28.276788,0.0,0.0
17,,2017-06-12 17:41:33,0.0,0.0,"ACC开,3D定位,天线正常","湖南省长沙市宁乡县银洲路,距窑家坡 约204米,距金腾科技园 约340米",112.672796,28.276788,0.0,0.09792610087278757
18,,2017-06-12 17:42:03,0.0,0.0,"ACC开,3D定位,天线正常","湖南省长沙市宁乡县银洲路,距窑家坡 约204米,距金腾科技园 约340米",112.672798,28.276791,0.0,0.3868296837432802
19,,2017-06-12 17:42:33,0.0,0.0,"ACC开,3D定位,天线正常","湖南省长沙市宁乡县银洲路,距窑家坡 约204米,距金腾科技园 约340米",112.672798,28.276786,0.0,0.5559754183436522
20,,2017-06-12 17:43:03,0.0,0.0,"ACC开,3D定位,天线正常","湖南省长沙市宁乡县银洲路,距窑家坡 约204米,距金腾科技园 约340米",112.672798,28.276788,0.0,0.22239016762039024
21,,2017-06-12 17:43:33,0.0,0.0,"ACC开,3D定位,天线正常","湖南省长沙市宁乡县银洲路,距窑家坡 约204米,距金腾科技园 约340米",112.672796,28.276791,0.0,0.3868296837432802
22,,2017-06-12 17:44:03,0.0,0.0,"ACC开,3D定位,天线正常","湖南省长沙市宁乡县银洲路,距窑家坡 约203米,距金腾科技园 约340米",112.672791,28.276793,0.0,0.5377689126065746
23,,2017-06-12 17:44:33,0.0,0.0,"ACC开,3D定位,天线正常","湖南省长沙市宁乡县银洲路,距窑家坡 约203米,距金腾科技园 约340米",112.67279,28.276795,0.0,0.2429956935271845
24,,2017-06-12 17:45:03,0.0,0.0,"ACC开,3D定位,天线正常","湖南省长沙市宁乡县银洲路,距窑家坡 约203米,距金腾科技园 约340米",112.67278799999998,28.276796,0.0,0.2252164008499093
25,,2017-06-12 17:45:33,0.0,0.0,"ACC开,3D定位,天线正常","湖南省长沙市宁乡县银洲路,距窑家坡 约202米,距金腾科技园 约340米",112.67278600000002,28.276798,0.0,0.29633674154413914
26,,2017-06-12 17:46:03,0.0,0.0,"ACC开,3D定位,天线正常","湖南省长沙市宁乡县银洲路,距窑家坡 约202米,距金腾科技园 约340米",112.672781,28.276798,0.0,0.489630463378265
27,,2017-06-12 17:46:33,0.0,0.0,"ACC开,3D定位,天线正常","湖南省长沙市宁乡县银洲路,距窑家坡 约202米,距金腾科技园 约340米",112.672776,28.27680100000001,0.0,0.5924669649062695
28,,2017-06-12 17:47:03,0.0,0.0,"ACC开,3D定位,天线正常","湖南省长沙市宁乡县银洲路,距窑家坡 约202米,距金腾科技园 约340米",112.672776,28.27680100000001,0.0,0.0
29,,2017-06-12 17:47:33,0.0,0.0,"ACC开,3D定位,天线正常","湖南省长沙市宁乡县银洲路,距窑家坡 约201米,距金腾科技园 约340米",112.672773,28.27680100000001,0.0,0.2937782692541984
30,,2017-06-12 17:48:03,0.0,0.0,"ACC开,3D定位,天线正常","湖南省长沙市宁乡县银洲路,距窑家坡 约201米,距金腾科技园 约340米",112.672773,28.276803,0.0,0.22239016691306607
31,,2017-06-12 17:48:33,0.0,0.0,"ACC开,3D定位,天线正常","湖南省长沙市宁乡县银洲路,距窑家坡 约201米,距金腾科技园 约340米",112.672771,28.276805,0.0,0.29633673494952323
32,,2017-06-12 17:49:03,0.0,0.0,"ACC开,3D定位,天线正常","湖南省长沙市宁乡县银洲路,距窑家坡 约201米,距金腾科技园 约339米",112.672773,28.27680800000001,0.0,0.38682966911598266
33,,2017-06-12 17:49:33,0.0,0.0,"ACC开,3D定位,天线正常","湖南省长沙市宁乡县银洲路,距窑家坡 约201米,距金腾科技园 约338米",112.67278,28.276814,0.0,0.9565577996271128
34,,2017-06-12 17:50:03,0.0,0.0,"ACC开,3D定位,天线正常","湖南省长沙市宁乡县银洲路,距窑家坡 约199米,距金腾科技园 约338米",112.672773,28.276823,0.0,1.2130121011349166
35,,2017-06-12 17:50:33,0.1,0.0,"ACC开,3D定位,天线正常","湖南省长沙市宁乡县银洲路,距窑家坡 约199米,距金腾科技园 约337米",112.672783,28.276831,0.0,1.3229775608920673
36,,2017-06-12 17:51:03,0.0,0.0,"ACC开,3D定位,天线正常","湖南省长沙市宁乡县银洲路,距窑家坡 约198米,距金腾科技园 约335米",112.672793,28.276848,0.0,2.12890755825119
37,,2017-06-12 17:51:33,0.0,0.0,"ACC开,3D定位,天线正常","湖南省长沙市宁乡县银洲路,距窑家坡 约198米,距金腾科技园 约334米",112.672791,28.27685,0.0,0.2963366813517012
38,,2017-06-12 17:52:03,0.0,0.0,"ACC开,3D定位,天线正常","湖南省长沙市宁乡县银洲路,距窑家坡 约198米,距金腾科技园 约334米",112.672791,28.276851,0.0,0.11119508381019512
39,,2017-06-12 17:52:33,0.0,0.0,"ACC开,3D定位,天线正常","湖南省长沙市宁乡县银洲路,距窑家坡 约198米,距金腾科技园 约334米",112.672793,28.27685300000001,0.0,0.29633667850215656
40,,2017-06-12 17:53:03,0.0,0.0,"ACC开,3D定位,天线正常","湖南省长沙市宁乡县银洲路,距窑家坡 约198米,距金腾科技园 约334米",112.672793,28.276855,0.0,0.22239016585208
41,,2017-06-12 17:53:33,0.0,0.0,"ACC开,3D定位,天线正常","湖南省长沙市宁乡县银洲路,距窑家坡 约198米,距金腾科技园 约334米",112.672795,28.276855,0.0,0.1958520797943207
42,,2017-06-12 17:54:03,0.0,0.0,"ACC开,3D定位,天线正常","湖南省长沙市宁乡县银洲路,距窑家坡 约198米,距金腾科技园 约334米",112.672798,28.276856,0.0,0.3141177007606533
43,,2017-06-12 17:54:33,0.0,0.0,"ACC开,3D定位,天线正常","湖南省长沙市宁乡县银洲路,距窑家坡 约198米,距金腾科技园 约334米",112.672798,28.276856,0.0,0.0
44,,2017-06-12 17:55:03,0.0,0.0,"ACC开,3D定位,天线正常","湖南省长沙市宁乡县银洲路,距窑家坡 约198米,距金腾科技园 约334米",112.672798,28.276855,0.0,0.11119508416385716
45,,2017-06-12 17:55:33,0.0,0.0,"ACC开,3D定位,天线正常","湖南省长沙市宁乡县银洲路,距窑家坡 约198米,距金腾科技园 约334米",112.672798,28.276855,0.0,0.0
46,,2017-06-12 17:56:03,0.0,0.0,"ACC开,3D定位,天线正常","湖南省长沙市宁乡县银洲路,距窑家坡 约198米,距金腾科技园 约333米",112.672803,28.276856,0.0,0.5020976783639653
47,,2017-06-12 17:56:33,0.0,0.0,"ACC开,3D定位,天线正常","湖南省长沙市宁乡县银洲路,距窑家坡 约198米,距金腾科技园 约333米",112.672805,28.276858,0.0,0.2963366716296284
48,,2017-06-12 17:57:03,0.0,0.0,"ACC开,3D定位,天线正常","湖南省长沙市宁乡县银洲路,距窑家坡 约198米,距金腾科技园 约333米",112.672806,28.27686,0.0,0.2429956694442817
49,,2017-06-12 17:57:33,0.0,0.0,"ACC开,3D定位,天线正常","湖南省长沙市宁乡县银洲路,距窑家坡 约198米,距金腾科技园 约332米",112.672813,28.276864,0.0,0.8171385677607779
50,,2017-06-12 17:58:03,0.0,0.0,"ACC开,3D定位,天线正常","湖南省长沙市宁乡县银洲路,距窑家坡 约197米,距金腾科技园 约330米",112.672828,28.27688,0.0,2.307143614295915
51,,2017-06-12 17:58:33,0.0,0.0,"ACC开,3D定位,天线正常","湖南省长沙市宁乡县银洲路,距窑家坡 约196米,距金腾科技园 约329米",112.672826,28.276893,0.0,1.4587434999427686
52,,2017-06-12 17:59:03,0.1,0.0,"ACC开,3D定位,天线正常","湖南省长沙市宁乡县银洲路,距窑家坡 约195米,距金腾科技园 约331米",112.672798,28.276885,0.0,2.8826183775752945
53,,2017-06-12 17:59:33,0.0,0.0,"ACC开,3D定位,天线正常","湖南省长沙市宁乡县银洲路,距窑家坡 约195米,距金腾科技园 约330米",112.672801,28.276889,0.0,0.5330432248526518
54,,2017-06-12 18:00:03,0.0,0.0,"ACC开,3D定位,天线正常","湖南省长沙市宁乡县银洲路,距窑家坡 约195米,距金腾科技园 约329米",112.672811,28.276895,0.0,1.1849332248184616
55,,2017-06-12 18:00:33,0.0,0.0,"ACC开,3D定位,天线正常","湖南省长沙市宁乡县银洲路,距窑家坡 约195米,距金腾科技园 约329米",112.67281,28.276895,0.0,0.09792600249892726
56,,2017-06-12 18:01:03,0.0,0.0,"ACC开,3D定位,天线正常","湖南省长沙市宁乡县银洲路,距窑家坡 约195米,距金腾科技园 约330米",112.672805,28.276893,0.0,0.5377684865015491
57,,2017-06-12 18:01:33,0.0,0.0,"ACC开,3D定位,天线正常","湖南省长沙市宁乡县银洲路,距窑家坡 约195米,距金腾科技园 约329米",112.672815,28.276895,0.0,1.0041950076934212
58,,2017-06-12 18:02:03,1.3,0.0,"ACC开,3D定位,天线正常","湖南省长沙市宁乡县银洲路,距窑家坡 约196米,距金腾科技园 约327米",112.672835,28.276906,0.0,2.3090877869159416
59,,2017-06-12 18:02:33,0.6,0.0,"ACC开,3D定位,天线正常","湖南省长沙市宁乡县银洲路,距窑家坡 约195米,距金腾科技园 约327米",112.672835,28.276908,0.0,0.22239016762039024
60,,2017-06-12 18:03:03,0.0,0.0,"ACC开,3D定位,天线正常","湖南省长沙市宁乡县银洲路,距长沙艾森设备维护技术有限公司 约69米,距长沙特耐金属材料科技有限公司 约126米",112.672831,28.276916,0.0,0.9719825976712916
61,,2017-06-12 18:03:33,0.1,0.0,"ACC开,3D定位,天线正常","湖南省长沙市宁乡县银洲路,距窑家坡 约193米,距金腾科技园 约325米",112.672828,28.27693,0.0,1.5842087669346396
62,,2017-06-12 18:04:03,0.0,0.0,"ACC开,3D定位,天线正常","湖南省长沙市宁乡县银洲路,距窑家坡 约193米,距金腾科技园 约323米",112.672836,28.276941,0.0,1.4525197457791523
63,,2017-06-12 18:04:33,0.0,0.0,"ACC开,3D定位,天线正常","湖南省长沙市宁乡县银洲路,距窑家坡 约193米,距金腾科技园 约324米",112.672831,28.276936,0.0,0.7408414295625942
64,,2017-06-12 18:05:03,0.0,0.0,"ACC开,3D定位,天线正常","湖南省长沙市宁乡县银洲路,距窑家坡 约192米,距金腾科技园 约324米",112.67282,28.276938,0.0,1.0999028265907276
65,,2017-06-12 18:05:33,0.1,0.0,"ACC开,3D定位,天线正常","湖南省长沙市宁乡县银洲路,距窑家坡 约192米,距金腾科技园 约325米",112.672815,28.276939,0.0,0.5020973075087504
66,,2017-06-12 18:06:03,0.0,0.0,"ACC开,3D定位,天线正常","湖南省长沙市宁乡县银洲路,距窑家坡 约192米,距金腾科技园 约325米",112.672816,28.276938,0.0,0.14816828726652848
67,,2017-06-12 18:06:33,0.0,0.0,"ACC开,3D定位,天线正常","湖南省长沙市宁乡县银洲路,距窑家坡 约192米,距金腾科技园 约325米",112.672813,28.276936,0.0,0.3684600904714959
68,,2017-06-12 18:07:03,0.0,0.0,"ACC开,3D定位,天线正常","湖南省长沙市宁乡县银洲路,距窑家坡 约192米,距金腾科技园 约325米",112.672811,28.276935,0.0,0.22521617461780616
69,,2017-06-12 18:07:33,0.0,0.0,"ACC开,3D定位,天线正常","湖南省长沙市宁乡县银洲路,距窑家坡 约191米,距金腾科技园 约326米",112.672801,28.276933000000003,0.0,1.004194651349314
70,,2017-06-12 18:08:03,0.2,0.0,"ACC开,3D定位,天线正常","湖南省长沙市宁乡县银洲路,距长沙艾森设备维护技术有限公司 约66米,距长沙特耐金属材料科技有限公司 约125米",112.672806,28.276938,0.0,0.7408414390048209
71,,2017-06-12 18:08:33,0.2,0.0,"ACC开,3D定位,天线正常","湖南省长沙市宁乡县银洲路,距窑家坡 约191米,距金腾科技园 约324米",112.67281,28.276943,0.0,0.6801033518628269
72,,2017-06-12 18:09:03,0.0,0.0,"ACC开,3D定位,天线正常","湖南省长沙市宁乡县银洲路,距窑家坡 约191米,距金腾科技园 约324米",112.672813,28.276946,0.0,0.4445048455865357
73,,2017-06-12 18:09:33,0.0,0.0,"ACC开,3D定位,天线正常","湖南省长沙市宁乡县银洲路,距窑家坡 约191米,距金腾科技园 约324米",112.672816,28.27695,0.0,0.5330431318308325
74,,2017-06-12 18:10:03,0.1,0.0,"ACC开,3D定位,天线正常","湖南省长沙市宁乡县银洲路,距窑家坡 约192米,距金腾科技园 约324米",112.672826,28.276943,0.0,1.2509205702611894
75,,2017-06-12 18:10:33,0.0,0.0,"ACC开,3D定位,天线正常","湖南省长沙市宁乡县银洲路,距窑家坡 约192米,距金腾科技园 约325米",112.672825,28.276935,0.0,0.8949344553679824
76,,2017-06-12 18:11:03,0.0,0.0,"ACC开,3D定位,天线正常","湖南省长沙市宁乡县银洲路,距窑家坡 约192米,距金腾科技园 约325米",112.672825,28.276935,0.0,0.0
77,,2017-06-12 18:11:33,0.0,0.0,"ACC开,3D定位,天线正常","湖南省长沙市宁乡县银洲路,距窑家坡 约193米,距金腾科技园 约325米",112.672828,28.276928,0.0,0.8319606032921203
78,,2017-06-12 18:12:03,0.0,0.0,"ACC开,3D定位,天线正常","湖南省长沙市宁乡县银洲路,距窑家坡 约193米,距金腾科技园 约325米",112.672826,28.276926,0.0,0.2963365862541652
79,,2017-06-12 18:12:33,0.0,0.0,"ACC开,3D定位,天线正常","湖南省长沙市宁乡县银洲路,距窑家坡 约194米,距金腾科技园 约326米",112.672826,28.276923,0.0,0.3335852517842475
80,,2017-06-12 18:13:03,0.0,0.0,"ACC开,3D定位,天线正常","湖南省长沙市宁乡县银洲路,距窑家坡 约194米,距金腾科技园 约327米",112.672823,28.276914,0.0,1.0429849272660086
81,,2017-06-12 18:13:33,0.0,0.0,"ACC开,3D定位,天线正常","湖南省长沙市宁乡县银洲路,距窑家坡 约194米,距金腾科技园 约327米",112.67282,28.27691,0.0,0.5330431852982657
82,,2017-06-12 18:14:03,0.0,0.0,"ACC开,3D定位,天线正常","湖南省长沙市宁乡县银洲路,距窑家坡 约195米,距金腾科技园 约327米",112.67282,28.276908,0.0,0.22239016691306607
83,,2017-06-12 18:14:33,0.0,0.0,"ACC开,3D定位,天线正常","湖南省长沙市宁乡县银洲路,距窑家坡 约194米,距金腾科技园 约328米",112.672816,28.276906,0.0,0.4504324437773573
84,,2017-06-12 18:15:03,0.0,0.0,"ACC开,3D定位,天线正常","湖南省长沙市宁乡县银洲路,距窑家坡 约195米,距金腾科技园 约328米",112.672815,28.276901,0.0,0.5645335829471294
85,,2017-06-12 18:15:33,0.0,0.0,"ACC开,3D定位,天线正常","湖南省长沙市宁乡县银洲路,距窑家坡 约195米,距金腾科技园 约328米",112.672823,28.2769,0.0,0.7912600210034259
86,,2017-06-12 18:16:03,0.0,0.0,"ACC开,3D定位,天线正常","湖南省长沙市宁乡县银洲路,距窑家坡 约195米,距金腾科技园 约328米",112.672823,28.2769,0.0,0.0
87,,2017-06-12 18:16:33,0.0,0.0,"ACC开,3D定位,天线正常","湖南省长沙市宁乡县银洲路,距窑家坡 约196米,距金腾科技园 约328米",112.672823,28.276898,0.0,0.22239016762039024
88,,2017-06-12 18:17:03,0.0,0.0,"ACC开,3D定位,天线正常","湖南省长沙市宁乡县银洲路,距窑家坡 约196米,距金腾科技园 约328米",112.672823,28.276898,0.0,0.0
89,,2017-06-12 18:17:33,0.0,0.0,"ACC开,3D定位,天线正常","湖南省长沙市宁乡县银洲路,距窑家坡 约196米,距金腾科技园 约328米",112.672826,28.276898,0.0,0.2937780029598381
90,,2017-06-12 18:18:03,0.0,0.0,"ACC开,3D定位,天线正常","湖南省长沙市宁乡县银洲路,距长沙艾森设备维护技术有限公司 约70米,距长沙特耐金属材料科技有限公司 约124米",112.672826,28.2769,0.0,0.22239016762039024
91,,2017-06-12 18:18:33,0.0,0.0,"ACC开,3D定位,天线正常","湖南省长沙市宁乡县银洲路,距窑家坡 约196米,距金腾科技园 约328米",112.672825,28.2769,0.0,0.09792599914784553
92,,2017-06-12 18:19:03,0.0,0.0,"ACC开,3D定位,天线正常","湖南省长沙市宁乡县银洲路,距窑家坡 约195米,距金腾科技园 约328米",112.672826,28.276903000000004,0.0,0.34766164736012795
93,,2017-06-12 18:19:33,0.0,0.0,"ACC开,3D定位,天线正常","湖南省长沙市宁乡县银洲路,距窑家坡 约195米,距金腾科技园 约327米",112.672825,28.276905,0.0,0.242995652447808
94,,2017-06-12 18:20:03,0.0,0.0,"ACC开,3D定位,天线正常","湖南省长沙市宁乡县银洲路,距窑家坡 约195米,距金腾科技园 约327米",112.672828,28.276905,0.0,0.29377798365278096
95,,2017-06-12 18:20:33,0.0,0.0,"ACC开,3D定位,天线正常","湖南省长沙市宁乡县银洲路,距窑家坡 约196米,距金腾科技园 约328米",112.672831,28.276901,0.0,0.533043198389051
96,,2017-06-12 18:21:03,0.0,0.0,"ACC开,3D定位,天线正常","湖南省长沙市宁乡县银洲路,距窑家坡 约196米,距金腾科技园 约328米",112.672831,28.2769,0.0,0.11119508416385716
97,,2017-06-12 18:21:33,0.0,0.0,"ACC开,3D定位,天线正常","湖南省长沙市宁乡县银洲路,距窑家坡 约196米,距金腾科技园 约327米",112.67283,28.276903000000004,0.0,0.3476616470092127
98,,2017-06-12 18:22:03,0.0,0.0,"ACC开,3D定位,天线正常","湖南省长沙市宁乡县银洲路,距窑家坡 约196米,距金腾科技园 约327米",112.67283,28.276903000000004,0.0,0.0
99,,2017-06-12 18:22:33,0.0,0.0,"ACC开,3D定位,天线正常","湖南省长沙市宁乡县银洲路,距窑家坡 约196米,距金腾科技园 约327米",112.672835,28.276906,0.0,0.5924665643833756
100,,2017-06-12 18:23:03,0.0,0.0,"ACC开,3D定位,天线正常","湖南省长沙市宁乡县银洲路,距窑家坡 约196米,距金腾科技园 约327米",112.672835,28.276903000000004,0.0,0.33358525107692344
101,,2017-06-12 18:23:33,0.0,0.0,"ACC开,3D定位,天线正常","湖南省长沙市宁乡县银洲路,距窑家坡 约196米,距金腾科技园 约327米",112.672833,28.276905,0.0,0.2963366134236109
102,,2017-06-12 18:24:03,0.0,0.0,"ACC开,3D定位,天线正常","湖南省长沙市宁乡县银洲路,距窑家坡 约197米,距金腾科技园 约328米",112.67283799999998,28.276895,0.0,1.2149782686799842
103,,2017-06-12 18:24:33,0.0,0.0,"ACC开,3D定位,天线正常","湖南省长沙市宁乡县银洲路,距窑家坡 约197米,距金腾科技园 约328米",112.67284,28.276895,0.0,0.1958520074895266
104,,2017-06-12 18:25:03,0.0,0.0,"ACC开,3D定位,天线正常","湖南省长沙市宁乡县银洲路,距窑家坡 约196米,距金腾科技园 约328米",112.672831,28.276895,0.0,0.8813340299653614
105,,2017-06-12 18:25:33,0.0,0.0,"ACC开,3D定位,天线正常","湖南省长沙市宁乡县银洲路,距窑家坡 约196米,距金腾科技园 约329米",112.672823,28.276893,0.0,0.8143620421140191
106,,2017-06-12 18:26:03,0.0,0.0,"ACC开,3D定位,天线正常","湖南省长沙市宁乡县银洲路,距窑家坡 约196米,距金腾科技园 约329米",112.672821,28.276893,0.0,0.1958520099212243
107,,2017-06-12 18:26:33,0.0,0.0,"ACC开,3D定位,天线正常","湖南省长沙市宁乡县银洲路,距窑家坡 约196米,距金腾科技园 约329米",112.672818,28.276893,0.0,0.2937780155047545
108,,2017-06-12 18:27:03,0.0,0.0,"ACC开,3D定位,天线正常","湖南省长沙市宁乡县银洲路,距窑家坡 约195米,距金腾科技园 约329米",112.672816,28.276895,0.0,0.2963366258416279
109,,2017-06-12 18:27:33,0.0,0.0,"ACC开,3D定位,天线正常","湖南省长沙市宁乡县银洲路,距窑家坡 约196米,距金腾科技园 约329米",112.672818,28.276893,0.0,0.29633662553439394
110,,2017-06-12 18:28:03,0.0,0.0,"ACC开,3D定位,天线正常","湖南省长沙市宁乡县银洲路,距窑家坡 约196米,距金腾科技园 约329米",112.672818,28.276893,0.0,0.0
111,,2017-06-12 18:28:33,0.0,0.0,"ACC开,3D定位,天线正常","湖南省长沙市宁乡县银洲路,距窑家坡 约196米,距金腾科技园 约329米",112.672818,28.276893,0.0,0.0
112,,2017-06-12 18:29:03,0.0,0.0,"ACC开,3D定位,天线正常","湖南省长沙市宁乡县银洲路,距窑家坡 约196米,距金腾科技园 约329米",112.67282,28.276893,0.0,0.1958520111670604
113,,2017-06-12 18:29:33,0.0,0.0,"ACC开,3D定位,天线正常","湖南省长沙市宁乡县银洲路,距窑家坡 约196米,距金腾科技园 约329米",112.67282,28.276893,0.0,0.0
114,,2017-06-12 18:30:03,0.0,0.0,"ACC开,3D定位,天线正常","湖南省长沙市宁乡县银洲路,距窑家坡 约196米,距金腾科技园 约329米",112.672821,28.276893,0.0,0.09792600433769416
115,,2017-06-12 18:30:33,0.1,0.0,"ACC开,3D定位,天线正常","湖南省长沙市宁乡县银洲路,距窑家坡 约196米,距金腾科技园 约329米",112.672826,28.276891,0.0,0.5377684948723953
116,,2017-06-12 18:31:03,16.2,0.0,"ACC开,3D定位,天线正常","湖南省长沙市宁乡县银洲路,距窑家坡 约163米,距金腾科技园 约234米",112.67313500000002,28.277718,0.0,96.80879840679493
117,,2017-06-12 18:31:33,25.3,0.0,"ACC开,3D定位,天线正常","湖南省长沙市宁乡县金水路,距金腾科技园 约213米,距窑家坡 约306米",112.674631,28.27760300000001,0.0,147.0532869528075
118,,2017-06-12 18:32:03,0.2,0.0,"ACC开,3D定位,天线正常","湖南省长沙市宁乡县金水路,距金腾科技园 约235米,距龙桥安置区 约261米",112.675158,28.27751,0.0,52.63258488123518
119,,2017-06-12 18:32:33,33.7,0.0,"ACC开,3D定位,天线正常","湖南省长沙市宁乡县,距龙桥安置区 约223米,距工友超市 约337米",112.674836,28.276258,0.0,142.74256886704703
120,,2017-06-12 18:33:03,12.7,0.0,"ACC开,3D定位,天线正常","湖南省长沙市宁乡县金沙路,距洪家老屋 约236米,距天润购物广场 约356米",112.673711,28.274103000000004,0.0,263.73744382285906
121,,2017-06-12 18:33:33,26.5,0.0,"ACC开,3D定位,天线正常","湖南省长沙市宁乡县金沙路,距邦普循环科技园 约304米,距洪家老屋 约400米",112.67216100000002,28.274668,0.0,164.27681825198064
122,,2017-06-12 18:34:03,32.6,1.0,"ACC开,3D定位,天线正常","湖南省长沙市宁乡县金沙路,距邦普循环科技园 约48米,距湖南邦普循环科技有限公司 约276米",112.669448,28.27523,1.0,272.92866827039325
123,,2017-06-12 18:34:33,19.6,1.0,"ACC开,3D定位,天线正常","湖南省长沙市宁乡县金沙路,距湖南邦普循环科技有限公司 约68米,距刘家冲 约160米",112.667283,28.275285,1.0,212.1012454069929
124,,2017-06-12 18:35:03,6.9,1.0,"ACC开,3D定位,天线正常","湖南省长沙市宁乡县金洲北路,距星港工业园 约223米,距湖南邦普循环科技有限公司 约263米",112.666533,28.273196,1.0,243.62141895917838
125,,2017-06-12 18:38:08,0.0,1.0,"ACC开,3D定位,天线正常","湖南省长沙市宁乡县金洲北路,距星港工业园 约218米,距湖南邦普循环科技有限公司 约260米",112.666496,28.273223,1.0,4.705586635767237
126,,2017-06-12 18:38:32,0.0,1.0,"ACC开,3D定位,天线正常","湖南省长沙市宁乡县金洲北路,距星港工业园 约218米,距湖南邦普循环科技有限公司 约260米",112.6665,28.273221000000003,1.0,0.4504442277600942
127,,2017-06-12 18:39:02,6.3,1.0,"ACC开,3D定位,天线正常","湖南省长沙市宁乡县金洲北路,距星港工业园 约242米,距湖南邦普循环科技有限公司 约276米",112.666678,28.273076,1.0,23.74480042304279
128,,2017-06-12 18:39:32,11.7,1.0,"ACC开,3D定位,天线正常","湖南省长沙市宁乡县金洲北路,距星港工业园 约217米,距湖南邦普循环科技有限公司 约239米",112.666661,28.273406,1.0,36.732123622952386
129,,2017-06-12 18:40:02,25.8,1.0,"ACC开,3D定位,天线正常","湖南省长沙市宁乡县金沙路,距湖南邦普循环科技有限公司 约93米,距刘家冲 约199米",112.667191,28.274868,1.0,170.65148458862294
130,,2017-06-12 18:40:32,27.8,2.0,"ACC开,3D定位,天线正常","湖南省长沙市宁乡县金洲北路,距刘家冲 约78米,距湖南邦普循环科技有限公司 约61米",112.666211,28.275936,2.0,152.68623565702083
131,,2017-06-12 18:41:02,25.3,2.0,"ACC开,3D定位,天线正常","湖南省长沙市宁乡县金沙路,距红宇新材工程技术研究中心 约47米,距袁家巷子 约182米",112.664216,28.276451,2.0,203.58363096549363
132,,2017-06-12 18:41:32,28.7,2.0,"ACC开,3D定位,天线正常","湖南省长沙市宁乡县金沙路,距袁家巷子 约107米,距红宇新材工程技术研究中心 约201米",112.66206,28.277031,2.0,220.75942356944088
133,,2017-06-12 18:42:02,24.9,2.0,"ACC开,3D定位,天线正常","湖南省长沙市宁乡县金沙路,距中南大学抗磨材料研究所 约137米,距袁家巷子 约298米",112.65983500000002,28.277553,2.0,225.48339569066673
134,,2017-06-12 18:42:32,0.3,2.0,"ACC开,3D定位,天线正常","湖南省长沙市宁乡县金沙路,距中南大学抗磨材料研究所 约107米,距袁家巷子 约350米",112.659303,28.277686,2.0,54.154734393818465
135,,2017-06-12 18:43:02,18.9,2.0,"ACC开,3D定位,天线正常","湖南省长沙市宁乡县樟树坡路,距中南大学抗磨材料研究所 约122米,距罗家塘 约284米",112.658185,28.277961,2.0,113.67054853626591
136,,2017-06-12 18:43:32,30.3,3.0,"ACC开,3D定位,天线正常","湖南省长沙市宁乡县金沙路,距罗家塘 约171米,距中南大学抗磨材料研究所 约286米",112.656271,28.278451,3.0,195.18698363991055
137,,2017-06-12 18:44:02,25.2,3.0,"ACC开,3D定位,天线正常","湖南省长沙市宁乡县金沙路,距罗家塘 约67米,距中南大学抗磨材料研究所 约347米",112.655176,28.27763,3.0,140.82571517597128
138,,2017-06-12 18:44:32,3.2,3.0,"ACC开,3D定位,天线正常","湖南省长沙市宁乡县金沙路,距罗家塘 约145米,距长沙服装工业学校 约296米",112.654536,28.276061,3.0,185.3805008181644
139,,2017-06-12 18:47:37,0.0,3.0,"ACC开,3D定位,天线正常","湖南省长沙市宁乡县金沙路,距罗家塘 约145米,距长沙服装工业学校 约296米",112.654531,28.276066,3.0,0.7408440879787176
140,,2017-06-12 18:48:42,0.0,3.0,"ACC开,3D定位,天线正常","湖南省长沙市宁乡县金沙路,距罗家塘 约145米,距长沙服装工业学校 约297米",112.65453,28.276068,3.0,0.2429959627041665
141,,2017-06-12 18:49:12,12.3,3.0,"ACC开,3D定位,天线正常","湖南省长沙市宁乡县樟树坡路,距罗家塘 约194米,距长沙服装工业学校 约285米",112.654393,28.27561,3.0,52.66482454098773
142,,2017-06-12 18:49:42,17.0,3.0,"ACC开,3D定位,天线正常","湖南省长沙市宁乡县樟树坡路,距罗家塘 约177米,距长沙服装工业学校 约263米",112.654663,28.275648,3.0,26.7758368693668
143,,2017-06-12 18:50:12,35.4,3.0,"ACC开,3D定位,天线正常","湖南省长沙市宁乡县金沙路,距罗家塘 约77米,距中南大学抗磨材料研究所 约331米",112.655386,28.277779,3.0,247.30793904677208
144,,2017-06-12 18:50:42,12.8,4.0,"ACC开,3D定位,天线正常","湖南省长沙市宁乡县樟树坡路,距崔家冲 约191米,距刘家老屋 约366米",112.656431,28.280375,4.0,306.2638563965149
145,,2017-06-12 18:51:12,17.9,4.0,"ACC开,3D定位,天线正常","湖南省长沙市宁乡县樟树坡路,距崔家冲 约175米,距刘家老屋 约339米",112.65644,28.280706,4.0,36.81612254403064
146,,2017-06-12 18:51:42,29.5,4.0,"ACC开,3D定位,天线正常","湖南省长沙市宁乡县金水路,距南竹山 约241米,距崔家冲 约263米",112.656985,28.282596,4.0,216.82884987793815
147,,2017-06-12 18:52:12,38.9,4.0,"ACC开,3D定位,天线正常","湖南省长沙市宁乡县金水路,距南竹山 约38米,距金洲中心幼儿园 约270米",112.658681,28.283893,4.0,219.95345801567737
148,,2017-06-12 18:52:42,49.0,4.0,"ACC开,3D定位,天线正常","湖南省长沙市宁乡县金水路,距刘家老屋 约235米,距全民安置区 约217米",112.65653600000002,28.283176,4.0,224.66066093962917
149,,2017-06-12 18:53:12,69.7,5.0,"ACC开,3D定位,天线正常","湖南省长沙市宁乡县金水西路,距刘家老屋 约295米,距小塘村 约410米",112.651673,28.284498,5.0,498.3566275822088
150,,2017-06-12 18:53:42,71.8,5.0,"ACC开,3D定位,天线正常","湖南省长沙市宁乡县X077,距阿公岭 约484米,距五家咀 约488米",112.646175,28.286833,5.0,597.6930369414681
151,,2017-06-12 18:54:12,69.2,6.0,"ACC开,3D定位,天线正常","湖南省长沙市宁乡县,距五家咀 约124米,距响水坝 约134米",112.641206,28.289890000000003,6.0,593.5241656079759
152,,2017-06-12 18:54:42,71.3,6.0,"ACC开,3D定位,天线正常","湖南省长沙市宁乡县,距马景塘 约292米,距峡山湾村 约349米",112.636536,28.293056,6.0,577.0736147529401
153,,2017-06-12 18:55:12,70.7,7.0,"ACC开,3D定位,天线正常","湖南省长沙市宁乡县,距竹山湾 约279米,距熊家洲 约290米",112.63178,28.296258,7.0,586.1799663047527
154,,2017-06-12 18:55:42,69.5,8.0,"ACC开,3D定位,天线正常","湖南省长沙市宁乡县X073,距渔场 约203米,距竹山湾 约323米",112.626908,28.299568,8.0,602.4908874469752
155,,2017-06-12 18:56:12,71.4,8.0,"ACC开,3D定位,天线正常","湖南省长沙市宁乡县,距花门楼 约160米,距茶庵寺村 约215米",112.621981,28.30272,8.0,596.2578005347858
156,,2017-06-12 18:56:42,74.1,9.0,"ACC开,3D定位,天线正常","湖南省长沙市宁乡县谐园路,距崔家冲 约178米,距好怡家超市 约502米",112.616598,28.305346000000004,9.0,602.4893208584451
157,,2017-06-12 18:57:12,69.9,9.0,"ACC开,3D定位,天线正常","湖南省长沙市宁乡县,距杨家屋场 约201米,距石头坑 约245米",112.610973,28.30747,9.0,599.1910009949338
158,,2017-06-12 18:57:42,63.3,10.0,"ACC开,3D定位,天线正常","湖南省长沙市宁乡县,距石家冲 约257米,距干冲子 约308米",112.605711,28.30948,10.0,561.5300541418485
159,,2017-06-12 18:58:12,54.9,11.0,"ACC开,3D定位,天线正常","湖南省长沙市宁乡县,距干冲子 约181米,距赵子龙 约363米",112.601073,28.311093,11.0,488.18028383203244
160,,2017-06-12 18:58:42,64.3,11.0,"ACC开,3D定位,天线正常","湖南省长沙市宁乡县,距赵子龙 约324米,距张家水碓 约499米",112.596408,28.31238,11.0,478.57312891766463
161,,2017-06-12 18:59:12,71.3,12.0,"ACC开,3D定位,天线正常","湖南省长沙市宁乡县,距任家铺子 约81米,距井坑上 约514米",112.59064,28.31372,12.0,583.9741314245584
162,,2017-06-12 18:59:42,70.9,12.0,"ACC开,3D定位,天线正常","湖南省长沙市宁乡县,距泉冲 约78米,距正源尚峰尚水 约344米",112.584706,28.315005,12.0,598.2036592818437
163,,2017-06-12 19:00:12,72.8,13.0,"ACC开,3D定位,天线正常","湖南省长沙市宁乡县蓝月谷西路辅路,距龙家屋场 约123米,距欣莹宾馆 约398米",112.578881,28.316371000000004,13.0,590.0949159540719
164,,2017-06-12 19:00:42,72.1,13.0,"ACC开,3D定位,天线正常","湖南省长沙市宁乡县蓝月谷西路辅路,距龙家屋场 约503米,距佘公塘冲 约507米",112.572921,28.317708000000003,13.0,602.062865067358
165,,2017-06-12 19:01:12,71.8,14.0,"ACC开,3D定位,天线正常","湖南省长沙市宁乡县蓝月谷西路辅路,距学堂屋场 约129米,距长槐村 约278米",112.567056,28.319245,14.0,599.0102905269694
166,,2017-06-12 19:01:42,70.9,15.0,"ACC开,3D定位,天线正常","湖南省长沙市宁乡县蓝月谷西路辅路,距朱家湾 约258米,距大梅家冲 约367米",112.561596,28.321738,15.0,602.0708261715188
167,,2017-06-12 19:02:12,69.8,15.0,"ACC开,3D定位,天线正常","湖南省长沙市宁乡县,距顶塘 约180米,距亚超平安保险服务点 约197米",112.556918,28.324998,15.0,584.0151902065834
168,,2017-06-12 19:03:42,71.8,17.0,"ACC开,3D定位,天线正常","湖南省长沙市宁乡县,距周家坝 约394米,距学田湾 约401米",112.54323,28.336573,17.0,1857.8120628504828
169,,2017-06-12 19:04:12,74.1,18.0,"ACC开,3D定位,天线正常","湖南省益阳市赫山区X022,距周家坝 约226米,距李家湾 约549米",112.539886,28.341235,18.0,613.0561277614856
170,,2017-06-12 19:04:42,70.8,18.0,"ACC开,3D定位,天线正常","湖南省益阳市赫山区,距李家湾 约236米,距周家湾 约534米",112.537244,28.34611,18.0,600.5819911081122
171,,2017-06-12 19:05:12,63.9,19.0,"ACC开,3D定位,天线正常","湖南省益阳市赫山区,距黄家冲 约54米,距熊家湾 约459米",112.53475,28.350721000000004,19.0,567.8461257637556
172,,2017-06-12 19:05:42,58.6,19.0,"ACC开,3D定位,天线正常","湖南省益阳市赫山区,距熊家湾 约326米,距铁炉冲 约388米",112.532671,28.354925,19.0,509.8153678882239
173,,2017-06-12 19:06:12,67.8,20.0,"ACC开,3D定位,天线正常","湖南省益阳市赫山区,距仙峰寺村 约371米,距铁炉冲 约542米",112.531176,28.359368,20.0,515.2433714016744
174,,2017-06-12 19:06:42,74.4,20.0,"ACC开,3D定位,天线正常","湖南省益阳市赫山区,距枫树山 约369米,距仙峰寺村 约719米",112.53031599999998,28.364771,20.0,606.6515522302142
175,,2017-06-12 19:07:12,70.5,21.0,"ACC开,3D定位,天线正常","湖南省益阳市赫山区,距木家塘村 约243米,距枫树山 约327米",112.529658,28.370246,21.0,612.187761971101
176,,2017-06-12 19:07:42,76.3,22.0,"ACC开,3D定位,天线正常","湖南省益阳市赫山区,距长冲 约198米,距木家塘村 约393米",112.528145,28.375633,22.0,617.0274237229473
177,,2017-06-12 19:08:12,73.9,22.0,"ACC开,3D定位,天线正常","湖南省益阳市赫山区,距邓家塘 约497米,距王家湾 约552米",112.525471,28.38067,22.0,618.1726848459083
178,,2017-06-12 19:08:42,74.9,23.0,"ACC开,3D定位,天线正常","湖南省益阳市赫山区,距王家湾 约92米,距邓家塘 约538米",112.523588,28.386013,23.0,622.017987306834
179,,2017-06-12 19:09:12,75.2,24.0,"ACC开,3D定位,天线正常","湖南省益阳市赫山区,距唐家坪 约215米,距谭家屋场 约244米",112.521623,28.391356,24.0,624.4376912414776
180,,2017-06-12 19:09:42,74.0,24.0,"ACC开,3D定位,天线正常","湖南省益阳市赫山区,距徐家湾 约412米,距余家台 约596米",112.518185,28.396055,24.0,621.3772445541624
181,,2017-06-12 19:10:12,74.6,25.0,"ACC开,3D定位,天线正常","湖南省益阳市赫山区,距徐家湾 约247米,距泥鳅塘 约541米",112.515173,28.40095,25.0,618.9190838409675
182,,2017-06-12 19:10:42,73.8,25.0,"ACC开,3D定位,天线正常","湖南省益阳市赫山区,距围子屋场 约461米,距樟树咀村 约611米",112.51295,28.406155,25.0,618.2645406021137
183,,2017-06-12 19:11:12,74.5,26.0,"ACC开,3D定位,天线正常","湖南省益阳市赫山区,距伞匠湾 约375米,距喻家冲 约428米",112.510541,28.411215,26.0,609.9872438065862
184,,2017-06-12 19:11:42,71.9,27.0,"ACC开,3D定位,天线正常","湖南省益阳市赫山区,距喻家冲 约348米,距高家拐 约382米",112.507466,28.415993,27.0,610.500441501858
185,,2017-06-12 19:12:12,74.2,27.0,"ACC开,3D定位,天线正常","湖南省益阳市赫山区,距汤家湾 约214米,距高家拐 约385米",112.50422,28.420756,27.0,617.4712488351751
186,,2017-06-12 19:12:42,73.6,28.0,"ACC开,3D定位,天线正常","湖南省益阳市赫山区,距哲士公 约411米,距梅家塘 约511米",112.500945,28.425435,28.0,610.9531255321127
187,,2017-06-12 19:13:12,72.4,28.0,"ACC开,3D定位,天线正常","湖南省益阳市赫山区,距白毛冲 约450米,距黄家塘 约619米",112.497725,28.43017,28.0,613.4794206006238
188,,2017-06-12 19:13:42,73.0,29.0,"ACC开,3D定位,天线正常","湖南省益阳市赫山区,距黄家塘 约66米,距新塘 约440米",112.49496,28.43507,29.0,608.2492136344997
189,,2017-06-12 19:14:12,71.8,30.0,"ACC开,3D定位,天线正常","湖南省益阳市赫山区,距益阳市臻盛精密制造有限公司 约274米,距神庵塘 约281米",112.492658,28.440108,30.0,603.7284852617294
190,,2017-06-12 19:14:42,73.4,30.0,"ACC开,3D定位,天线正常","湖南省益阳市赫山区欧家冲路,距湖南友欣仪器设备有限公司 约85米,距雪花湾 约200米",112.49041,28.445281,30.0,615.7746900806428
191,,2017-06-12 19:15:12,75.4,31.0,"ACC开,3D定位,天线正常","湖南省益阳市赫山区高新大道,距牛角塘 约127米,距益阳市仪纬科技有限公司 约214米",112.488716,28.450548,31.0,608.6318689735348
192,,2017-06-12 19:15:42,74.4,31.0,"ACC开,3D定位,天线正常","湖南省益阳市赫山区X023,距东建混凝土 约216米,距拓鑫门窗 约260米",112.487641,28.455945,31.0,609.2527820517241
193,,2017-06-12 19:16:12,69.2,32.0,"ACC开,3D定位,天线正常","湖南省益阳市赫山区,距龙塘 约284米,距马头屋场 约379米",112.486543,28.461413,32.0,617.4167913181965
194,,2017-06-12 19:16:42,73.3,33.0,"ACC开,3D定位,天线正常","湖南省益阳市赫山区,距排子冲 约345米,距石子塘 约458米",112.485375,28.46666500000001,33.0,595.053076591028
195,,2017-06-12 19:17:12,72.7,33.0,"ACC开,3D定位,天线正常","湖南省益阳市赫山区,距朱家村 约135米,距排子冲 约290米",112.483743,28.471945,33.0,608.3967708350344
196,,2017-06-12 19:17:42,71.6,34.0,"ACC开,3D定位,天线正常","湖南省益阳市赫山区,距仓成湾 约167米,距朱家村 约535米",112.48172,28.477090000000004,34.0,605.3067679681585
197,,2017-06-12 19:18:12,75.5,35.0,"ACC开,3D定位,天线正常","湖南省益阳市赫山区,距仓成湾 约466米,距高古洲 约485米",112.4792,28.482066,35.0,605.6510686584486
198,,2017-06-12 19:18:42,74.6,35.0,"ACC开,3D定位,天线正常","湖南省益阳市赫山区,距高古洲 约158米,距新石桥 约368米",112.4767,28.487243,35.0,625.3646465934241
199,,2017-06-12 19:19:12,72.9,36.0,"ACC开,3D定位,天线正常","湖南省益阳市赫山区,距吊牛咀 约322米,距黄皋塅村 约515米",112.474205,28.49231,36.0,613.925052950203
200,,2017-06-12 19:19:42,72.3,36.0,"ACC开,3D定位,天线正常","湖南省益阳市赫山区,距苏家村 约145米,距吊牛咀 约457米",112.471305,28.497185,36.0,611.6889834557109
201,,2017-06-12 19:20:12,70.6,37.0,"ACC开,3D定位,天线正常","湖南省益阳市赫山区S7101(益阳南线高速),距磨田公 约462米,距苏家村 约593米",112.46777,28.501611,37.0,601.2833881083474
202,,2017-06-12 19:20:42,71.9,38.0,"ACC开,3D定位,天线正常","湖南省益阳市赫山区,距杨家冲 约216米,距芦公塘村 约594米",112.463973,28.505805,38.0,595.9428424886928
203,,2017-06-12 19:21:12,71.5,38.0,"ACC开,3D定位,天线正常","湖南省益阳市赫山区,距长塘冲 约350米,距杨家冲 约532米",112.460861,28.510451,38.0,599.461411061915
204,,2017-06-12 19:21:42,74.3,39.0,"ACC开,3D定位,天线正常","湖南省益阳市赫山区,距长塘冲 约295米,距草塘村 约296米",112.458331,28.51555,39.0,618.529814642706
205,,2017-06-12 19:22:12,75.7,39.0,"ACC开,3D定位,天线正常","湖南省益阳市赫山区,距新塘坡 约308米,距泮泗塘 约456米",112.45506,28.520333,39.0,620.4811775765792
206,,2017-06-12 19:22:42,72.7,40.0,"ACC开,3D定位,天线正常","湖南省益阳市赫山区,距泮泗塘 约304米,距新塘坡 约316米",112.45102,28.524588,40.0,616.1567104752784
207,,2017-06-12 19:23:12,72.0,41.0,"ACC开,3D定位,天线正常","湖南省益阳市赫山区,距划林塘村 约158米,距红旗驾校 约190米",112.44708,28.528673,41.0,595.390763398254
208,,2017-06-12 19:23:42,71.7,41.0,"ACC开,3D定位,天线正常","湖南省益阳市赫山区X020,距宁龙香葡萄园 约340米,距瓦屋湾 约401米",112.443418,28.533191,41.0,616.7393322837778
209,,2017-06-12 19:24:12,71.3,42.0,"ACC开,3D定位,天线正常","湖南省益阳市赫山区,距老官塘 约482米,距宁龙香葡萄园 约495米",112.440266,28.537701,42.0,588.4733146207352
210,,2017-06-12 19:24:42,72.9,42.0,"ACC开,3D定位,天线正常","湖南省益阳市赫山区,距罗家咀 约138米,距仁锋村 约350米",112.437056,28.542418,42.0,611.0885821998187
211,,2017-06-12 19:25:12,74.5,43.0,"ACC开,3D定位,天线正常","湖南省益阳市赫山区,距仙锋村 约345米,距联想电脑专卖店 约476米",112.433293,28.54686,43.0,615.6863035952684
212,,2017-06-12 19:25:42,74.5,44.0,"ACC开,3D定位,天线正常","湖南省益阳市赫山区,距联想电脑专卖店 约144米,距益阳鸿图建筑材料有限公司 约454米",112.428806,28.55081,44.0,620.4779299688964
213,,2017-06-12 19:26:12,74.6,44.0,"ACC开,3D定位,天线正常","湖南省益阳市赫山区,距南塘村 约163米,距益阳市农科所 约207米",112.423793,28.554181,44.0,616.6350344832191
214,,2017-06-12 19:26:42,73.8,45.0,"ACC开,3D定位,天线正常","湖南省益阳市赫山区,距徐师傅修理厂 约276米,距银城二手车交易市场 约283米",112.418346,28.557096,45.0,622.966612464577
215,,2017-06-12 19:27:12,75.4,46.0,"ACC开,3D定位,天线正常","湖南省益阳市赫山区G319(桃花仑东路),距东部渔具 约90米,距双杰汽车修理厂 约89米",112.412895,28.55998300000001,46.0,621.6743101310095
216,,2017-06-12 19:27:42,74.3,46.0,"ACC开,3D定位,天线正常","湖南省益阳市赫山区桃花仑东路1215号,距益阳轮胎城 约14米,距河南修校油泵 约14米",112.407733,28.563213,46.0,618.9909031158966
217,,2017-06-12 19:28:12,73.2,47.0,"ACC开,3D定位,天线正常","湖南省益阳市赫山区龙凤巷40号,距夜香港性保健用品专店 约26米,距益阳新鑫宾馆 约47米",112.40291100000002,28.56669500000001,47.0,609.6485842751146
218,,2017-06-12 19:28:42,74.0,47.0,"ACC开,3D定位,天线正常","湖南省益阳市赫山区银城北路1,距益阳粮油包装印刷厂 约53米,距旺府商务酒店 约53米",112.398135,28.570298,47.0,614.8541721138598
219,,2017-06-12 19:29:12,73.5,48.0,"ACC开,3D定位,天线正常","湖南省益阳市赫山区桃花仑东路,距益阳市烟草专卖局赫山宿舍区 约107米,距益阳市烟草专卖局公司赫山宿舍区-东北门 约148米",112.393355,28.573940000000004,48.0,617.9715145285454
220,,2017-06-12 19:29:42,72.8,49.0,"ACC开,3D定位,天线正常","湖南省益阳市赫山区桃花仑东路566号,距湖南省中医院临床指导医院 约73米,距海利不锈钢管国飞不锈钢 约78米",112.38873999999998,28.577535,49.0,602.4006168350193
221,,2017-06-12 19:30:12,71.5,49.0,"ACC开,3D定位,天线正常","湖南省益阳市赫山区桃花仑东路431号,距欧尚窗帘墙纸软包益师店 约29米,距中源房地产(赫山店) 约32米",112.384348,28.581551,49.0,619.1435772645291
222,,2017-06-12 19:30:42,73.8,50.0,"ACC开,3D定位,天线正常","湖南省益阳市赫山区三里桥路,距赫山区政府 约97米,距益阳市赫山区人民政府-南门 约98米",112.380568,28.58584,50.0,603.0548260813389
223,,2017-06-12 19:31:12,74.3,50.0,"ACC开,3D定位,天线正常","湖南省益阳市赫山区嘉骏路108号,距益阳齿轮厂家属区南区 约44米,距赫山区三里桥农贸市场 约125米",112.377153,28.590591,50.0,624.7134459073236
224,,2017-06-12 19:31:42,74.7,51.0,"ACC开,3D定位,天线正常","湖南省益阳市赫山区关公路,距梓山新城 约66米,距三里桥安置一区-西门 约96米",112.373835,28.595338,51.0,619.3234130491272
225,,2017-06-12 19:32:12,69.9,52.0,"ACC开,3D定位,天线正常","湖南省益阳市赫山区资江三大桥,距斗魁塔 约109米,距资江三大桥 约156米",112.370645,28.599918,52.0,596.9533992159787
226,,2017-06-12 19:32:42,73.7,52.0,"ACC开,3D定位,天线正常","湖南省益阳市资阳区资江三大桥,距白马山村卫生室 约387米,距白马山 约393米",112.367518,28.60447000000001,52.0,591.0926092211497
227,,2017-06-12 19:33:12,73.0,53.0,"ACC开,3D定位,天线正常","湖南省益阳市资阳区白马山南路,距桂鱼村 约169米,距嘉财富便利超市 约201米",112.364238,28.609183,53.0,614.1397011856965
228,,2017-06-12 19:33:42,74.3,53.0,"ACC开,3D定位,天线正常","湖南省益阳市资阳区白马山北路,距山野生态农庄 约285米,距杨家湾 约293米",112.360998,28.613808,53.0,603.7490890867799
229,,2017-06-12 19:34:12,74.2,54.0,"ACC开,3D定位,天线正常","湖南省益阳市资阳区资阳东路,距杨树学校 约148米,距天主堂 约159米",112.356566,28.617590000000003,54.0,603.3355129525409
230,,2017-06-12 19:35:42,73.3,56.0,"ACC开,3D定位,天线正常","湖南省益阳市资阳区贺家桥北路,距南湖圫 约324米,距红联农贸大市场 约461米",112.340938,28.626956,56.0,1847.0142937041821
231,,2017-06-12 19:36:12,74.6,57.0,"ACC开,3D定位,天线正常","湖南省益阳市资阳区S204,距合兴小区 约279米,距益阳湘丰机械有限公司 约274米",112.335428,28.62965100000001,57.0,615.6395140970005
232,,2017-06-12 19:36:42,74.2,57.0,"ACC开,3D定位,天线正常","湖南省益阳市资阳区,距石竹巷 约189米,距新屋村 约312米",112.32969,28.631988,57.0,617.375835363834
233,,2017-06-12 19:37:12,74.9,58.0,"ACC开,3D定位,天线正常","湖南省益阳市资阳区,距黑巷口 约91米,距观塘仑 约503米",112.323975,28.634586,58.0,628.135974438778
234,,2017-06-12 19:37:42,72.4,58.0,"ACC开,3D定位,天线正常","湖南省益阳市资阳区,距观塘仑 约117米,距飞羽农场 约198米",112.319443,28.638308,58.0,605.731462340038
235,,2017-06-12 19:38:12,73.6,59.0,"ACC开,3D定位,天线正常","湖南省益阳市资阳区,距芭茅塘 约163米,距上马坪 约494米",112.314898,28.642053000000004,59.0,608.3945823623312
236,,2017-06-12 19:38:42,71.9,60.0,"ACC开,3D定位,天线正常","湖南省益阳市资阳区,距瓜棚湾 约256米,距资阳区新型农村合作医疗定点医院 约298米",112.309583,28.644936,60.0,609.747502117973
237,,2017-06-12 19:39:12,74.6,60.0,"ACC开,3D定位,天线正常","湖南省益阳市资阳区G319(厦成线),距瓜棚湾 约368米,距楼子屋场 约545米",112.303811,28.647156,60.0,614.9766281665458
238,,2017-06-12 19:39:42,71.9,61.0,"ACC开,3D定位,天线正常","湖南省益阳市资阳区G319(厦成线),距楼子屋场 约104米,距光荣村 约377米",112.298416,28.64994,61.0,610.7274280145767
239,,2017-06-12 19:40:12,64.0,61.0,"ACC开,3D定位,天线正常","湖南省益阳市资阳区,距光荣天主堂 约226米,距光荣村 约416米",112.293805,28.65334600000001,61.0,588.1168301421347
240,,2017-06-12 19:40:42,71.1,62.0,"ACC开,3D定位,天线正常","湖南省益阳市资阳区,距牛角仑村 约331米,距万家山 约357米",112.289388,28.656641,62.0,565.6820019525862
241,,2017-06-12 19:41:12,71.9,63.0,"ACC开,3D定位,天线正常","湖南省益阳市资阳区,距三眼塘 约263米,距中国娃艺校乖孩子分校 约302米",112.284656,28.660176,63.0,606.3737638186777
242,,2017-06-12 19:41:42,72.6,63.0,"ACC开,3D定位,天线正常","湖南省益阳市资阳区,距金盆山 约330米,距三眼塘 约396米",112.27988,28.663723,63.0,610.4982919996652
243,,2017-06-12 19:42:12,74.8,64.0,"ACC开,3D定位,天线正常","湖南省益阳市资阳区,距迎丰桥镇 约211米,距迎风桥镇人民政府 约226米",112.275008,28.667323,64.0,621.4447942240146
244,,2017-06-12 19:42:42,73.5,64.0,"ACC开,3D定位,天线正常","湖南省益阳市资阳区,距鑫鑫门业 约441米,距陈家桥村 约453米",112.270141,28.670841,64.0,615.2219164169236
245,,2017-06-12 19:43:12,73.0,65.0,"ACC开,3D定位,天线正常","湖南省益阳市资阳区,距马家桥 约287米,距小明星艺术幼儿园 约444米",112.264908,28.673733,65.0,603.3692693482196
246,,2017-06-12 19:43:42,73.0,66.0,"ACC开,3D定位,天线正常","湖南省益阳市资阳区,距迎风桥 约466米,距迎风汽车站 约466米",112.259393,28.676001,66.0,594.2031648410464
247,,2017-06-12 19:44:12,73.3,66.0,"ACC开,3D定位,天线正常","湖南省益阳市资阳区G319(厦成线),距迎风桥 约260米,距迎风汽车站 约260米",112.253355,28.677638,66.0,616.5265204142522
248,,2017-06-12 19:44:42,71.7,67.0,"ACC开,3D定位,天线正常","湖南省益阳市资阳区G319(厦成线),距迎风桥镇优化经济建设软环境办公室 约270米,距益阳国基实验学校 约279米",112.247345,28.678818,67.0,600.8058523858566
249,,2017-06-12 19:45:12,73.6,67.0,"ACC开,3D定位,天线正常","湖南省益阳市资阳区G319(厦成线),距黄花仑村 约49米,距高平中学 约195米",112.241296,28.67999600000001,67.0,604.464500801357
250,,2017-06-12 19:45:42,74.1,68.0,"ACC开,3D定位,天线正常","湖南省益阳市资阳区,距益阳市第一职业中专学校 约290米,距黄花仑蓓蕾幼儿园 约307米",112.235171,28.681195,68.0,612.2021659887713
251,,2017-06-12 19:46:12,73.5,69.0,"ACC开,3D定位,天线正常","湖南省益阳市资阳区,距陈家村 约182米,距银丰园林双塘基苗圃 约397米",112.229161,28.682661,69.0,608.5229494598733
252,,2017-06-12 19:46:42,71.1,69.0,"ACC开,3D定位,天线正常","湖南省益阳市资阳区G319(厦成线),距桂花咀 约285米,距双塘基 约301米",112.223758,28.685251,69.0,600.6099122365179
253,,2017-06-12 19:47:12,74.3,70.0,"ACC开,3D定位,天线正常","湖南省益阳市资阳区G319(厦成线),距昌长湾 约75米,距银树冲 约301米",112.218825,28.688348,70.0,591.7284995287382
254,,2017-06-12 19:47:42,71.9,70.0,"ACC开,3D定位,天线正常","湖南省益阳市资阳区,距益阳市大泉精细化工有限公司 约309米,距昌长湾 约564米",112.21326,28.690785,70.0,606.711483992241
255,,2017-06-12 19:48:12,68.3,71.0,"ACC开,3D定位,天线正常","湖南省常德市汉寿县G319(厦成线),距水竹村 约114米,距祝家仑村 约659米",112.20739,28.691990000000004,71.0,588.042493032966
256,,2017-06-12 19:48:42,71.8,72.0,"ACC开,3D定位,天线正常","湖南省常德市汉寿县G319(厦成线),距祝家仑村 约367米,距水竹村 约477米",112.201803,28.693906,72.0,585.1262997701443
257,,2017-06-12 19:49:12,73.0,72.0,"ACC开,3D定位,天线正常","湖南省常德市汉寿县G319(厦成线),距砖屋湾 约426米,距祝家仑村 约670米",112.196648,28.696921000000003,72.0,604.3295125159087
258,,2017-06-12 19:49:42,69.0,73.0,"ACC开,3D定位,天线正常","湖南省常德市汉寿县G319(厦成线),距砖屋湾 约292米,距文村里 约513米",112.191213,28.699266,73.0,590.7683062924548
259,,2017-06-12 19:50:12,69.7,73.0,"ACC开,3D定位,天线正常","湖南省常德市汉寿县G319(厦成线),距大路塘 约548米,距夏家冲 约582米",112.185523,28.700841,73.0,581.9477109684608
260,,2017-06-12 19:50:42,72.4,74.0,"ACC开,3D定位,天线正常","湖南省常德市汉寿县G319(厦成线),距大路塘 约136米,距夏家冲 约218米",112.179666,28.70245,74.0,598.6117177678415
261,,2017-06-12 19:51:12,71.2,75.0,"ACC开,3D定位,天线正常","湖南省常德市汉寿县G319(厦成线),距好兄弟KTV 约312米,距嘉都酒店 约329米",112.174258,28.704786,75.0,587.9386007410335
262,,2017-06-12 19:51:42,71.8,75.0,"ACC开,3D定位,天线正常","湖南省常德市汉寿县G319(厦成线),距中国农业银行(军山铺分理处) 约116米,距湖南万友大学 约135米",112.16915,28.707905,75.0,607.0097921864057
263,,2017-06-12 19:52:12,72.3,76.0,"ACC开,3D定位,天线正常","湖南省常德市汉寿县G319(厦成线),距长安汽车(军山铺镇店) 约56米,距汉寿县公安局交通警察大队军山铺中队 约89米",112.163686,28.710401,76.0,600.82631586564
264,,2017-06-12 19:52:42,73.8,76.0,"ACC开,3D定位,天线正常","湖南省常德市汉寿县,距红旗 约299米,距枫树塘 约314米",112.157665,28.711893,76.0,610.1786019850252
265,,2017-06-12 19:53:12,73.8,77.0,"ACC开,3D定位,天线正常","湖南省常德市汉寿县,距红旗 约317米,距万寿桥村 约502米",112.151405,28.712465,77.0,613.7981970615233
266,,2017-06-12 19:53:42,72.6,78.0,"ACC开,3D定位,天线正常","湖南省常德市汉寿县,距罗家塘 约230米,距尾基湾村 约457米",112.145186,28.712926,78.0,608.6549095540437
267,,2017-06-12 19:54:12,73.1,78.0,"ACC开,3D定位,天线正常","湖南省常德市汉寿县G5513(长常高速),距毛家咀 约257米,距尾基湾村 约418米",112.138898,28.713196000000003,78.0,613.953881413441
268,,2017-06-12 19:54:42,74.7,79.0,"ACC开,3D定位,天线正常","湖南省常德市汉寿县G5513(长常高速),距李家湾 约342米,距红花坳 约632米",112.132581,28.712921,79.0,616.8059839557004
269,,2017-06-12 19:55:12,78.2,80.0,"ACC开,3D定位,天线正常","湖南省常德市汉寿县G5513(长常高速),距红花坳 约308米,距李家湾 约856米",112.126108,28.712445,80.0,633.4783104146301
270,,2017-06-12 19:55:42,71.1,80.0,"ACC开,3D定位,天线正常","湖南省常德市汉寿县,距欧家冲 约556米,距红花坳 约767米",112.119698,28.71195100000001,80.0,627.5310052881732
271,,2017-06-12 19:56:12,73.8,81.0,"ACC开,3D定位,天线正常","湖南省常德市汉寿县,距欧家冲 约571米,距红土墙小学 约577米",112.113613,28.71196500000001,81.0,593.4306795882046
272,,2017-06-12 19:56:42,78.3,81.0,"ACC开,3D定位,天线正常","湖南省常德市汉寿县,距红土墙小学 约265米,距田坪里 约431米",112.107035,28.712943,81.0,650.6568699977123
273,,2017-06-12 19:57:12,75.5,82.0,"ACC开,3D定位,天线正常","湖南省常德市汉寿县G319(厦成线),距田坪里 约292米,距常德瑞鸿石材工艺 约348米",112.100798,28.713808,82.0,615.8018998817677
274,,2017-06-12 19:57:42,75.5,83.0,"ACC开,3D定位,天线正常","湖南省常德市汉寿县G319(厦成线),距常德瑞鸿石材工艺 约375米,距白石碑 约598米",112.094205,28.714138,83.0,644.0042786583716
275,,2017-06-12 19:58:12,72.0,83.0,"ACC开,3D定位,天线正常","湖南省常德市汉寿县G319(厦成线),距白石碑 约205米,距油山冲 约711米",112.088065,28.714098,83.0,598.7965671413697
276,,2017-06-12 19:58:42,73.9,84.0,"ACC开,3D定位,天线正常","湖南省常德市汉寿县G319(厦成线),距老屋湾 约397米,距白石碑 约656米",112.081968,28.71429,84.0,594.9693728753607
277,,2017-06-12 19:59:12,73.0,84.0,"ACC开,3D定位,天线正常","湖南省常德市汉寿县G319(厦成线),距老屋湾 约330米,距大桥冲村 约334米",112.075943,28.71605,84.0,619.2944504305668
278,,2017-06-12 19:59:42,74.4,85.0,"ACC开,3D定位,天线正常","湖南省常德市汉寿县,距中湾 约347米,距大桥中心幼儿园 约362米",112.070196,28.718291,85.0,613.3395083107115
279,,2017-06-12 20:00:12,68.0,86.0,"ACC开,3D定位,天线正常","湖南省常德市汉寿县,距戴家湾 约367米,距马家冲村 约575米",112.064658,28.720466,86.0,591.7261458615848
280,,2017-06-12 20:00:42,77.4,86.0,"ACC开,3D定位,天线正常","湖南省常德市汉寿县,距马家冲村 约55米,距戴家湾 约252米",112.058876,28.722753000000004,86.0,618.5232925818549
281,,2017-06-12 20:01:12,74.8,87.0,"ACC开,3D定位,天线正常","湖南省常德市汉寿县,距帝武湾 约497米,距彭家坝 约584米",112.05365,28.726071,87.0,629.1329115269752
282,,2017-06-12 20:01:42,72.8,88.0,"ACC开,3D定位,天线正常","湖南省常德市汉寿县,距杨家湾 约399米,距帝武湾 约548米",112.049133,28.730068,88.0,625.7189328053099
283,,2017-06-12 20:02:12,74.7,88.0,"ACC开,3D定位,天线正常","湖南省常德市汉寿县,距杨家湾 约226米,距易家咀 约468米",112.044038,28.733451,88.0,623.1396405256856
284,,2017-06-12 20:02:42,73.2,89.0,"ACC开,3D定位,天线正常","湖南省常德市汉寿县,距瓦窑冲 约310米,距永固桥村 约506米",112.038731,28.736571,89.0,622.9808889355318
285,,2017-06-12 20:03:12,73.6,89.0,"ACC开,3D定位,天线正常","湖南省常德市汉寿县,距团山湾 约623米,距王家湾 约719米",112.033893,28.740075,89.0,611.8078757577863
286,,2017-06-12 20:03:42,69.7,90.0,"ACC开,3D定位,天线正常","湖南省常德市汉寿县,距王家湾 约588米,距周家湾 约734米",112.02951000000002,28.743886,90.0,601.813853969496
287,,2017-06-12 20:04:12,70.3,91.0,"ACC开,3D定位,天线正常","湖南省常德市汉寿县,距周家湾 约190米,距水井山 约773米",112.025186,28.7477,91.0,597.9688746904294
288,,2017-06-12 20:04:42,71.7,91.0,"ACC开,3D定位,天线正常","湖南省常德市汉寿县,距水井山 约408米,距叶家庙 约452米",112.02091,28.751793,91.0,617.1762446700378
289,,2017-06-12 20:05:12,68.8,92.0,"ACC开,3D定位,天线正常","湖南省常德市汉寿县,距叶家庙 约162米,距黄家湾村 约232米",112.017025,28.756105,92.0,611.0053093156592
290,,2017-06-12 20:05:42,72.6,92.0,"ACC开,3D定位,天线正常","湖南省常德市汉寿县,距黄家湾村 约564米,距林家冲 约599米",112.01338,28.760293,92.0,585.7568820527373
291,,2017-06-12 20:06:12,69.9,93.0,"ACC开,3D定位,天线正常","湖南省常德市汉寿县,距唐家湾 约87米,距林家冲 约374米",112.009213,28.76421,93.0,595.5584914203023
292,,2017-06-12 20:06:42,77.8,94.0,"ACC开,3D定位,天线正常","湖南省常德市汉寿县,距井边湾 约45米,距涂家塅 约480米",112.004194,28.767621,94.0,619.0239849262596
293,,2017-06-12 20:07:12,74.7,94.0,"ACC开,3D定位,天线正常","湖南省常德市汉寿县,距康家山 约571米,距新屋冲 约611米",111.998508,28.770601,94.0,645.7190454074598
294,,2017-06-12 20:07:42,75.0,95.0,"ACC开,3D定位,天线正常","湖南省常德市汉寿县,距新屋冲 约187米,距胜文冲 约415米",111.993026,28.773551,95.0,626.9711383452027
295,,2017-06-12 20:08:12,73.7,96.0,"ACC开,3D定位,天线正常","湖南省常德市汉寿县,距三星垸 约250米,距缸儿口村 约566米",111.988133,28.777031,96.0,614.1359395475537
296,,2017-06-12 20:08:42,70.7,96.0,"ACC开,3D定位,天线正常","湖南省常德市汉寿县,距新堤 约407米,距三星垸 约431米",111.983578,28.780756,96.0,607.1573656045708
297,,2017-06-12 20:09:12,70.9,97.0,"ACC开,3D定位,天线正常","湖南省常德市汉寿县金牛大道,距土地坝 约207米,距白积冲 约441米",111.978831,28.784141,97.0,596.4061023595099
298,,2017-06-12 20:09:42,71.2,97.0,"ACC开,3D定位,天线正常","湖南省常德市汉寿县,距白积冲 约176米,距土地坝 约407米",111.973695,28.787231,97.0,607.1095137453605
299,,2017-06-12 20:10:12,67.8,98.0,"ACC开,3D定位,天线正常","湖南省常德市汉寿县麒麟路,距常德金仙耐磨材料有限公司 约193米,距杨家冲 约244米",111.96874,28.790056,98.0,576.0566701102482
300,,2017-06-12 20:10:42,73.4,98.0,"ACC开,3D定位,天线正常","湖南省常德市汉寿县S205,距湖南金能科技实业有限公司-西北门 约81米,距湖南金能科技实业有限公司 约125米",111.963551,28.79274,98.0,587.1678554656722
301,,2017-06-12 20:11:12,73.8,99.0,"ACC开,3D定位,天线正常","湖南省常德市汉寿县麒麟路,距汉寿县玉贤耐磨材料厂 约271米,距湖南徕木电子有限公司 约443米",111.957835,28.795065,99.0,614.0781177827778
302,,2017-06-12 20:11:42,75.1,100.0,"ACC开,3D定位,天线正常","湖南省常德市汉寿县金马路,距湖南徕木电子有限公司 约312米,距湖南汉寿中煤科技有限公司 约331米",111.951843,28.796878000000003,100.0,617.7115804026997
303,,2017-06-12 20:12:12,71.8,100.0,"ACC开,3D定位,天线正常","湖南省常德市汉寿县麒麟路,距汉寿顶辉印刷有限公司 约40米,距汉寿县正月商贸有限公司 约162米",111.945858,28.79819,100.0,601.1683438121339
304,,2017-06-12 20:12:42,75.6,101.0,"ACC开,3D定位,天线正常","湖南省常德市汉寿县,距竹子陂村 约208米,距汉寿顶辉印刷有限公司 约565米",111.939896,28.799416,101.0,596.7305240495352
305,,2017-06-12 20:13:12,72.6,102.0,"ACC开,3D定位,天线正常","湖南省常德市汉寿县,距杨罗碑 约307米,距贺家桥 约611米",111.933618,28.80082,102.0,631.3407382375021
306,,2017-06-12 20:13:42,75.0,102.0,"ACC开,3D定位,天线正常","湖南省常德市汉寿县,距杨罗碑 约308米,距贺家桥 约341米",111.927575,28.802353000000004,102.0,613.0044958187133
307,,2017-06-12 20:14:12,76.7,103.0,"ACC开,3D定位,天线正常","湖南省常德市汉寿县G319(厦成线),距马嘶桥村 约354米,距马嘶桥 约448米",111.921558,28.804563,103.0,635.7015602293893
308,,2017-06-12 20:14:42,73.4,103.0,"ACC开,3D定位,天线正常","湖南省常德市汉寿县,距马嘶桥 约399米,距盐白堤 约688米",111.915896,28.807305,103.0,630.3272148515367
309,,2017-06-12 20:15:12,75.6,104.0,"ACC开,3D定位,天线正常","湖南省常德市汉寿县,距中岭坪 约848米,距盐白堤 约850米",111.910431,28.810151,104.0,619.4129956542213
310,,2017-06-12 20:15:42,72.8,105.0,"ACC开,3D定位,天线正常","湖南省常德市汉寿县,距黄岭岗村 约454米,距岩嘴派出所 约576米",111.904828,28.81283,105.0,621.8907271767428
311,,2017-06-12 20:16:12,75.1,105.0,"ACC开,3D定位,天线正常","湖南省常德市汉寿县,距岩嘴派出所 约301米,距岩嘴派出所-西南门 约310米",111.898915,28.814818,105.0,617.0476933321228
312,,2017-06-12 20:16:42,74.3,106.0,"ACC开,3D定位,天线正常","湖南省常德市汉寿县,距小光庙 约734米,距岩嘴派出所 约779米",111.893015,28.816761,106.0,614.0769352329198
313,,2017-06-12 20:17:12,74.4,107.0,"ACC开,3D定位,天线正常","湖南省常德市汉寿县,距严家河 约460米,距张家湾 约488米",111.887153,28.818726,107.0,611.4726751428499
314,,2017-06-12 20:17:42,73.7,107.0,"ACC开,3D定位,天线正常","湖南省常德市汉寿县,距严家河 约261米,距熊家 约395米",111.881623,28.82143,107.0,616.9678900729717
315,,2017-06-12 20:18:12,73.9,108.0,"ACC开,3D定位,天线正常","湖南省常德市汉寿县,距向阳河 约96米,距熊家 约234米",111.876781,28.825025,108.0,618.3056594463138
316,,2017-06-12 20:18:42,74.7,108.0,"ACC开,3D定位,天线正常","湖南省常德市汉寿县,距马家障 约433米,距詹家坪 约459米",111.872098,28.828788,108.0,619.0300041961921
317,,2017-06-12 20:19:12,74.0,109.0,"ACC开,3D定位,天线正常","湖南省常德市汉寿县,距马家障 约352米,距肖家湾 约381米",111.867105,28.832303000000003,109.0,623.9631459630441
318,,2017-06-12 20:19:42,73.6,110.0,"ACC开,3D定位,天线正常","湖南省常德市汉寿县X036,距肖家湾 约306米,距曾家桥 约339米",111.861783,28.83533,110.0,618.0961098968638
319,,2017-06-12 20:20:12,72.5,110.0,"ACC开,3D定位,天线正常","湖南省常德市汉寿县,距耀言湾村 约290米,距曾家桥 约318米",111.856375,28.838215,110.0,616.7681845054558
320,,2017-06-12 20:20:42,71.6,111.0,"ACC开,3D定位,天线正常","湖南省常德市汉寿县,距肖家 约20米,距耀言湾村 约357米",111.850981,28.84063,111.0,590.0461742038559
321,,2017-06-12 20:21:12,72.1,111.0,"ACC开,3D定位,天线正常","湖南省常德市汉寿县,距射鹿溶 约101米,距华鑫米业有限公司 约496米",111.845171,28.842411,111.0,599.5576529275569
322,,2017-06-12 20:21:42,74.5,112.0,"ACC开,3D定位,天线正常","湖南省常德市汉寿县G319(厦成线),距冲水洞 约329米,距华鑫米业有限公司 约357米",111.839088,28.843873,112.0,614.3860165806884
323,,2017-06-12 20:22:12,71.7,113.0,"ACC开,3D定位,天线正常","湖南省常德市汉寿县G319(厦成线),距常德宝来建材有限公司 约189米,距冲水洞 约289米",111.83317,28.845783,113.0,614.2899061151018
324,,2017-06-12 20:22:42,74.1,113.0,"ACC开,3D定位,天线正常","湖南省常德市汉寿县G319(厦成线),距焦家坝 约328米,距常德宝来建材有限公司 约439米",111.82753999999998,28.848288,113.0,615.0356555013848
325,,2017-06-12 20:23:12,74.3,114.0,"ACC开,3D定位,天线正常","湖南省常德市汉寿县G319(厦成线),距常德市金玉米业有限公司 约98米,距伍家巷 约213米",111.821881,28.8509,114.0,623.0001767713287
326,,2017-06-12 20:23:42,74.5,114.0,"ACC开,3D定位,天线正常","湖南省常德市汉寿县G319(厦成线),距王师傅汽车修理厂 约14米,距建波不锈钢 约105米",111.816426,28.85380300000001,114.0,621.6516994481108
327,,2017-06-12 20:24:12,72.3,115.0,"ACC开,3D定位,天线正常","湖南省常德市汉寿县G319(厦成线),距谢家铺客运站 约83米,距鸿鑫购物广场 约106米",111.811305,28.857036,115.0,614.7902865231753
328,,2017-06-12 20:24:42,74.0,116.0,"ACC开,3D定位,天线正常","湖南省常德市汉寿县G319(厦成线),距韩泰轮胎 约130米,距常德市龙阳牲猪交易大市场 约250米",111.806221,28.86031,116.0,614.5479173100579
329,,2017-06-12 20:25:12,74.2,116.0,"ACC开,3D定位,天线正常","湖南省常德市汉寿县G319(厦成线),距三元桥 约142米,距梦食缘茶楼KTV大酒店 约188米",111.801065,28.863601,116.0,621.309540404332
330,,2017-06-12 20:25:42,74.0,117.0,"ACC开,3D定位,天线正常","湖南省常德市汉寿县G319(厦成线),距鲍家湾 约220米,距干鱼岭 约360米",111.795665,28.866485,117.0,615.9228168739255
331,,2017-06-12 20:26:12,73.3,118.0,"ACC开,3D定位,天线正常","湖南省常德市汉寿县G319(厦成线),距常德凯盛建材有限责任公司 约109米,距合形窝 约126米",111.789833,28.86859500000001,118.0,614.4639236245248
332,,2017-06-12 20:26:42,74.0,118.0,"ACC开,3D定位,天线正常","湖南省常德市汉寿县G319(厦成线),距土地树 约594米,距合形窝 约604米",111.783765,28.870141,118.0,615.3771270513248
333,,2017-06-12 20:27:12,76.6,119.0,"ACC开,3D定位,天线正常","湖南省常德市鼎城区,距鼎城区公安局交通警察大队七中队 约309米,距丁家桥村 约431米",111.777705,28.871878,119.0,620.895415780748
334,,2017-06-12 20:27:42,74.7,119.0,"ACC开,3D定位,天线正常","湖南省常德市鼎城区,距兴隆街 约350米,距曾家冲 约352米",111.772385,28.875006,119.0,623.957225728512
335,,2017-06-12 20:28:12,74.1,120.0,"ACC开,3D定位,天线正常","湖南省常德市鼎城区G319(厦成线),距张家冲 约39米,距德山生猪交易大市场 约284米",111.767751,28.87890100000001,120.0,625.4344503742268
336,,2017-06-12 20:28:42,75.0,121.0,"ACC开,3D定位,天线正常","湖南省常德市鼎城区,距九龙岭 约58米,距鼎城公路局蒋家山道班 约377米",111.763055,28.882846,121.0,633.6272652603327
337,,2017-06-12 20:29:12,76.3,121.0,"ACC开,3D定位,天线正常","湖南省常德市鼎城区,距常德田野机械厂-东门 约451米,距高岭村 约659米",111.758318,28.886785,121.0,636.0415864581482
338,,2017-06-12 20:29:42,73.1,122.0,"ACC开,3D定位,天线正常","湖南省常德市鼎城区,距兴旺冲 约402米,距高岭村 约596米",111.75367,28.890688,122.0,626.996907658837
339,,2017-06-12 20:30:12,73.9,123.0,"ACC开,3D定位,天线正常","湖南省常德市鼎城区,距马横岭 约234米,距兴旺冲 约547米",111.749476,28.894811,123.0,613.91751537894
340,,2017-06-12 20:30:42,73.0,123.0,"ACC开,3D定位,天线正常","湖南省常德市鼎城区G55(二广高速),距马横岭 约563米,距跑马坪 约587米",111.74581299999998,28.899323,123.0,615.5274319652061
341,,2017-06-12 20:31:12,59.1,124.0,"ACC开,3D定位,天线正常","湖南省常德市鼎城区,距县一中 约265米,距鼎城区第四中学 约538米",111.743181,28.903786,124.0,558.5010592203145
342,,2017-06-12 20:31:42,66.3,124.0,"ACC开,3D定位,天线正常","湖南省常德市鼎城区G319(厦成线),距县一中 约210米,距广源小区 约221米",111.744863,28.907806,124.0,476.04622239959235
343,,2017-06-12 20:32:12,73.9,125.0,"ACC开,3D定位,天线正常","湖南省常德市鼎城区石门桥枢纽,距石门桥镇中心小学 约91米,距百世汇通 约204米",111.749126,28.911761,125.0,604.6396518526712
344,,2017-06-12 20:32:42,72.5,125.0,"ACC开,3D定位,天线正常","湖南省常德市鼎城区,距观音庵村 约573米,距石门桥镇中心小学 约695米",111.75339,28.915725,125.0,605.4237933117063
345,,2017-06-12 20:33:12,74.2,126.0,"ACC开,3D定位,天线正常","湖南省常德市鼎城区,距观音庵村 约181米,距合兴寺 约423米",111.757371,28.919878000000004,126.0,602.8171501217075
346,,2017-06-12 20:33:42,72.8,127.0,"ACC开,3D定位,天线正常","湖南省常德市鼎城区,距合兴寺 约576米,距观音庵村委会 约649米",111.76049,28.924706,127.0,616.7310197550203
347,,2017-06-12 20:34:12,72.3,127.0,"ACC开,3D定位,天线正常","湖南省常德市鼎城区,距三甲岗 约668米,距盘塘湖 约757米",111.762438,28.929863,127.0,603.9595062660675
348,,2017-06-12 20:34:42,72.0,128.0,"ACC开,3D定位,天线正常","湖南省常德市鼎城区,距乌塘岗 约250米,距三甲岗 约442米",111.763348,28.935376,128.0,619.3821421650805
349,,2017-06-12 20:35:12,73.9,128.0,"ACC开,3D定位,天线正常","湖南省常德市鼎城区,距新堰岗村 约354米,距乌塘岗 约359米",111.764245,28.940791,128.0,608.4155151684288
350,,2017-06-12 20:35:42,72.1,129.0,"ACC开,3D定位,天线正常","湖南省常德市鼎城区,距常德市德投沥青混凝土有限公司 约296米,距常德市德投沥青混凝土有限公司南门 约312米",111.765145,28.94621,129.0,608.8969607501513
351,,2017-06-12 20:36:12,75.9,130.0,"ACC开,3D定位,天线正常","湖南省常德市鼎城区,距伍家湖 约72米,距三合垸 约289米",111.766051,28.951723,130.0,619.3246253092708
352,,2017-06-12 20:36:42,74.2,130.0,"ACC开,3D定位,天线正常","湖南省常德市鼎城区,距邱家岗村 约61米,距常德兴达纺织有限公司 约79米",111.766466,28.957281,130.0,619.3398978839017
353,,2017-06-12 20:37:12,67.1,131.0,"ACC开,3D定位,天线正常","湖南省常德市鼎城区,距毛大溶 约250米,距邱家岗 约556米",111.76615,28.962493,131.0,580.3636597278157
354,,2017-06-12 20:37:42,67.7,131.0,"ACC开,3D定位,天线正常","湖南省常德市鼎城区,距毛大溶 约512米,距邱家岗 约760米",111.76565,28.96748,131.0,556.6592750114788
355,,2017-06-12 20:38:12,72.5,132.0,"ACC开,3D定位,天线正常","湖南省常德市武陵区,距戴家港 约711米",111.765075,28.972725,132.0,585.8945465677525
356,,2017-06-12 20:38:42,72.9,133.0,"ACC开,3D定位,天线正常","湖南省常德市武陵区,距戴家港 约120米,距胡家山 约504米",111.764513,28.978073,133.0,597.1789596241173
357,,2017-06-12 20:39:12,72.8,133.0,"ACC开,3D定位,天线正常","湖南省常德市武陵区新安路,距武陵区芦荻山乡三村小学 约255米,距胡家山 约280米",111.76392,28.98372800000001,133.0,631.4482995971076
358,,2017-06-12 20:39:42,70.8,134.0,"ACC开,3D定位,天线正常","湖南省常德市武陵区新安路,距梁家 约240米,距武陵区芦荻山乡三村小学 约351米",111.763723,28.989193,134.0,607.9831570869845
359,,2017-06-12 20:40:12,71.2,134.0,"ACC开,3D定位,天线正常","湖南省常德市武陵区,距清吉庵 约218米,距蓼子坪村 约292米",111.764248,28.994656,134.0,609.6010618089247
360,,2017-06-12 20:40:42,72.6,135.0,"ACC开,3D定位,天线正常","湖南省常德市武陵区,距清吉庵 约493米,距廖子坪 约546米",111.765518,29.000036,135.0,610.8474041628903
361,,2017-06-12 20:41:12,72.3,136.0,"ACC开,3D定位,天线正常","湖南省常德市武陵区,距小井港村 约266米,距天井港村 约838米",111.76723,29.0053,136.0,608.5494117351055
362,,2017-06-12 20:41:42,72.0,136.0,"ACC开,3D定位,天线正常","湖南省常德市武陵区,距小井港村 约411米,距石公庙村 约776米",111.768915,29.01049,136.0,599.9143329737587
363,,2017-06-12 20:42:12,72.2,137.0,"ACC开,3D定位,天线正常","湖南省常德市武陵区,距一家何家 约494米,距石公庙村 约674米",111.770615,29.015723,137.0,604.9100612270097
364,,2017-06-12 20:42:42,73.0,138.0,"ACC开,3D定位,天线正常","湖南省常德市武陵区洞庭大道辅路,距一家何家 约379米,距樟树山 约754米",111.772343,29.020945,138.0,604.4823992576569
365,,2017-06-12 20:43:12,75.3,138.0,"ACC开,3D定位,天线正常","湖南省常德市武陵区X046,距台家铺 约255米,距黑山刘家 约598米",111.774595,29.026073,138.0,610.8053811617797
366,,2017-06-12 20:43:42,73.9,139.0,"ACC开,3D定位,天线正常","湖南省常德市武陵区X046,距走马刘家 约161米,距台家铺 约480米",111.7775,29.031025,139.0,618.8508449609982
367,,2017-06-12 20:44:12,72.5,139.0,"ACC开,3D定位,天线正常","湖南省常德市武陵区,距伍家坪村 约538米,距吴家湾 约573米",111.780925,29.035561,139.0,604.383566869343
368,,2017-06-12 20:44:42,72.0,140.0,"ACC开,3D定位,天线正常","湖南省常德市武陵区,距伍家坪村 约114米,距张家堰村 约226米",111.784501,29.039771,140.0,583.1023992933533
369,,2017-06-12 20:45:12,73.3,141.0,"ACC开,3D定位,天线正常","湖南省常德市武陵区,距河带桥 约347米,距李白溪村 约559米",111.788325,29.04432000000001,141.0,627.7381823627542
370,,2017-06-12 20:45:42,73.0,141.0,"ACC开,3D定位,天线正常","湖南省常德市武陵区,距李白溪村 约382米,距沙湾 约559米",111.791435,29.049048,141.0,606.4574505875182
371,,2017-06-12 20:46:12,70.6,142.0,"ACC开,3D定位,天线正常","湖南省常德市武陵区,距鲢鱼尾 约408米,距卢家河 约573米",111.793398,29.054331,142.0,617.656521522407
372,,2017-06-12 20:46:42,69.0,142.0,"ACC开,3D定位,天线正常","湖南省常德市武陵区,距鲢鱼尾 约308米,距黄家溪 约426米",111.79411,29.059608,142.0,590.8435601861147
373,,2017-06-12 20:47:12,72.9,143.0,"ACC开,3D定位,天线正常","湖南省常德市武陵区,距桔乡农家餐馆 约268米,距严家湾 约332米",111.793643,29.064906,143.0,590.8575726252815
374,,2017-06-12 20:47:42,70.1,144.0,"ACC开,3D定位,天线正常","湖南省常德市武陵区,距柳叶湖旅游度假区 约5106米,距严家湾 约426米",111.792671,29.070226,144.0,599.0533984310857
375,,2017-06-12 20:48:12,71.5,144.0,"ACC开,3D定位,天线正常","湖南省常德市鼎城区,距柳叶湖旅游度假区 约5141米,距白鹤山乡鱼场 约590米",111.791716,29.075438,144.0,586.9333496713552
376,,2017-06-12 20:48:42,72.1,145.0,"ACC开,3D定位,天线正常","湖南省常德市鼎城区,距白鹤山乡鱼场 约203米,距唐家 约816米",111.790163,29.080631,145.0,596.8327883995514
377,,2017-06-12 20:49:12,73.4,145.0,"ACC开,3D定位,天线正常","湖南省常德市鼎城区,距唐家 约241米,距白鹤山乡鱼场 约662米",111.787786,29.08578,145.0,617.381670408717
378,,2017-06-12 20:49:42,73.2,146.0,"ACC开,3D定位,天线正常","湖南省常德市鼎城区X042,距陈家桥 约288米,距唐家 约474米",111.784733,29.090523,146.0,605.1088787963141
379,,2017-06-12 20:50:12,73.8,147.0,"ACC开,3D定位,天线正常","湖南省常德市鼎城区东山路,距乐尔堡国际幼儿园 约182米,距陈家桥 约399米",111.780931,29.09493,147.0,613.6864348260699
380,,2017-06-12 20:50:42,74.1,147.0,"ACC开,3D定位,天线正常","湖南省常德市鼎城区东山路,距岩马山 约161米,距赵家 约417米",111.77673500000002,29.099075,147.0,615.3411482939662
381,,2017-06-12 20:51:12,73.7,148.0,"ACC开,3D定位,天线正常","湖南省常德市鼎城区,距赵家 约385米,距泰顺房车露营公园 约472米",111.772488,29.103108,148.0,609.4023678823568
382,,2017-06-12 20:51:42,75.1,148.0,"ACC开,3D定位,天线正常","湖南省常德市鼎城区,距老堰岗 约359米,距湖南省高速公路警察局常德支队柳叶湖大队 约396米",111.768545,29.107275,148.0,601.201212517248
383,,2017-06-12 20:52:12,72.8,149.0,"ACC开,3D定位,天线正常","湖南省常德市鼎城区S306,距湖南省高速公路警察局常德支队柳叶湖大队 约238米,距东山村 约318米",111.765356,29.112258,149.0,634.8175219077699
384,,2017-06-12 20:52:42,70.9,150.0,"ACC开,3D定位,天线正常","湖南省常德市鼎城区,距鲍家溶 约388米,距常德市殡仪馆 约423米",111.763438,29.117401,150.0,601.4643129342796
385,,2017-06-12 20:53:12,72.8,150.0,"ACC开,3D定位,天线正常","湖南省常德市鼎城区,距株木堰 约316米,距曾家铺 约323米",111.762713,29.122676,150.0,590.7669516628105
386,,2017-06-12 20:53:42,71.9,151.0,"ACC开,3D定位,天线正常","湖南省常德市鼎城区,距白鹤山乡桃树岗村村民委员会 约244米,距桃树岗村 约272米",111.762808,29.128281,151.0,623.3167543486297
387,,2017-06-12 20:54:12,70.8,151.0,"ACC开,3D定位,天线正常","湖南省常德市鼎城区,距地一庄园 约739米,距裴家堰 约748米",111.762455,29.133654,151.0,598.4342131571419
388,,2017-06-12 20:54:42,69.8,152.0,"ACC开,3D定位,天线正常","湖南省常德市鼎城区,距响水垱 约418米,距响水塆 约451米",111.760933,29.138783,152.0,589.165871761308
389,,2017-06-12 20:55:12,75.6,153.0,"ACC开,3D定位,天线正常","湖南省常德市鼎城区,距响水垱 约195米,距兴寺里 约611米",111.75877,29.14397,153.0,613.8339284713358
390,,2017-06-12 20:55:42,71.3,153.0,"ACC开,3D定位,天线正常","湖南省常德市鼎城区G56(杭瑞高速),距兴寺里 约369米,距响水垱 约794米",111.75708600000002,29.14918,153.0,601.9676383516497
391,,2017-06-12 20:56:12,67.5,154.0,"ACC开,3D定位,天线正常","湖南省常德市鼎城区,距八湾 约697米,距兴寺里 约796米",111.756301,29.154271,154.0,571.2038753022043
392,,2017-06-12 20:56:42,66.8,154.0,"ACC开,3D定位,天线正常","湖南省常德市鼎城区,距黄家湾 约322米,距五方堰 约353米",111.756235,29.159351,154.0,564.9073818397494
393,,2017-06-12 20:57:12,64.9,155.0,"ACC开,3D定位,天线正常","湖南省常德市鼎城区X028,距肖伍铺 约62米,距黄家湾 约250米",111.756731,29.164235,155.0,545.2081954670481
394,,2017-06-12 20:57:42,65.4,155.0,"ACC开,3D定位,天线正常","湖南省常德市鼎城区X028,距郭家坪 约473米,距肖伍铺 约506米",111.75721,29.168838,155.0,513.9397256997718
395,,2017-06-12 20:58:12,64.6,156.0,"ACC开,3D定位,天线正常","湖南省常德市鼎城区X028,距蒋家堰 约107米,距郭家坪 约317米",111.757848,29.173666,156.0,540.4117968740899
396,,2017-06-12 20:58:42,72.6,157.0,"ACC开,3D定位,天线正常","湖南省常德市鼎城区X028,距刘家庄 约444米,距蒋家堰 约490米",111.759535,29.178628000000003,157.0,575.546668525662
397,,2017-06-12 20:59:12,62.9,157.0,"ACC开,3D定位,天线正常","湖南省常德市鼎城区X028,距刘家庄 约139米,距茶庵岗 约162米",111.762368,29.183105,157.0,568.7439092310573
398,,2017-06-12 20:59:42,40.9,158.0,"ACC开,3D定位,天线正常","湖南省常德市鼎城区X028,距郑家塝 约285米,距茶庵岗 约295米",111.764955,29.1863,158.0,435.0732284553948
399,,2017-06-12 21:00:12,58.5,158.0,"ACC开,3D定位,天线正常","湖南省常德市鼎城区,距郑家塝 约119米,距后刘坪 约241米",111.766768,29.189493,158.0,396.27418601892083
400,,2017-06-12 21:00:42,69.6,159.0,"ACC开,3D定位,天线正常","湖南省常德市鼎城区,距吴家大堰 约361米,距贺家湾 约512米",111.768173,29.194316,159.0,553.3646515272884
401,,2017-06-12 21:01:12,72.7,159.0,"ACC开,3D定位,天线正常","湖南省常德市鼎城区,距吴家大堰 约243米,距姚家湾 约542米",111.769486,29.199541,159.0,594.8090583095765
402,,2017-06-12 21:01:42,73.2,160.0,"ACC开,3D定位,天线正常","湖南省常德市鼎城区,距东山坪 约250米,距姚家湾 约459米",111.771928,29.204531,160.0,603.3699847502281
403,,2017-06-12 21:02:12,70.6,160.0,"ACC开,3D定位,天线正常","湖南省常德市鼎城区,距胡家祠堂 约205米,距闻家坪 约569米",111.77352,29.209858,160.0,612.1579875741295
404,,2017-06-12 21:02:42,73.4,161.0,"ACC开,3D定位,天线正常","湖南省常德市鼎城区,距青山湾 约603米,距五方堰 约629米",111.773498,29.215153000000004,161.0,588.781839813129
405,,2017-06-12 21:03:12,72.8,162.0,"ACC开,3D定位,天线正常","湖南省常德市鼎城区,距青山湾 约298米,距五方堰 约445米",111.773306,29.220601,162.0,606.0773115618754
406,,2017-06-12 21:03:42,72.7,162.0,"ACC开,3D定位,天线正常","湖南省常德市鼎城区,距全家坪村 约127米,距青山湾 约691米",111.774306,29.225998,162.0,607.9153855957818
407,,2017-06-12 21:04:12,73.5,163.0,"ACC开,3D定位,天线正常","湖南省常德市鼎城区X028,距西冲杨家 约194米,距全家坪村 约503米",111.77519,29.231403000000004,163.0,607.1002645741681
408,,2017-06-12 21:04:42,70.4,163.0,"ACC开,3D定位,天线正常","湖南省常德市鼎城区X028,距黄土铺 约365米,距西冲杨家 约437米",111.775223,29.236888,163.0,609.913439760473
409,,2017-06-12 21:05:12,71.5,164.0,"ACC开,3D定位,天线正常","湖南省常德市鼎城区X028,距栗山坡 约164米,距张家湾 约384米",111.774395,29.242161,164.0,591.8100309225526
410,,2017-06-12 21:05:42,70.3,165.0,"ACC开,3D定位,天线正常","湖南省常德市鼎城区,距张家湾 约335米,距栗山坡 约633米",111.773101,29.24743,165.0,599.1873130626958
411,,2017-06-12 21:06:12,66.8,165.0,"ACC开,3D定位,天线正常","湖南省常德市鼎城区,距马鞍山 约288米,距廖家湾 约351米",111.771871,29.25235,165.0,559.9431181363915
412,,2017-06-12 21:06:42,70.4,166.0,"ACC开,3D定位,天线正常","湖南省常德市鼎城区,距马鞍山 约312米,距廖家湾 约695米",111.770651,29.257453,166.0,579.6405056874137
413,,2017-06-12 21:07:12,70.2,166.0,"ACC开,3D定位,天线正常","湖南省常德市鼎城区,距鸡公岭 约359米,距胡家湾 约673米",111.770025,29.262813,166.0,599.091375925011
414,,2017-06-12 21:07:42,68.5,167.0,"ACC开,3D定位,天线正常","湖南省常德市鼎城区,距鸡公岭 约372米,距庆丰水库 约492米",111.770165,29.267994,167.0,576.2617707234582
415,,2017-06-12 21:08:12,70.5,167.0,"ACC开,3D定位,天线正常","湖南省常德市鼎城区,距龚家冲 约182米,距庆丰水库 约478米",111.770446,29.273216,167.0,581.3000853769952
416,,2017-06-12 21:08:42,69.7,168.0,"ACC开,3D定位,天线正常","湖南省常德市鼎城区,距王家冲 约137米,距龚家冲 约407米",111.771475,29.278439,168.0,589.2853082924979
417,,2017-06-12 21:09:12,70.9,169.0,"ACC开,3D定位,天线正常","湖南省常德市鼎城区,距周家冲 约469米,距王家冲 约550米",111.772671,29.283701,169.0,596.495924879041
418,,2017-06-12 21:09:42,71.4,169.0,"ACC开,3D定位,天线正常","湖南省常德市临澧县,距茶树湾 约378米,距王家大塆 约480米",111.773131,29.289035,169.0,594.7899946291634
419,,2017-06-12 21:10:12,70.7,170.0,"ACC开,3D定位,天线正常","湖南省常德市临澧县,距茶树湾 约278米,距王家大塆 约302米",111.773525,29.294416,170.0,599.5594974380361
420,,2017-06-12 21:10:42,69.7,170.0,"ACC开,3D定位,天线正常","湖南省常德市临澧县,距夏家台 约224米,距木鸡堰 约491米",111.774525,29.299683,170.0,593.6384439757023
421,,2017-06-12 21:11:12,73.4,171.0,"ACC开,3D定位,天线正常","湖南省常德市临澧县,距木鸡堰 约274米,距何家岗 约321米",111.775961,29.304875,171.0,593.8798980502943
422,,2017-06-12 21:11:42,69.9,172.0,"ACC开,3D定位,天线正常","湖南省常德市临澧县,距鳌山完小 约113米,距何家堰水库 约444米",111.777048,29.310171,172.0,598.2468338080189
423,,2017-06-12 21:12:12,70.9,172.0,"ACC开,3D定位,天线正常","湖南省常德市临澧县X022,距雷家塆 约228米,距六房堰 约382米",111.777296,29.315495,172.0,592.4907548053368
424,,2017-06-12 21:12:42,69.4,173.0,"ACC开,3D定位,天线正常","湖南省常德市临澧县X022,距何家坪村 约145米,距王家坪 约313米",111.776685,29.32081,173.0,593.9632593104416
425,,2017-06-12 21:13:12,70.5,173.0,"ACC开,3D定位,天线正常","湖南省常德市临澧县X022,距九方坪 约277米,距东头湾 约597米",111.775516,29.3259,173.0,577.2181740998817
426,,2017-06-12 21:13:42,70.7,174.0,"ACC开,3D定位,天线正常","湖南省常德市临澧县X022,距东头湾 约535米,距九方坪 约649米",111.775098,29.331246000000004,174.0,595.8284576156798
427,,2017-06-12 21:14:12,71.9,175.0,"ACC开,3D定位,天线正常","湖南省常德市临澧县,距倪家湾 约642米,距王下湾 约823米",111.775466,29.33657800000001,175.0,593.9644013105708
428,,2017-06-12 21:14:42,72.3,175.0,"ACC开,3D定位,天线正常","湖南省常德市临澧县,距土桥刘家 约417米,距倪家湾 约509米",111.775956,29.342055,175.0,610.8647990132519
429,,2017-06-12 21:15:12,70.9,176.0,"ACC开,3D定位,天线正常","湖南省常德市临澧县,距土桥刘家 约189米,距西刘家 约497米",111.775728,29.347418,176.0,596.7485790152847
430,,2017-06-12 21:15:42,72.2,176.0,"ACC开,3D定位,天线正常","湖南省常德市临澧县,距西刘家 约424米,距双龙村 约646米",111.774735,29.352746000000003,176.0,600.2139533892478
431,,2017-06-12 21:16:12,73.8,177.0,"ACC开,3D定位,天线正常","湖南省常德市临澧县,距廖家塆 约178米,距双龙村 约373米",111.773135,29.358151,177.0,620.6917286385857
432,,2017-06-12 21:16:42,71.8,178.0,"ACC开,3D定位,天线正常","湖南省常德市临澧县,距双龙岗 约335米,距廖家塆 约534米",111.771485,29.3634,178.0,605.1710972442099
433,,2017-06-12 21:17:12,72.6,178.0,"ACC开,3D定位,天线正常","湖南省常德市临澧县,距朱家塝 约121米,距双龙岗 约277米",111.769928,29.36867100000001,178.0,605.2190949443826
434,,2017-06-12 21:17:42,69.6,179.0,"ACC开,3D定位,天线正常","湖南省常德市临澧县X022,距临澧县柏枝中学 约201米,距常德市临澧县柏枝卫生院-狂犬病暴露预防处置门诊 约299米",111.76901,29.374075,179.0,607.4469972967014
435,,2017-06-12 21:18:12,68.0,179.0,"ACC开,3D定位,天线正常","湖南省常德市临澧县X022,距群乐村 约140米,距农村信用合作社(柏枝信用社) 约354米",111.768775,29.37915,179.0,564.7742772874255
436,,2017-06-12 21:18:42,72.5,180.0,"ACC开,3D定位,天线正常","湖南省常德市临澧县,距柏枝村 约240米,距新桥 约383米",111.768595,29.384541,180.0,599.7063516419203
437,,2017-06-12 21:19:12,69.2,181.0,"ACC开,3D定位,天线正常","湖南省常德市临澧县,距新桥 约316米,距叶家湾 约479米",111.768036,29.389905,181.0,598.9043275675092
438,,2017-06-12 21:19:42,69.2,181.0,"ACC开,3D定位,天线正常","湖南省常德市临澧县,距蜂子山 约250米,距蔡家 约344米",111.766323,29.394826,181.0,571.8044452108752
439,,2017-06-12 21:20:12,71.4,182.0,"ACC开,3D定位,天线正常","湖南省常德市临澧县,距蒋家铺 约248米,距李家坪 约505米",111.763543,29.399578,182.0,593.0752877839006
440,,2017-06-12 21:20:42,71.3,182.0,"ACC开,3D定位,天线正常","湖南省常德市临澧县XJ22,距牯牛坝 约45米,距李家坪 约419米",111.760748,29.404603,182.0,620.9009778959809
441,,2017-06-12 21:21:12,69.3,183.0,"ACC开,3D定位,天线正常","湖南省常德市临澧县,距大堰塝边 约213米,距牯牛坝 约622米",111.75876,29.409595,183.0,587.5413519749097
442,,2017-06-12 21:21:42,69.1,184.0,"ACC开,3D定位,天线正常","湖南省常德市临澧县,距大堰塝边 约354米,距邹家高桥 约510米",111.7577,29.414581,184.0,563.8459269554312
443,,2017-06-12 21:22:12,59.4,184.0,"ACC开,3D定位,天线正常","湖南省常德市临澧县,距马洪堰 约600米,距邹家高桥 约715米",111.757413,29.419428000000003,184.0,539.678981436662
444,,2017-06-12 21:22:42,49.4,185.0,"ACC开,3D定位,天线正常","湖南省常德市临澧县,距阮山 约366米,距马洪堰 约617米",111.757768,29.42353300000001,185.0,457.7489729029566
445,,2017-06-12 21:23:12,45.8,185.0,"ACC开,3D定位,天线正常","湖南省常德市临澧县,距阮山 约172米,距土地垭 约679米",111.758448,29.426855,185.0,375.2150844163328
446,,2017-06-12 21:23:42,72.4,185.0,"ACC开,3D定位,天线正常","湖南省常德市临澧县,距土地垭 约370米,距阮山 约559米",111.759646,29.431198,185.0,496.66210060799256
447,,2017-06-12 21:24:12,71.5,186.0,"ACC开,3D定位,天线正常","湖南省常德市临澧县,距土地垭 约673米,距杨家 约862米",111.760446,29.436595,186.0,605.1000418743787
448,,2017-06-12 21:24:42,73.1,187.0,"ACC开,3D定位,天线正常","湖南省常德市临澧县,距营驻山 约453米,距头冲 约790米",111.759938,29.441941,187.0,596.4809293666384
449,,2017-06-12 21:25:12,72.0,187.0,"ACC开,3D定位,天线正常","湖南省常德市临澧县,距营驻山 约587米,距剪草湾 约836米",111.759586,29.447331,187.0,600.3099336327076
450,,2017-06-12 21:25:42,72.6,188.0,"ACC开,3D定位,天线正常","湖南省常德市临澧县,距剪草湾 约372米,距肖家塆 约868米",111.761336,29.452701,188.0,620.6946119563418
451,,2017-06-12 21:26:12,69.4,188.0,"ACC开,3D定位,天线正常","湖南省常德市临澧县,距肖家塆 约308米,距剪草湾 约496米",111.764065,29.45745800000001,188.0,591.2780134660104
452,,2017-06-12 21:26:42,60.2,189.0,"ACC开,3D定位,天线正常","湖南省常德市临澧县,距肖家咀 约318米,距肖家塆 约325米",111.765915,29.461756,189.0,510.3779270739164
453,,2017-06-12 21:27:12,70.0,189.0,"ACC开,3D定位,天线正常","湖南省常德市临澧县X015,距青龙 约181米,距肖家咀 约239米",111.767231,29.466583,189.0,551.6528174938127
454,,2017-06-12 21:27:42,74.5,190.0,"ACC开,3D定位,天线正常","湖南省常德市临澧县,距李家咀 约264米,距张古堰 约302米",111.768108,29.471875,190.0,594.5376404262298
455,,2017-06-12 21:28:12,71.2,191.0,"ACC开,3D定位,天线正常","湖南省常德市临澧县,距胡家咀 约403米,距张古堰 约579米",111.770415,29.477098,191.0,622.2302901972521
456,,2017-06-12 21:28:42,68.1,191.0,"ACC开,3D定位,天线正常","湖南省常德市临澧县,距胡家咀 约347米,距杨家铺 约458米",111.773361,29.481851,191.0,600.5370232334435
457,,2017-06-12 21:29:12,71.5,192.0,"ACC开,3D定位,天线正常","湖南省常德市临澧县,距杨家铺 约115米,距玉红庙 约495米",111.775411,29.486671,192.0,571.5131256702632
458,,2017-06-12 21:29:42,47.2,192.0,"ACC开,3D定位,天线正常","湖南省常德市临澧县,距玉红庙 约40米,距鄢家港 约592米",111.776556,29.491201,192.0,515.7611490382624
459,,2017-06-12 21:30:12,9.4,193.0,"ACC开,3D定位,天线正常","湖南省常德市临澧县,距玉红庙 约231米,距鄢家港 约566米",111.777281,29.492933,193.0,204.97501951952012
460,,2017-06-12 21:30:42,9.1,193.0,"ACC开,3D定位,天线正常","湖南省常德市临澧县,距玉红庙 约276米,距鄢家港 约571米",111.777455,29.493305,193.0,44.66137253884111
461,,2017-06-12 21:31:12,4.7,193.0,"ACC开,3D定位,天线正常","湖南省常德市临澧县,距玉红庙 约300米,距哗溪桥村 约590米",111.777953,29.493298,193.0,48.20555075855971
462,,2017-06-12 21:31:42,0.4,193.0,"ACC开,3D定位,天线正常","湖南省常德市临澧县,距玉红庙 约300米,距哗溪桥村 约596米",111.7779,29.49333,193.0,6.2429399405516515
463,,2017-06-12 21:32:12,0.1,193.0,"ACC开,3D定位,天线正常","湖南省常德市临澧县,距玉红庙 约296米,距哗溪桥村 约597米",111.777875,29.4933,193.0,4.120992266461545
464,,2017-06-12 21:32:42,2.8,193.0,"ACC开,3D定位,天线正常","湖南省常德市临澧县,距玉红庙 约287米,距哗溪桥村 约601米",111.777801,29.49324600000001,193.0,9.34616031495608
465,,2017-06-12 21:33:12,0.0,193.0,"ACC开,3D定位,天线正常","湖南省常德市临澧县,距玉红庙 约285米,距哗溪桥村 约591米",111.777881,29.49318,193.0,10.668223243678208
466,,2017-06-12 21:33:31,0.0,193.0,"ACC开,3D定位,天线正常","湖南省常德市临澧县,距玉红庙 约285米,距哗溪桥村 约591米",111.777878,29.49318,193.0,0.2903573752609574
467,,2017-06-12 21:36:31,0.0,193.0,"ACC开,3D定位,天线正常","湖南省常德市临澧县,距玉红庙 约284米,距哗溪桥村 约591米",111.777873,29.49317000000001,193.0,1.2126920133308372
468,,2017-06-12 21:39:31,0.0,193.0,"ACC开,3D定位,天线正常","湖南省常德市临澧县,距玉红庙 约286米,距哗溪桥村 约590米",111.77789,29.493176,193.0,1.7754777625862956
469,,2017-06-12 21:42:31,0.0,193.0,"ACC开,3D定位,天线正常","湖南省常德市临澧县,距玉红庙 约287米,距哗溪桥村 约591米",111.77789,29.493188,193.0,1.3343410043077029
470,,2017-06-12 21:45:31,0.0,193.0,"ACC开,3D定位,天线正常","湖南省常德市临澧县,距玉红庙 约285米,距哗溪桥村 约591米",111.77788,29.493173,193.0,1.9284000936722272
471,,2017-06-12 21:48:31,0.0,193.0,"ACC开,3D定位,天线正常","湖南省常德市临澧县,距玉红庙 约284米,距哗溪桥村 约591米",111.777875,29.493171000000004,193.0,0.5325830068733257
472,,2017-06-12 21:51:31,0.0,193.0,"ACC开,3D定位,天线正常","湖南省常德市临澧县,距玉红庙 约284米,距哗溪桥村 约592米",111.777871,29.49317000000001,193.0,0.4027954883634831
473,,2017-06-12 21:54:31,0.0,193.0,"ACC开,3D定位,天线正常","湖南省常德市临澧县,距玉红庙 约284米,距哗溪桥村 约592米",111.777866,29.49317000000001,193.0,0.4839290053096924
474,,2017-06-12 21:57:31,0.0,193.0,"ACC开,3D定位,天线正常","湖南省常德市临澧县,距玉红庙 约284米,距哗溪桥村 约592米",111.777871,29.49317000000001,193.0,0.4839290053096924
475,,2017-06-12 22:00:31,0.0,193.0,"ACC开,3D定位,天线正常","湖南省常德市临澧县,距玉红庙 约286米,距哗溪桥村 约591米",111.777885,29.493188,193.0,2.4170387403308418
476,,2017-06-12 22:03:31,0.0,193.0,"ACC开,3D定位,天线正常","湖南省常德市临澧县,距玉红庙 约286米,距哗溪桥村 约591米",111.777888,29.49318,193.0,0.9357486739392221
477,,2017-06-12 22:06:31,0.0,193.0,"ACC开,3D定位,天线正常","湖南省常德市临澧县,距玉红庙 约293米,距哗溪桥村 约586米",111.777956,29.49321500000001,193.0,7.646017312200267
478,,2017-06-12 22:09:31,0.0,193.0,"ACC开,3D定位,天线正常","湖南省常德市临澧县,距玉红庙 约292米,距哗溪桥村 约587米",111.77795,29.493213,193.0,0.6218414425117627
479,,2017-06-12 22:12:31,0.0,193.0,"ACC开,3D定位,天线正常","湖南省常德市临澧县,距玉红庙 约292米,距哗溪桥村 约587米",111.777945,29.493211,193.0,0.5325828345057997
480,,2017-06-12 22:15:31,0.0,193.0,"ACC开,3D定位,天线正常","湖南省常德市临澧县,距玉红庙 约291米,距哗溪桥村 约587米",111.77794,29.49320800000001,193.0,0.5877637427456164
481,,2017-06-12 22:18:31,0.0,193.0,"ACC开,3D定位,天线正常","湖南省常德市临澧县,距玉红庙 约290米,距哗溪桥村 约587米",111.777933,29.49320100000001,193.0,1.031920415232524
482,,2017-06-12 22:21:31,0.0,193.0,"ACC开,3D定位,天线正常","湖南省常德市临澧县,距玉红庙 约289米,距哗溪桥村 约588米",111.77792,29.493195,193.0,1.4241564622583325
483,,2017-06-12 22:24:31,0.0,193.0,"ACC开,3D定位,天线正常","湖南省常德市临澧县,距玉红庙 约285米,距哗溪桥村 约590米",111.777888,29.493171000000004,193.0,4.088296987668039
484,,2017-06-12 22:27:31,0.0,193.0,"ACC开,3D定位,天线正常","湖南省常德市临澧县,距玉红庙 约284米,距哗溪桥村 约590米",111.777881,29.493161,193.0,1.302091306954158
485,,2017-06-12 22:30:31,0.0,193.0,"ACC开,3D定位,天线正常","湖南省常德市临澧县,距玉红庙 约284米,距哗溪桥村 约590米",111.777881,29.493163,193.0,0.22239016762039024
486,,2017-06-12 22:33:31,0.0,193.0,"ACC开,3D定位,天线正常","湖南省常德市临澧县,距玉红庙 约284米,距哗溪桥村 约591米",111.777881,29.493166,193.0,0.33358525107692344
487,,2017-06-12 22:36:31,0.0,193.0,"ACC开,3D定位,天线正常","湖南省常德市临澧县,距玉红庙 约284米,距哗溪桥村 约592米",111.777871,29.493173,193.0,1.242015347831207
488,,2017-06-12 22:39:31,0.0,193.0,"ACC开,3D定位,天线正常","湖南省常德市临澧县,距玉红庙 约284米,距哗溪桥村 约592米",111.77787,29.493175,193.0,0.24253840371567484
489,,2017-06-12 22:42:31,0.0,193.0,"ACC开,3D定位,天线正常","湖南省常德市临澧县,距玉红庙 约284米,距哗溪桥村 约592米",111.777866,29.493173,193.0,0.4464719870849477
490,,2017-06-12 22:45:31,0.0,193.0,"ACC开,3D定位,天线正常","湖南省常德市临澧县,距玉红庙 约283米,距哗溪桥村 约593米",111.777855,29.49317000000001,193.0,1.1156816407789532
491,,2017-06-12 22:48:31,0.0,193.0,"ACC开,3D定位,天线正常","湖南省常德市临澧县,距玉红庙 约282米,距哗溪桥村 约594米",111.777846,29.493163,193.0,1.1681694373262337
492,,2017-06-12 22:51:31,0.0,193.0,"ACC开,3D定位,天线正常","湖南省常德市临澧县,距玉红庙 约282米,距哗溪桥村 约593米",111.777848,29.49316,193.0,0.38568003702184667
493,,2017-06-12 22:54:31,0.0,193.0,"ACC开,3D定位,天线正常","湖南省常德市临澧县,距玉红庙 约282米,距哗溪桥村 约593米",111.77785,29.493156,193.0,0.4850768183174167
494,,2017-06-12 22:57:31,0.0,193.0,"ACC开,3D定位,天线正常","湖南省常德市临澧县,距玉红庙 约282米,距哗溪桥村 约593米",111.777848,29.493161,193.0,0.58870929934858
495,,2017-06-12 23:00:31,0.0,193.0,"ACC开,3D定位,天线正常","湖南省常德市临澧县,距玉红庙 约282米,距哗溪桥村 约592米",111.777855,29.493156,193.0,0.8764221829313421
496,,2017-06-12 23:03:31,0.0,193.0,"ACC开,3D定位,天线正常","湖南省常德市临澧县,距玉红庙 约284米,距哗溪桥村 约591米",111.777873,29.493165,193.0,2.0091241409169305
497,,2017-06-12 23:06:31,0.0,193.0,"ACC开,3D定位,天线正常","湖南省常德市临澧县,距玉红庙 约283米,距哗溪桥村 约590米",111.777883,29.493156,193.0,1.3922145593460291
498,,2017-06-12 23:09:31,0.0,193.0,"ACC开,3D定位,天线正常","湖南省常德市临澧县,距玉红庙 约283米,距哗溪桥村 约590米",111.777878,29.493151,193.0,0.7370861719673324
499,,2017-06-12 23:12:31,0.0,193.0,"ACC开,3D定位,天线正常","湖南省常德市临澧县,距玉红庙 约282米,距哗溪桥村 约590米",111.777878,29.493145,193.0,0.6671705018001857
500,,2017-06-12 23:15:31,0.0,193.0,"ACC开,3D定位,天线正常","湖南省常德市临澧县,距玉红庙 约282米,距哗溪桥村 约590米",111.777881,29.493145,193.0,0.29035747558371505
501,,2017-06-12 23:18:31,0.0,193.0,"ACC开,3D定位,天线正常","湖南省常德市临澧县,距玉红庙 约281米,距哗溪桥村 约590米",111.777875,29.493135,193.0,1.254457870997991
502,,2017-06-12 23:21:31,0.3,193.0,"ACC开,3D定位,天线正常","湖南省常德市临澧县,距玉红庙 约282米,距哗溪桥村 约590米",111.77788,29.493140000000004,193.0,0.7370862218277617
503,,2017-06-12 23:24:31,0.0,193.0,"ACC开,3D定位,天线正常","湖南省常德市临澧县,距玉红庙 约283米,距哗溪桥村 约590米",111.777885,29.493153000000003,193.0,1.5243890498611017
504,,2017-06-12 23:27:31,0.0,193.0,"ACC开,3D定位,天线正常","湖南省常德市临澧县,距玉红庙 约284米,距哗溪桥村 约589米",111.777895,29.49316,193.0,1.2420154418173053
505,,2017-06-12 23:30:31,0.0,193.0,"ACC开,3D定位,天线正常","湖南省常德市临澧县,距玉红庙 约279米,距哗溪桥村 约591米",111.777858,29.493125,193.0,5.288707510690131
506,,2017-06-12 23:33:31,0.0,193.0,"ACC开,3D定位,天线正常","湖南省常德市临澧县,距玉红庙 约281米,距哗溪桥村 约591米",111.777865,29.493135,193.0,1.302091432639697
507,,2017-06-12 23:36:31,0.0,193.0,"ACC开,3D定位,天线正常","湖南省常德市临澧县,距玉红庙 约281米,距哗溪桥村 约591米",111.777866,29.493135,193.0,0.09678583351778282
508,,2017-06-12 23:39:31,0.0,193.0,"ACC开,3D定位,天线正常","湖南省常德市临澧县,距玉红庙 约281米,距哗溪桥村 约590米",111.77787,29.493135,193.0,0.3871433377651228
509,,2017-06-12 23:42:31,0.0,193.0,"ACC开,3D定位,天线正常","湖南省常德市临澧县,距玉红庙 约282米,距哗溪桥村 约590米",111.777875,29.493140000000004,193.0,0.7370862218277617
510,,2017-06-12 23:45:31,0.0,193.0,"ACC开,3D定位,天线正常","湖南省常德市临澧县,距玉红庙 约282米,距哗溪桥村 约590米",111.77788,29.49314600000001,193.0,0.8241989371737163
511,,2017-06-12 23:48:31,0.0,193.0,"ACC开,3D定位,天线正常","湖南省常德市临澧县,距玉红庙 约282米,距哗溪桥村 约590米",111.777876,29.493143,193.0,0.5110372360091708
512,,2017-06-12 23:51:31,0.0,193.0,"ACC开,3D定位,天线正常","湖南省常德市临澧县,距玉红庙 约282米,距哗溪桥村 约590米",111.777875,29.493140000000004,193.0,0.3473422181889955
513,,2017-06-12 23:54:31,0.0,193.0,"ACC开,3D定位,天线正常","湖南省常德市临澧县,距玉红庙 约281米,距哗溪桥村 约590米",111.777873,29.493138,193.0,0.2948344863479941
514,,2017-06-12 23:57:31,0.0,193.0,"ACC开,3D定位,天线正常","湖南省常德市临澧县,距玉红庙 约281米,距哗溪桥村 约591米",111.777868,29.493140000000004,193.0,0.5325831505329666
515,,2017-06-13 00:00:31,0.0,193.0,"ACC开,3D定位,天线正常","湖南省常德市临澧县,距玉红庙 约282米,距哗溪桥村 约591米",111.77787,29.493148,193.0,0.9103780363781896
