Unnamed: 0,Unnamed: 0.1,Index,Date and Time,Speed (km/h),Distance traveled (km).1,Status,Position ,Longitude,Latitude,Distance_geopy,Distance traveled (km)
0,0,,2017-04-25 14:35:13,0.0,0.0,"ACC开,3D定位,天线正常","湖南省常德市鼎城区G207(锡海线),距鼎城永欣机械制造公司 约199米,距石板滩中学 约327米",111.64031000000001,29.162289,,0.0
1,1,,2017-04-25 14:35:45,0.0,0.0,"ACC开,3D定位,天线正常","湖南省常德市鼎城区G207(锡海线),距鼎城永欣机械制造公司 约199米,距石板滩中学 约327米",111.64031000000001,29.162289,0.0,0.0
2,2,,2017-04-25 14:36:17,0.0,0.0,"ACC开,3D定位,天线正常","湖南省常德市鼎城区G207(锡海线),距鼎城永欣机械制造公司 约199米,距石板滩中学 约327米",111.64031000000001,29.162289,0.0,0.0
3,3,,2017-04-25 14:36:40,0.0,0.0,"ACC开,3D定位,天线正常","湖南省常德市鼎城区G207(锡海线),距鼎城永欣机械制造公司 约199米,距石板滩中学 约327米",111.64031000000001,29.162289,0.0,0.0
4,4,,2017-04-25 14:37:13,0.0,0.0,"ACC开,3D定位,天线正常","湖南省常德市鼎城区G207(锡海线),距鼎城永欣机械制造公司 约199米,距石板滩中学 约327米",111.64031000000001,29.162289,0.0,0.0
5,5,,2017-04-25 14:37:45,0.0,0.0,"ACC开,3D定位,天线正常","湖南省常德市鼎城区G207(锡海线),距鼎城永欣机械制造公司 约199米,距石板滩中学 约327米",111.64031000000001,29.162289,0.0,0.0
6,6,,2017-04-25 14:38:02,0.0,0.0,"ACC开,3D定位,天线正常","湖南省常德市鼎城区G207(锡海线),距鼎城永欣机械制造公司 约199米,距石板滩中学 约327米",111.64031000000001,29.162289,0.0,0.0
7,7,,2017-04-25 14:38:34,0.0,0.0,"ACC开,3D定位,天线正常","湖南省常德市鼎城区G207(锡海线),距鼎城永欣机械制造公司 约199米,距石板滩中学 约327米",111.64031000000001,29.162289,0.0,0.0
8,8,,2017-04-25 14:39:06,0.0,0.0,"ACC开,3D定位,天线正常","湖南省常德市鼎城区G207(锡海线),距鼎城永欣机械制造公司 约199米,距石板滩中学 约327米",111.64031000000001,29.162289,0.0,0.0
9,9,,2017-04-25 14:39:37,14.0,0.0,"ACC开,3D定位,天线正常","湖南省常德市鼎城区G207(锡海线),距鼎城永欣机械制造公司 约196米,距石板滩中学 约255米",111.63972,29.162676,71.65078576758084,0.0
10,10,,2017-04-25 14:39:54,9.0,0.0,"ACC开,3D定位,天线正常","湖南省常德市鼎城区G207(锡海线),距石板滩中学 约206米,距鼎城永欣机械制造公司 约206米",111.63928,29.162917999999998,50.491979679322945,0.0
11,11,,2017-04-25 14:40:26,17.0,0.0,"ACC开,3D定位,天线正常","湖南省常德市鼎城区G207(锡海线),距石板滩中学 约149米,距鼎城永欣机械制造公司 约213米",111.63808,29.162940999999996,116.54772948418166,0.0
12,12,,2017-04-25 14:40:59,20.0,0.0,"ACC开,3D定位,天线正常","湖南省常德市鼎城区G207(锡海线),距石板滩中学 约220米,距鼎城永欣机械制造公司 约324米",111.63615,29.162922,187.41436733819702,0.0
13,13,,2017-04-25 14:41:31,0.0,0.0,"ACC开,3D定位,天线正常","湖南省常德市鼎城区,距石板滩中学 约292米,距鼎城永欣机械制造公司 约394米",111.635254,29.16289,87.07410368859475,0.0
14,14,,2017-04-25 14:42:03,11.0,0.0,"ACC开,3D定位,天线正常","湖南省常德市鼎城区,距石板滩中学 约284米,距鼎城永欣机械制造公司 约371米",111.63545,29.16276,23.898910356184427,0.0
15,15,,2017-04-25 14:42:35,20.0,0.0,"ACC开,3D定位,天线正常","湖南省常德市鼎城区,距鼎城永欣机械制造公司 约324米,距石板滩中学 约406米",111.63543999999999,29.161255,167.35141801247195,0.0
16,16,,2017-04-25 14:43:07,0.0,0.0,"ACC开,3D定位,天线正常","湖南省常德市鼎城区,距鼎城永欣机械制造公司 约321米,距常德金德山水泥有限公司 约438米",111.63548999999999,29.160809000000004,49.830092695767476,0.0
17,17,,2017-04-25 14:43:39,0.0,0.0,"ACC开,3D定位,天线正常","湖南省常德市鼎城区,距鼎城永欣机械制造公司 约321米,距常德金德山水泥有限公司 约438米",111.63548999999999,29.160809000000004,0.0,0.0
18,18,,2017-04-25 14:44:11,11.0,0.0,"ACC开,3D定位,天线正常","湖南省常德市鼎城区,距鼎城永欣机械制造公司 约335米,距常德金德山水泥有限公司 约412米",111.635506,29.160156,72.62700918069027,0.0
19,19,,2017-04-25 14:44:43,0.0,0.0,"ACC开,3D定位,天线正常","湖南省常德市鼎城区,距鼎城永欣机械制造公司 约350米,距常德金德山水泥有限公司 约398米",111.63555,29.159714,49.33358470196156,0.0
20,20,,2017-04-25 14:45:15,0.0,0.0,"ACC开,3D定位,天线正常","湖南省常德市鼎城区,距鼎城永欣机械制造公司 约350米,距常德金德山水泥有限公司 约398米",111.63555,29.159714,0.0,0.0
21,21,,2017-04-25 14:45:47,0.0,0.0,"ACC开,3D定位,天线正常","湖南省常德市鼎城区,距鼎城永欣机械制造公司 约350米,距常德金德山水泥有限公司 约398米",111.63555,29.159714,0.0,0.0
22,22,,2017-04-25 14:46:19,0.0,0.0,"ACC开,3D定位,天线正常","湖南省常德市鼎城区,距鼎城永欣机械制造公司 约377米,距常德金德山水泥有限公司 约392米",111.63557,29.1592,57.1872584023017,0.0
23,23,,2017-04-25 14:46:51,0.0,0.0,"ACC开,3D定位,天线正常","湖南省常德市鼎城区,距常德金德山水泥有限公司 约332米,距鼎城永欣机械制造公司 约388米",111.63632,29.158347999999997,119.49564073060745,0.0
24,24,,2017-04-25 14:47:23,0.0,0.0,"ACC开,3D定位,天线正常","湖南省常德市鼎城区,距常德金德山水泥有限公司 约373米,距鼎城永欣机械制造公司 约445米",111.636055,29.157884999999997,57.55606823276144,0.0
25,25,,2017-04-25 14:47:55,10.0,0.0,"ACC开,3D定位,天线正常","湖南省常德市鼎城区,距常德金德山水泥有限公司 约445米,距常德市鼎城区石板滩卫生院-预防接种门诊 约509米",111.63564,29.157152000000004,90.92412870275005,0.0
26,26,,2017-04-25 14:48:27,21.0,0.0,"ACC开,3D定位,天线正常","湖南省常德市鼎城区,距常德市鼎城区石板滩卫生院-预防接种门诊 约534米,距常德金德山水泥有限公司 约547米",111.63536,29.155931,138.46497748779495,0.0
27,27,,2017-04-25 14:48:59,10.0,0.0,"ACC开,3D定位,天线正常","湖南省常德市鼎城区,距余家岗 约501米,距常德市鼎城区石板滩卫生院-预防接种门诊 约676米",111.63406,29.155065999999998,158.70583158557008,0.0
28,28,,2017-04-25 14:49:30,29.0,0.0,"ACC开,3D定位,天线正常","湖南省常德市鼎城区,距余家岗 约445米,距大堰 约613米",111.63175,29.153923,257.82223300178606,0.0
29,29,,2017-04-25 14:49:47,33.0,1.0,"ACC开,3D定位,天线正常","湖南省常德市鼎城区,距余家岗 约473米,距大堰 约555米",111.6305,29.153315999999997,138.88883541159606,1.0
30,30,,2017-04-25 14:50:19,27.0,1.0,"ACC开,3D定位,天线正常","湖南省常德市鼎城区,距大堰 约446米,距古堤桥 约479米",111.62953,29.151987,175.2464890004004,1.0
31,31,,2017-04-25 14:50:51,43.0,1.0,"ACC开,3D定位,天线正常","湖南省常德市鼎城区,距古堤桥 约318米,距大堰 约341米",111.62826000000001,29.149343,318.82049952641137,1.0
32,32,,2017-04-25 14:51:23,44.0,1.0,"ACC开,3D定位,天线正常","湖南省常德市鼎城区,距新堰 约85米,距小堰 约163米",111.62695,29.145965999999998,396.4712084548823,1.0
33,33,,2017-04-25 14:51:55,54.0,1.0,"ACC开,3D定位,天线正常","湖南省常德市鼎城区,距小堰 约346米,距新堰 约398米",111.62538,29.142353000000004,429.7089418325702,1.0
34,34,,2017-04-25 14:52:26,39.0,1.0,"ACC开,3D定位,天线正常","湖南省常德市鼎城区,距皇家湾 约313米,距锥子岗 约537米",111.624016,29.13894,401.9651421553227,1.0
35,35,,2017-04-25 14:52:58,49.0,2.0,"ACC开,3D定位,天线正常","湖南省常德市鼎城区,距皇家湾 约167米,距陈家冲 约278米",111.62295,29.135813,362.79398653999374,2.0
36,36,,2017-04-25 14:53:30,49.0,2.0,"ACC开,3D定位,天线正常","湖南省常德市鼎城区G56(杭瑞高速),距陈家冲 约239米,距湖南新湘达门窗有限公司 约498米",111.62186000000001,29.131678000000004,471.8226112736267,2.0
37,37,,2017-04-25 14:54:02,34.0,2.0,"ACC开,3D定位,天线正常","湖南省常德市鼎城区,距湖南新湘达门窗有限公司 约232米,距铁山村 约613米",111.62096000000001,29.127962,422.34689698060777,2.0
38,38,,2017-04-25 14:54:35,35.0,2.0,"ACC开,3D定位,天线正常","湖南省常德市鼎城区,距兄弟餐馆 约407米,距湖南新湘达门窗有限公司 约413米",111.62026000000002,29.1248,358.11302235917236,2.0
39,39,,2017-04-25 14:55:07,40.0,2.0,"ACC开,3D定位,天线正常","湖南省常德市鼎城区,距兄弟餐馆 约163米,距王家塝 约474米",111.61970500000001,29.12195,321.45888011392816,2.0
40,40,,2017-04-25 14:55:39,51.0,3.0,"ACC开,3D定位,天线正常","湖南省常德市鼎城区,距王家塝 约227米,距湖南和畅(常德)食品科技有限公司 约370米",111.61868999999999,29.118340999999997,413.23790109361516,3.0
41,41,,2017-04-25 14:56:11,40.0,3.0,"ACC开,3D定位,天线正常","湖南省常德市鼎城区,距湖南粤港模科实业有限公司 约66米,距常德科技创新创业孵化产业园 约113米",111.61725600000001,29.115067,389.7946593137613,3.0
42,42,,2017-04-25 14:56:43,22.0,3.0,"ACC开,3D定位,天线正常","湖南省常德市鼎城区,距常德科技创新创业孵化产业园 约44米,距湖南粤港模科实业有限公司 约89米",111.616844,29.113715999999997,155.46490617830062,3.0
43,43,,2017-04-25 14:57:16,43.0,3.0,"ACC开,3D定位,天线正常","湖南省常德市鼎城区,距郑家溶 约327米,距朱家溶 约342米",111.61616000000001,29.110846000000002,325.97446112526,3.0
44,44,,2017-04-25 14:57:48,52.0,3.0,"ACC开,3D定位,天线正常","湖南省常德市鼎城区,距五里岗村 约213米,距朱家溶 约294米",111.61585,29.106625,470.3196988844151,3.0
45,45,,2017-04-25 14:58:20,37.0,4.0,"ACC开,3D定位,天线正常","湖南省常德市鼎城区,距湖南昊宇幕墙门窗有限公司 约192米,距廖家岗 约395米",111.615715,29.103565000000003,340.50964961953684,4.0
46,46,,2017-04-25 14:58:52,55.0,4.0,"ACC开,3D定位,天线正常","湖南省常德市鼎城区,距廖家岗 约190米,距湖南昊宇幕墙门窗有限公司 约270米",111.615776,29.099859999999996,412.0204123779375,4.0
47,47,,2017-04-25 14:59:24,38.0,4.0,"ACC开,3D定位,天线正常","湖南省常德市鼎城区,距廖家岗 约427米,距徐家湾 约530米",111.6161,29.097034000000004,315.81019342130435,4.0
48,48,,2017-04-25 14:59:56,44.0,4.0,"ACC开,3D定位,天线正常","湖南省常德市鼎城区,距白马岗村 约326米,距徐家湾 约634米",111.616394,29.093744,366.94542546476714,4.0
49,49,,2017-04-25 15:00:28,34.0,4.0,"ACC开,3D定位,天线正常","湖南省常德市鼎城区,距熊家塝 约397米,距白马岗村 约454米",111.61774399999999,29.090357,398.8079901868665,4.0
50,50,,2017-04-25 15:01:00,25.0,4.0,"ACC开,3D定位,天线正常","湖南省常德市鼎城区,距熊家塝 约439米,距廖家坪 约511米",111.61895,29.088448,242.47003599277232,4.0
51,51,,2017-04-25 15:01:32,20.0,5.0,"ACC开,3D定位,天线正常","湖南省常德市武陵区,距樟树垱 约460米,距白鹤庵村 约552米",111.61988000000001,29.085967999999998,290.1935227525939,5.0
52,52,,2017-04-25 15:02:04,21.0,5.0,"ACC开,3D定位,天线正常","湖南省常德市武陵区,距樟树垱 约352米,距白鹤庵村 约458米",111.620995,29.085410999999997,124.80070130801008,5.0
53,53,,2017-04-25 15:02:36,20.0,5.0,"ACC开,3D定位,天线正常","湖南省常德市武陵区,距樟树垱 约176米,距白鹤庵村 约358米",111.62358,29.0844,275.2016102013222,5.0
54,54,,2017-04-25 15:03:08,20.0,5.0,"ACC开,3D定位,天线正常","湖南省常德市武陵区,距樟树垱 约184米,距双解口 约295米",111.62449,29.084059000000003,96.21496258714062,5.0
55,55,,2017-04-25 15:03:40,20.0,5.0,"ACC开,3D定位,天线正常","湖南省常德市武陵区,距双解口 约218米,距樟树垱 约341米",111.62666000000002,29.083240000000004,229.69373174244012,5.0
56,56,,2017-04-25 15:04:12,45.0,5.0,"ACC开,3D定位,天线正常","湖南省常德市武陵区,距高桥 约353米,距四口堰 约362米",111.62952,29.08212,304.5496097830012,5.0
57,57,,2017-04-25 15:04:44,23.0,5.0,"ACC开,3D定位,天线正常","湖南省常德市武陵区,距高桥 约151米,距四口堰 约295米",111.63311999999999,29.080897999999998,375.298012122196,5.0
58,58,,2017-04-25 15:05:16,29.0,5.0,"ACC开,3D定位,天线正常","湖南省常德市鼎城区G207(常澧路),距高桥 约244米,距四口堰 约391米",111.63453999999999,29.080345,151.07256115066468,5.0
59,59,,2017-04-25 15:05:48,30.0,5.0,"ACC开,3D定位,天线正常","湖南省常德市鼎城区G207(常澧路),距三星当村 约228米,距湖南紫竹源餐饮服务有限公司 约247米",111.637146,29.079252,280.9000464846929,5.0
60,60,,2017-04-25 15:06:20,45.0,6.0,"ACC开,3D定位,天线正常","湖南省常德市鼎城区G207(常澧路),距三星当村 约237米,距紫色光广告传播 约245米",111.64039,29.07803,343.2868772470334,6.0
61,61,,2017-04-25 15:06:52,7.0,6.0,"ACC开,3D定位,天线正常","湖南省常德市鼎城区,距中共三星垱支部委员会 约334米,距天井堰 约380米",111.64291000000001,29.077068,267.23739981281534,6.0
62,62,,2017-04-25 15:07:24,35.0,6.0,"ACC开,3D定位,天线正常","湖南省常德市鼎城区G207(常澧路),距中共三星垱支部委员会 约191米,距天井堰 约291米",111.6435,29.07573,159.44508409782858,6.0
63,63,,2017-04-25 15:07:41,49.0,6.0,"ACC开,3D定位,天线正常","湖南省常德市鼎城区G207(常澧路),距中共三星垱支部委员会 约52米,距柳园 约227米",111.64352,29.073909999999998,202.3843858454085,6.0
64,64,,2017-04-25 15:08:12,47.0,6.0,"ACC开,3D定位,天线正常","湖南省常德市武陵区G207(常澧路),距柳园-西门 约217米,距柳园 约227米",111.64347,29.069824,454.3690968458415,6.0
65,65,,2017-04-25 15:08:44,48.0,7.0,"ACC开,3D定位,天线正常","湖南省常德市武陵区G207(常澧路),距河洑派出所 约268米,距果然好超市(开心果店) 约301米",111.64346,29.065928000000003,433.21713638289583,7.0
66,66,,2017-04-25 15:09:16,37.0,7.0,"ACC开,3D定位,天线正常","湖南省常德市武陵区,距阳光超市 约398米,距家家福超市(常澧路) 约398米",111.64348600000001,29.063184999999997,305.01858267023385,7.0
67,67,,2017-04-25 15:09:33,48.0,7.0,"ACC开,3D定位,天线正常","湖南省常德市武陵区,距合兴村 约448米,距河洑镇 约501米",111.64352,29.061290000000003,210.74059514583243,7.0
68,68,,2017-04-25 15:10:05,50.0,7.0,"ACC开,3D定位,天线正常","湖南省常德市武陵区柳叶大道,距合兴村 约55米,距合兴村村委会 约173米",111.64353999999999,29.057104,465.4666798054882,7.0
69,69,,2017-04-25 15:10:36,33.0,7.0,"ACC开,3D定位,天线正常","湖南省常德市武陵区柳叶大道辅路,距合兴村村委会 约142米,距合兴村 约267米",111.644714,29.055386,222.52082194249303,7.0
70,70,,2017-04-25 15:11:08,47.0,7.0,"ACC开,3D定位,天线正常","湖南省常德市武陵区合兴路,距岩桥安置小区 约241米,距湖南申湘常德天衡汽车销售服务有限公 约389米",111.648605,29.05593,383.0158827866071,7.0
71,71,,2017-04-25 15:11:40,0.0,7.0,"ACC开,3D定位,天线正常","湖南省常德市武陵区柳叶大道辅路,距湖南申湘常德天衡汽车销售服务有限公 约224米,距岩桥安置小区 约268米",111.65095,29.056046000000002,228.30027941510846,7.0
72,72,,2017-04-25 15:12:12,0.0,7.0,"ACC开,3D定位,天线正常","湖南省常德市武陵区柳叶大道辅路,距湖南申湘常德天衡汽车销售服务有限公 约224米,距岩桥安置小区 约268米",111.65093,29.05603,2.63523405145208,7.0
73,73,,2017-04-25 15:12:44,0.0,7.0,"ACC开,3D定位,天线正常","湖南省常德市武陵区柳叶大道辅路,距湖南申湘常德天衡汽车销售服务有限公 约224米,距岩桥安置小区 约268米",111.65093,29.05603,0.0,7.0
74,74,,2017-04-25 15:13:16,0.0,7.0,"ACC开,3D定位,天线正常","湖南省常德市武陵区柳叶大道辅路,距湖南申湘常德天衡汽车销售服务有限公 约224米,距岩桥安置小区 约268米",111.65093,29.05603,0.0,7.0
75,75,,2017-04-25 15:13:33,0.0,7.0,"ACC开,3D定位,天线正常","湖南省常德市武陵区柳叶大道辅路,距湖南申湘常德天衡汽车销售服务有限公 约224米,距岩桥安置小区 约268米",111.65093,29.05603,0.0,7.0
76,76,,2017-04-25 15:14:04,14.0,8.0,"ACC开,3D定位,天线正常","湖南省常德市武陵区合兴路,距湖南申湘常德天衡汽车销售服务有限公 约198米,距岩桥安置小区 约321米",111.65043,29.05527,97.48669396725585,8.0
77,77,,2017-04-25 15:14:53,0.0,8.0,"ACC开,3D定位,天线正常","湖南省常德市武陵区合兴路,距湖南申湘常德天衡汽车销售服务有限公 约239米,距岩桥安置小区 约294米",111.65005,29.055424,40.7128627126233,8.0
78,78,,2017-04-25 15:15:41,0.0,8.0,"ACC开,3D定位,天线正常","湖南省常德市武陵区合兴路,距湖南申湘常德天衡汽车销售服务有限公 约239米,距岩桥安置小区 约294米",111.65005,29.055424,0.0,8.0
79,79,,2017-04-25 15:16:13,0.0,8.0,"ACC开,3D定位,天线正常","湖南省常德市武陵区合兴路,距湖南申湘常德天衡汽车销售服务有限公 约239米,距岩桥安置小区 约294米",111.65005,29.055424,0.0,8.0
80,80,,2017-04-25 15:19:29,0.0,8.0,"ACC开,3D定位,天线正常","湖南省常德市武陵区合兴路,距湖南申湘常德天衡汽车销售服务有限公 约239米,距岩桥安置小区 约294米",111.65005,29.055424,0.0,8.0
81,81,,2017-04-25 15:20:44,0.0,8.0,"ACC开,3D定位,天线正常","湖南省常德市武陵区合兴路,距湖南申湘常德天衡汽车销售服务有限公 约239米,距岩桥安置小区 约294米",111.65005,29.055424,0.0,8.0
82,82,,2017-04-25 15:21:06,0.0,8.0,"ACC开,3D定位,天线正常","湖南省常德市武陵区合兴路,距湖南申湘常德天衡汽车销售服务有限公 约239米,距岩桥安置小区 约294米",111.65005,29.055424,0.0,8.0
83,83,,2017-04-25 15:21:23,0.0,8.0,"ACC开,3D定位,天线正常","湖南省常德市武陵区合兴路,距湖南申湘常德天衡汽车销售服务有限公 约239米,距岩桥安置小区 约294米",111.65005,29.055424,0.0,8.0
84,84,,2017-04-25 15:21:55,0.0,8.0,"ACC开,3D定位,天线正常","湖南省常德市武陵区合兴路,距湖南申湘常德天衡汽车销售服务有限公 约239米,距岩桥安置小区 约294米",111.65005,29.055424,0.0,8.0
85,85,,2017-04-25 15:22:27,0.0,8.0,"ACC开,3D定位,天线正常","湖南省常德市武陵区合兴路,距湖南申湘常德天衡汽车销售服务有限公 约239米,距岩桥安置小区 约294米",111.65005,29.055424,0.0,8.0
86,86,,2017-04-25 15:22:59,0.0,8.0,"ACC开,3D定位,天线正常","湖南省常德市武陵区合兴路,距湖南申湘常德天衡汽车销售服务有限公 约239米,距岩桥安置小区 约294米",111.65005,29.055424,0.0,8.0
87,87,,2017-04-25 15:23:31,0.0,8.0,"ACC开,3D定位,天线正常","湖南省常德市武陵区合兴路,距湖南申湘常德天衡汽车销售服务有限公 约239米,距岩桥安置小区 约294米",111.65005,29.055424,0.0,8.0
88,88,,2017-04-25 15:24:03,0.0,8.0,"ACC开,3D定位,天线正常","湖南省常德市武陵区合兴路,距湖南申湘常德天衡汽车销售服务有限公 约239米,距岩桥安置小区 约294米",111.65005,29.055424,0.0,8.0
89,89,,2017-04-25 15:24:35,0.0,8.0,"ACC开,3D定位,天线正常","湖南省常德市武陵区合兴路,距湖南申湘常德天衡汽车销售服务有限公 约239米,距岩桥安置小区 约294米",111.65005,29.055424,0.0,8.0
90,90,,2017-04-25 15:25:07,0.0,8.0,"ACC开,3D定位,天线正常","湖南省常德市武陵区合兴路,距湖南申湘常德天衡汽车销售服务有限公 约239米,距岩桥安置小区 约294米",111.65005,29.055424,0.0,8.0
91,91,,2017-04-25 15:25:39,0.0,8.0,"ACC开,3D定位,天线正常","湖南省常德市武陵区合兴路,距湖南申湘常德天衡汽车销售服务有限公 约239米,距岩桥安置小区 约294米",111.65005,29.055424,0.0,8.0
92,92,,2017-04-25 15:26:11,0.0,8.0,"ACC开,3D定位,天线正常","湖南省常德市武陵区合兴路,距湖南申湘常德天衡汽车销售服务有限公 约239米,距岩桥安置小区 约294米",111.65005,29.055424,0.0,8.0
93,93,,2017-04-25 15:26:43,0.0,8.0,"ACC开,3D定位,天线正常","湖南省常德市武陵区合兴路,距湖南申湘常德天衡汽车销售服务有限公 约239米,距岩桥安置小区 约294米",111.65005,29.055424,0.0,8.0
94,94,,2017-04-25 15:27:03,0.0,8.0,"ACC开,3D定位,天线正常","湖南省常德市武陵区合兴路,距湖南申湘常德天衡汽车销售服务有限公 约239米,距岩桥安置小区 约294米",111.65005,29.055424,0.0,8.0
95,95,,2017-04-25 15:27:35,0.0,8.0,"ACC开,3D定位,天线正常","湖南省常德市武陵区合兴路,距湖南申湘常德天衡汽车销售服务有限公 约239米,距岩桥安置小区 约294米",111.65005,29.055424,0.0,8.0
96,96,,2017-04-25 15:28:06,0.0,8.0,"ACC开,3D定位,天线正常","湖南省常德市武陵区合兴路,距湖南申湘常德天衡汽车销售服务有限公 约239米,距岩桥安置小区 约294米",111.65005,29.055424,0.0,8.0
97,97,,2017-04-25 15:28:38,0.0,8.0,"ACC开,3D定位,天线正常","湖南省常德市武陵区合兴路,距湖南申湘常德天衡汽车销售服务有限公 约239米,距岩桥安置小区 约294米",111.65005,29.055424,0.0,8.0
98,98,,2017-04-25 15:29:10,0.0,8.0,"ACC开,3D定位,天线正常","湖南省常德市武陵区合兴路,距湖南申湘常德天衡汽车销售服务有限公 约239米,距岩桥安置小区 约294米",111.65005,29.055424,0.0,8.0
99,99,,2017-04-25 15:29:43,0.0,8.0,"ACC开,3D定位,天线正常","湖南省常德市武陵区合兴路,距湖南申湘常德天衡汽车销售服务有限公 约239米,距岩桥安置小区 约294米",111.65005,29.055424,0.0,8.0
100,100,,2017-04-25 15:33:16,0.0,8.0,"ACC开,3D定位,天线正常","湖南省常德市武陵区合兴路,距湖南申湘常德天衡汽车销售服务有限公 约239米,距岩桥安置小区 约294米",111.65005,29.055424,0.0,8.0
101,101,,2017-04-25 15:36:32,0.0,8.0,"ACC开,3D定位,天线正常","湖南省常德市武陵区合兴路,距湖南申湘常德天衡汽车销售服务有限公 约239米,距岩桥安置小区 约294米",111.65005,29.055424,0.0,8.0
102,102,,2017-04-25 15:39:48,0.0,8.0,"ACC开,3D定位,天线正常","湖南省常德市武陵区合兴路,距湖南申湘常德天衡汽车销售服务有限公 约239米,距岩桥安置小区 约294米",111.65005,29.055424,0.0,8.0
103,103,,2017-04-25 15:41:57,0.0,8.0,"ACC开,3D定位,天线正常","湖南省常德市武陵区合兴路,距湖南申湘常德天衡汽车销售服务有限公 约239米,距岩桥安置小区 约294米",111.65005,29.055424,0.0,8.0
104,104,,2017-04-25 15:42:14,0.0,8.0,"ACC开,3D定位,天线正常","湖南省常德市武陵区合兴路,距湖南申湘常德天衡汽车销售服务有限公 约239米,距岩桥安置小区 约294米",111.65005,29.055424,0.0,8.0
105,105,,2017-04-25 15:42:46,0.0,8.0,"ACC开,3D定位,天线正常","湖南省常德市武陵区合兴路,距湖南申湘常德天衡汽车销售服务有限公 约239米,距岩桥安置小区 约294米",111.65005,29.055424,0.0,8.0
106,106,,2017-04-25 15:43:46,0.0,8.0,"ACC开,3D定位,天线正常","湖南省常德市武陵区合兴路,距湖南申湘常德天衡汽车销售服务有限公 约239米,距岩桥安置小区 约294米",111.65005,29.055424,0.0,8.0
107,107,,2017-04-25 15:47:01,0.0,8.0,"ACC开,3D定位,天线正常","湖南省常德市武陵区合兴路,距湖南申湘常德天衡汽车销售服务有限公 约239米,距岩桥安置小区 约294米",111.65005,29.055424,0.0,8.0
108,108,,2017-04-25 15:50:18,0.0,8.0,"ACC开,3D定位,天线正常","湖南省常德市武陵区合兴路,距湖南申湘常德天衡汽车销售服务有限公 约239米,距岩桥安置小区 约294米",111.65005,29.055424,0.0,8.0
109,109,,2017-04-25 15:50:44,0.0,8.0,"ACC开,3D定位,天线正常","湖南省常德市武陵区合兴路,距湖南申湘常德天衡汽车销售服务有限公 约239米,距岩桥安置小区 约294米",111.65005,29.055424,0.0,8.0
110,110,,2017-04-25 15:51:10,0.0,8.0,"ACC开,3D定位,天线正常","湖南省常德市武陵区合兴路,距湖南申湘常德天衡汽车销售服务有限公 约239米,距岩桥安置小区 约294米",111.65005,29.055424,0.0,8.0
111,111,,2017-04-25 15:51:42,0.0,8.0,"ACC开,3D定位,天线正常","湖南省常德市武陵区合兴路,距湖南申湘常德天衡汽车销售服务有限公 约239米,距岩桥安置小区 约294米",111.65005,29.055424,0.0,8.0
112,112,,2017-04-25 15:53:24,0.0,8.0,"ACC开,3D定位,天线正常","湖南省常德市武陵区合兴路,距湖南申湘常德天衡汽车销售服务有限公 约239米,距岩桥安置小区 约294米",111.65005,29.055424,0.0,8.0
113,113,,2017-04-25 15:53:45,0.0,8.0,"ACC开,3D定位,天线正常","湖南省常德市武陵区合兴路,距湖南申湘常德天衡汽车销售服务有限公 约239米,距岩桥安置小区 约294米",111.65005,29.055424,0.0,8.0
114,114,,2017-04-25 15:54:48,0.0,8.0,"ACC开,3D定位,天线正常","湖南省常德市武陵区合兴路,距湖南申湘常德天衡汽车销售服务有限公 约239米,距岩桥安置小区 约294米",111.65005,29.055424,0.0,8.0
115,115,,2017-04-25 15:58:04,0.0,8.0,"ACC开,3D定位,天线正常","湖南省常德市武陵区合兴路,距湖南申湘常德天衡汽车销售服务有限公 约239米,距岩桥安置小区 约294米",111.65005,29.055424,0.0,8.0
116,116,,2017-04-25 16:01:29,0.0,8.0,"ACC开,3D定位,天线正常","湖南省常德市武陵区合兴路,距湖南申湘常德天衡汽车销售服务有限公 约239米,距岩桥安置小区 约294米",111.65005,29.055424,0.0,8.0
117,117,,2017-04-25 16:07:09,11.0,8.0,"ACC开,3D定位,天线正常","湖南省常德市武陵区柳叶大道辅路,距湖南申湘常德天衡汽车销售服务有限公 约159米,距岩桥安置小区 约335米",111.65105,29.055382,97.31336742904915,8.0
118,118,,2017-04-25 16:07:41,0.0,8.0,"ACC开,3D定位,天线正常","湖南省常德市武陵区柳叶大道辅路,距湖南申湘常德天衡汽车销售服务有限公 约212米,距岩桥安置小区 约280米",111.65093,29.055903999999998,59.204208980035496,8.0
119,119,,2017-04-25 16:08:13,0.0,8.0,"ACC开,3D定位,天线正常","湖南省常德市武陵区柳叶大道辅路,距湖南申湘常德天衡汽车销售服务有限公 约226米,距岩桥安置小区 约266米",111.650925,29.056053000000002,16.57519409288761,8.0
120,120,,2017-04-25 16:08:45,26.0,8.0,"ACC开,3D定位,天线正常","湖南省常德市武陵区柳叶大道辅路,距崔家溶 约229米,距湖南申湘常德天衡汽车销售服务有限公 约233米",111.65225,29.056421000000004,135.13492443591758,8.0
121,121,,2017-04-25 16:09:17,8.0,8.0,"ACC开,3D定位,天线正常","湖南省常德市武陵区G207(常澧路),距常德如家酒店 约199米,距崔家溶 约267米",111.6547,29.056732,240.6381227984676,8.0
122,122,,2017-04-25 16:09:49,35.0,8.0,"ACC开,3D定位,天线正常","湖南省常德市武陵区柳叶大道辅路,距常德如家酒店 约152米,距崔家溶 约197米",111.65371,29.05687,97.44372490489114,8.0
123,123,,2017-04-25 16:10:21,0.0,8.0,"ACC开,3D定位,天线正常","湖南省常德市武陵区柳叶大道辅路,距岩桥安置小区 约218米,距湖南申湘常德天衡汽车销售服务有限公 约278米",111.65083999999999,29.056547,281.2665748031888,8.0
124,124,,2017-04-25 16:10:53,0.0,8.0,"ACC开,3D定位,天线正常","湖南省常德市武陵区柳叶大道辅路,距岩桥安置小区 约218米,距湖南申湘常德天衡汽车销售服务有限公 约278米",111.65083999999999,29.056547,0.0,8.0
125,125,,2017-04-25 16:11:22,0.0,8.0,"ACC开,3D定位,天线正常","湖南省常德市武陵区柳叶大道辅路,距岩桥安置小区 约218米,距湖南申湘常德天衡汽车销售服务有限公 约278米",111.65083999999999,29.056547,0.0,8.0
126,126,,2017-04-25 16:11:40,0.0,8.0,"ACC开,3D定位,天线正常","湖南省常德市武陵区柳叶大道辅路,距岩桥安置小区 约218米,距湖南申湘常德天衡汽车销售服务有限公 约278米",111.65083999999999,29.056547,0.0,8.0
127,127,,2017-04-25 16:15:09,0.0,8.0,"ACC开,3D定位,天线正常","湖南省常德市武陵区柳叶大道辅路,距岩桥安置小区 约230米,距湖南申湘常德天衡汽车销售服务有限公 约268米",111.65096000000001,29.0565,12.781324202825322,8.0
128,128,,2017-04-25 16:15:26,0.0,8.0,"ACC开,3D定位,天线正常","湖南省常德市武陵区柳叶大道辅路,距岩桥安置小区 约230米,距湖南申湘常德天衡汽车销售服务有限公 约268米",111.65096000000001,29.0565,0.0,8.0
129,129,,2017-04-25 16:15:58,36.0,8.0,"ACC开,3D定位,天线正常","湖南省常德市武陵区合兴路,距岩桥安置小区 约201米,距湖南申湘常德天衡汽车销售服务有限公 约373米",111.64899399999999,29.056215,193.70576695657846,8.0
130,130,,2017-04-25 16:16:29,42.0,8.0,"ACC开,3D定位,天线正常","湖南省常德市武陵区柳叶大道辅路,距合兴村村委会 约192米,距合兴村 约270米",111.64522,29.055798,369.754217524167,8.0
131,131,,2017-04-25 16:17:01,39.0,9.0,"ACC开,3D定位,天线正常","湖南省常德市武陵区柳叶大道辅路,距合兴村 约82米,距合兴村村委会 约197米",111.643845,29.05726,210.45304984318082,9.0
132,132,,2017-04-25 16:17:33,49.0,9.0,"ACC开,3D定位,天线正常","湖南省常德市武陵区,距合兴村 约426米,距河洑镇 约489米",111.64381999999999,29.061045,420.8804065620157,9.0
133,133,,2017-04-25 16:18:06,50.0,9.0,"ACC开,3D定位,天线正常","湖南省常德市武陵区,距果然好超市(开心果店) 约287米,距河洑派出所 约318米",111.643845,29.06499,438.6713349587787,9.0
134,134,,2017-04-25 16:18:38,47.0,9.0,"ACC开,3D定位,天线正常","湖南省常德市武陵区G207(常澧路),距河洑派出所 约234米,距河洑镇中学 约310米",111.64381399999999,29.068686,410.98807321238195,9.0
135,135,,2017-04-25 16:19:10,47.0,9.0,"ACC开,3D定位,天线正常","湖南省常德市鼎城区G207(常澧路),距柳园 约46米,距柳园-西门 约78米",111.64379,29.072266,398.08523313164284,9.0
136,136,,2017-04-25 16:19:42,27.0,10.0,"ACC开,3D定位,天线正常","湖南省常德市鼎城区,距中共三星垱支部委员会 约211米,距天井堰 约271米",111.64371000000001,29.07586,399.71075002268793,10.0
137,137,,2017-04-25 16:20:14,20.0,10.0,"ACC开,3D定位,天线正常","湖南省常德市鼎城区,距中共三星垱支部委员会 约279米,距天井堰 约285米",111.64371000000001,29.076494,70.49768308122377,10.0
138,138,,2017-04-25 16:20:46,31.0,10.0,"ACC开,3D定位,天线正常","湖南省常德市鼎城区,距三星当村 约378米,距紫色光广告传播 约379米",111.64195,29.077596999999997,210.4677265665567,10.0
139,139,,2017-04-25 16:21:19,40.0,10.0,"ACC开,3D定位,天线正常","湖南省常德市鼎城区G207(常澧路),距三星当村 约177米,距湖南紫竹源餐饮服务有限公司 约200米",111.6387,29.078863000000002,345.78634262355416,10.0
140,140,,2017-04-25 16:21:51,40.0,10.0,"ACC开,3D定位,天线正常","湖南省常德市鼎城区G207(常澧路),距高桥 约345米,距三兴档村 约351米",111.63563500000001,29.080054999999998,326.0123210685187,10.0
141,141,,2017-04-25 16:22:23,0.0,10.0,"ACC开,3D定位,天线正常","湖南省常德市武陵区G207(常澧路),距高桥 约171米,距四口堰 约300米",111.63342,29.08088900000001,234.37568865039074,10.0
142,142,,2017-04-25 16:22:55,39.0,10.0,"ACC开,3D定位,天线正常","湖南省常德市武陵区,距高桥 约189米,距四口堰 约250米",111.63168,29.081543,184.06280086671399,10.0
143,143,,2017-04-25 16:23:27,49.0,10.0,"ACC开,3D定位,天线正常","湖南省常德市武陵区,距双解口 约238米,距樟树垱 约425米",111.62768600000001,29.083021000000002,421.48221241201486,10.0
144,144,,2017-04-25 16:23:56,45.0,11.0,"ACC开,3D定位,天线正常","湖南省常德市武陵区,距樟树垱 约158米,距双解口 约333米",111.62393999999999,29.084415000000003,395.64423852364195,11.0
145,145,,2017-04-25 16:24:28,20.0,11.0,"ACC开,3D定位,天线正常","湖南省常德市武陵区,距樟树垱 约370米,距白鹤庵村 约482米",111.62078999999999,29.085590000000003,332.81417621854337,11.0
146,146,,2017-04-25 16:25:00,42.0,11.0,"ACC开,3D定位,天线正常","湖南省常德市鼎城区,距熊家塝 约494米,距廖家坪 约497米",111.61945,29.087529999999997,251.97058279135643,11.0
147,147,,2017-04-25 16:25:32,23.0,11.0,"ACC开,3D定位,天线正常","湖南省常德市鼎城区,距熊家塝 约421米,距白马岗村 约533米",111.61836000000001,29.089857000000002,279.5891167877308,11.0
148,148,,2017-04-25 16:26:04,40.0,11.0,"ACC开,3D定位,天线正常","湖南省常德市鼎城区,距白马岗村 约347米,距熊家塝 约505米",111.61713,29.092154999999998,282.0954083794819,11.0
149,149,,2017-04-25 16:26:36,37.0,11.0,"ACC开,3D定位,天线正常","湖南省常德市鼎城区,距白马岗村 约416米,距徐家湾 约555米",111.61651,29.094897999999997,310.90047602136065,11.0
150,150,,2017-04-25 16:27:07,26.0,12.0,"ACC开,3D定位,天线正常","湖南省常德市鼎城区,距廖家岗 约389米,距湖南昊宇幕墙门窗有限公司 约514米",111.61622,29.097510999999997,291.9158394257086,12.0
151,151,,2017-04-25 16:27:29,37.0,12.0,"ACC开,3D定位,天线正常","湖南省常德市鼎城区,距廖家岗 约253米,距湖南昊宇幕墙门窗有限公司 约348米",111.61603500000001,29.099056,172.73417752430032,12.0
152,152,,2017-04-25 16:27:46,47.0,12.0,"ACC开,3D定位,天线正常","湖南省常德市鼎城区,距湖南昊宇幕墙门窗有限公司 约164米,距廖家岗 约198米",111.61585,29.100903000000002,206.1623736575877,12.0
153,153,,2017-04-25 16:28:18,51.0,12.0,"ACC开,3D定位,天线正常","湖南省常德市鼎城区,距湖南昊宇幕墙门窗有限公司 约284米,距五里岗村 约355米",111.6159,29.104554999999998,406.113500884782,12.0
154,154,,2017-04-25 16:28:50,50.0,12.0,"ACC开,3D定位,天线正常","湖南省常德市鼎城区,距朱家溶 约225米,距五里岗村 约230米",111.61611,29.108521999999997,441.58246173232016,12.0
155,155,,2017-04-25 16:29:22,16.0,12.0,"ACC开,3D定位,天线正常","湖南省常德市鼎城区,距郑家溶 约331米,距常德科技创新创业孵化产业园 约344米",111.61631000000001,29.11103,279.5533154869085,12.0
156,156,,2017-04-25 16:29:54,26.0,13.0,"ACC开,3D定位,天线正常","湖南省常德市鼎城区,距常德科技创新创业孵化产业园 约208米,距湖南粤港模科实业有限公司 约254米",111.61651599999999,29.112251,137.23620561382128,13.0
157,157,,2017-04-25 16:30:26,17.0,13.0,"ACC开,3D定位,天线正常","湖南省常德市鼎城区,距常德科技创新创业孵化产业园 约21米,距湖南粤港模科实业有限公司 约47米",111.61686999999999,29.114113,209.88187634076576,13.0
158,158,,2017-04-25 16:30:58,30.0,13.0,"ACC开,3D定位,天线正常","湖南省常德市鼎城区,距湖南和畅(常德)食品科技有限公司 约198米,距湖南粤港模科实业有限公司 约234米",111.61792,29.116471999999998,281.44363676247804,13.0
159,159,,2017-04-25 16:31:30,36.0,13.0,"ACC开,3D定位,天线正常","湖南省常德市鼎城区,距王家塝 约233米,距兄弟餐馆 约350米",111.6188,29.118593,250.85958000190658,13.0
160,160,,2017-04-25 16:32:02,26.0,13.0,"ACC开,3D定位,天线正常","湖南省常德市鼎城区,距兄弟餐馆 约153米,距王家塝 约404米",111.61953000000001,29.12120800000001,299.29711739202486,13.0
161,161,,2017-04-25 16:32:34,41.0,13.0,"ACC开,3D定位,天线正常","湖南省常德市鼎城区,距兄弟餐馆 约294米,距湖南新湘达门窗有限公司 约524米",111.620056,29.123671999999996,278.70820693843274,13.0
162,162,,2017-04-25 16:33:06,52.0,13.0,"ACC开,3D定位,天线正常","湖南省常德市鼎城区,距湖南新湘达门窗有限公司 约242米,距铁山村 约580米",111.6209,29.127409999999998,423.65511991480776,13.0
163,163,,2017-04-25 16:33:38,46.0,14.0,"ACC开,3D定位,天线正常","湖南省常德市鼎城区G56(杭瑞高速),距陈家冲 约296米,距湖南新湘达门窗有限公司 约443米",111.62173500000002,29.131117,420.10353407722175,14.0
164,164,,2017-04-25 16:34:10,52.0,14.0,"ACC开,3D定位,天线正常","湖南省常德市鼎城区,距陈家冲 约200米,距皇家湾 约215米",111.6228,29.13506,450.4793747084574,14.0
165,165,,2017-04-25 16:34:42,39.0,14.0,"ACC开,3D定位,天线正常","湖南省常德市鼎城区,距皇家湾 约281米,距锥子岗 约547米",111.62398,29.138640000000002,414.2476581695639,14.0
166,166,,2017-04-25 16:35:13,33.0,14.0,"ACC开,3D定位,天线正常","湖南省常德市鼎城区,距小堰 约443米,距新堰 约503米",111.62508000000001,29.141436,328.74474985072413,14.0
167,167,,2017-04-25 16:35:45,29.0,14.0,"ACC开,3D定位,天线正常","湖南省常德市鼎城区,距小堰 约156米,距新堰 约183米",111.62623,29.144245,331.71451761267537,14.0
168,168,,2017-04-25 16:36:17,48.0,15.0,"ACC开,3D定位,天线正常","湖南省常德市鼎城区,距新堰 约147米,距小堰 约225米",111.62730400000001,29.146665999999996,288.70313259510857,15.0
169,169,,2017-04-25 16:36:50,39.0,15.0,"ACC开,3D定位,天线正常","湖南省常德市鼎城区,距大堰 约353米,距古堤桥 约365米",111.62883000000001,29.150465000000004,447.6705676365674,15.0
170,170,,2017-04-25 16:37:22,8.0,15.0,"ACC开,3D定位,天线正常","湖南省常德市鼎城区,距大堰 约453米,距古堤桥 约489米",111.62959,29.15209,195.1836496956024,15.0
171,171,,2017-04-25 16:37:54,10.0,15.0,"ACC开,3D定位,天线正常","湖南省常德市鼎城区,距余家岗 约484米,距大堰 约546米",111.63037,29.153202,145.00489404981158,15.0
172,172,,2017-04-25 16:38:26,14.0,15.0,"ACC开,3D定位,天线正常","湖南省常德市鼎城区,距余家岗 约449米,距大堰 约617米",111.63191,29.153957000000002,171.50028457162938,15.0
173,173,,2017-04-25 16:38:58,37.0,15.0,"ACC开,3D定位,天线正常","湖南省常德市鼎城区,距余家岗 约505米,距常德市鼎城区石板滩卫生院-预防接种门诊 约675米",111.63408000000001,29.155023999999997,241.8287726355417,15.0
174,174,,2017-04-25 16:39:31,15.0,15.0,"ACC开,3D定位,天线正常","湖南省常德市鼎城区,距常德市鼎城区石板滩卫生院-预防接种门诊 约527米,距常德金德山水泥有限公司 约532米",111.63542,29.15608,175.27098054029057,15.0
175,175,,2017-04-25 16:40:35,0.0,15.0,"ACC开,3D定位,天线正常","湖南省常德市鼎城区,距常德金德山水泥有限公司 约360米,距鼎城永欣机械制造公司 约431米",111.63616,29.157969,221.99891734573228,15.0
176,176,,2017-04-25 16:41:07,0.0,15.0,"ACC开,3D定位,天线正常","湖南省常德市鼎城区,距常德金德山水泥有限公司 约360米,距鼎城永欣机械制造公司 约431米",111.63616,29.157969,0.0,15.0
177,177,,2017-04-25 16:41:39,0.0,15.0,"ACC开,3D定位,天线正常","湖南省常德市鼎城区,距常德金德山水泥有限公司 约360米,距鼎城永欣机械制造公司 约431米",111.63616,29.157969,0.0,15.0
178,178,,2017-04-25 16:42:11,9.0,15.0,"ACC开,3D定位,天线正常","湖南省常德市鼎城区,距常德金德山水泥有限公司 约347米,距鼎城永欣机械制造公司 约395米",111.63614,29.1584,47.964414808404115,15.0
179,179,,2017-04-25 16:42:43,0.0,15.0,"ACC开,3D定位,天线正常","湖南省常德市鼎城区,距鼎城永欣机械制造公司 约373米,距常德金德山水泥有限公司 约388米",111.63561000000001,29.159204,103.15594795211479,15.0
180,180,,2017-04-25 16:46:27,13.0,16.0,"ACC开,3D定位,天线正常","湖南省常德市鼎城区G207(锡海线),距石板滩中学 约211米,距鼎城永欣机械制造公司 约210米",111.63937,29.162933000000002,552.4770122287642,16.0
181,181,,2017-04-25 16:46:59,18.0,16.0,"ACC开,3D定位,天线正常","湖南省常德市鼎城区G207(锡海线),距鼎城永欣机械制造公司 约169米,距石板滩中学 约309米",111.63996999999999,29.162215999999997,98.74515785729551,16.0
182,182,,2017-04-25 16:47:31,0.0,16.0,"ACC开,3D定位,天线正常","湖南省常德市鼎城区G207(锡海线),距鼎城永欣机械制造公司 约115米,距常德金德山水泥有限公司 约279米",111.63975,29.161686,62.685613151182146,16.0
183,183,,2017-04-25 16:48:03,0.0,16.0,"ACC开,3D定位,天线正常","湖南省常德市鼎城区G207(锡海线),距鼎城永欣机械制造公司 约195米,距常德金德山水泥有限公司 约334米",111.64043000000001,29.162104,80.74718401302717,16.0
184,184,,2017-04-25 16:50:51,0.0,16.0,"ACC开,3D定位,天线正常","湖南省常德市鼎城区G207(锡海线),距鼎城永欣机械制造公司 约195米,距常德金德山水泥有限公司 约334米",111.64043000000001,29.162104,0.0,16.0
185,185,,2017-04-25 16:51:47,0.0,16.0,"ACC开,3D定位,天线正常","湖南省常德市鼎城区G207(锡海线),距鼎城永欣机械制造公司 约195米,距常德金德山水泥有限公司 约334米",111.64043000000001,29.162104,0.0,16.0
186,186,,2017-04-25 16:52:49,0.0,16.0,"ACC开,3D定位,天线正常","湖南省常德市鼎城区G207(锡海线),距鼎城永欣机械制造公司 约195米,距常德金德山水泥有限公司 约334米",111.64043000000001,29.162104,0.0,16.0
187,187,,2017-04-25 16:53:09,0.0,16.0,"ACC开,3D定位,天线正常","湖南省常德市鼎城区G207(锡海线),距鼎城永欣机械制造公司 约195米,距常德金德山水泥有限公司 约334米",111.64043000000001,29.162104,0.0,16.0
188,188,,2017-04-25 16:53:41,0.0,16.0,"ACC开,3D定位,天线正常","湖南省常德市鼎城区G207(锡海线),距鼎城永欣机械制造公司 约195米,距常德金德山水泥有限公司 约334米",111.64043000000001,29.162104,0.0,16.0
189,189,,2017-04-25 16:54:13,0.0,16.0,"ACC开,3D定位,天线正常","湖南省常德市鼎城区G207(锡海线),距鼎城永欣机械制造公司 约195米,距常德金德山水泥有限公司 约334米",111.64043000000001,29.162104,0.0,16.0
190,190,,2017-04-25 16:54:30,0.0,16.0,"ACC开,3D定位,天线正常","湖南省常德市鼎城区G207(锡海线),距鼎城永欣机械制造公司 约195米,距常德金德山水泥有限公司 约334米",111.64043000000001,29.162104,0.0,16.0
191,191,,2017-04-25 16:55:02,0.0,16.0,"ACC开,3D定位,天线正常","湖南省常德市鼎城区G207(锡海线),距鼎城永欣机械制造公司 约195米,距常德金德山水泥有限公司 约334米",111.64043000000001,29.162104,0.0,16.0
192,192,,2017-04-25 16:55:34,0.0,16.0,"ACC开,3D定位,天线正常","湖南省常德市鼎城区G207(锡海线),距鼎城永欣机械制造公司 约195米,距常德金德山水泥有限公司 约334米",111.64043000000001,29.162104,0.0,16.0
193,193,,2017-04-25 16:56:06,0.0,16.0,"ACC开,3D定位,天线正常","湖南省常德市鼎城区G207(锡海线),距鼎城永欣机械制造公司 约195米,距常德金德山水泥有限公司 约334米",111.64043000000001,29.162104,0.0,16.0
194,194,,2017-04-25 16:56:38,0.0,16.0,"ACC开,3D定位,天线正常","湖南省常德市鼎城区G207(锡海线),距鼎城永欣机械制造公司 约195米,距常德金德山水泥有限公司 约334米",111.64043000000001,29.162104,0.0,16.0
195,195,,2017-04-25 16:57:10,0.0,16.0,"ACC开,3D定位,天线正常","湖南省常德市鼎城区G207(锡海线),距鼎城永欣机械制造公司 约195米,距常德金德山水泥有限公司 约334米",111.64043000000001,29.162104,0.0,16.0
196,196,,2017-04-25 16:57:38,0.0,16.0,"ACC开,3D定位,天线正常","湖南省常德市鼎城区G207(锡海线),距鼎城永欣机械制造公司 约195米,距常德金德山水泥有限公司 约334米",111.64043000000001,29.162104,0.0,16.0
197,197,,2017-04-25 16:58:31,0.0,16.0,"ACC开,3D定位,天线正常","湖南省常德市鼎城区G207(锡海线),距鼎城永欣机械制造公司 约195米,距常德金德山水泥有限公司 约334米",111.64043000000001,29.162104,0.0,16.0
198,198,,2017-04-25 16:59:03,0.0,16.0,"ACC开,3D定位,天线正常","湖南省常德市鼎城区G207(锡海线),距鼎城永欣机械制造公司 约195米,距常德金德山水泥有限公司 约334米",111.64043000000001,29.162104,0.0,16.0
199,199,,2017-04-25 16:59:35,0.0,16.0,"ACC开,3D定位,天线正常","湖南省常德市鼎城区G207(锡海线),距鼎城永欣机械制造公司 约195米,距常德金德山水泥有限公司 约334米",111.64043000000001,29.162104,0.0,16.0
200,200,,2017-04-25 17:03:07,0.0,16.0,"ACC开,3D定位,天线正常","湖南省常德市鼎城区G207(锡海线),距鼎城永欣机械制造公司 约195米,距常德金德山水泥有限公司 约334米",111.64043000000001,29.162104,0.0,16.0
